{"answer": {"N1": {"/r/RelatedTo": ["reply", "questio", "response", "solutio", "question response", "questions", "result", "a", "question reply", "question and", "after", "ask", "after questio", "eratapokriseis", "answerest", "frequently asked questions", "contraremonstrant", "aparithmesis", "answerless", "unriddle", "reanswer", "question", "stonewalling", "responsible", "vwikten 2accountable", "cross purpose", "askwikten 1", "plead fifth", "up in air", "press conference", "unanswerable", "catechism", "expert system", "solutionless", "return", "solution", "box ticking", "pickup", "affirmative", "pick up", "answers", "catechismal", "responsory", "catecheticallyr", "talk back", "worksheet", "foreanswer", "kau cim", "distracter", "vwikten 2responsible", "answered", "meet with", "fill in blank", "dumb insolence", "unanswering", "vorbeireden", "charade", "pin do v", "comeback", "refutation", "casuistry", "workbook", "requisitum", "faq", "scan sheet", "answerin", "telecommunicator", "answerer", "exercise book", "dunnywikten 2", "askable", "misanswer", "pick up phone"], "/r/UsedFor": [], "/r/LocatedAt": [], "/r/FormOf": ["answers", "answering", "answered", "answeredst", "answereth"], "/r/IsA": ["plea law", " communicatioreply communicatio", "refutation communication communicatio", "evasive answer law", " lawpleading law", " actreaction act", " communicatiostatement communicatio", "feedback communication communicatio", "urim and thummim communication communicatio", "nolo contendere criminal law", "rescript communication communicatio"], "/r/PartOf": ["idea"], "/r/HasA": [], "/r/CapableOf": [], "/r/AtLocation": [], "/r/HasProperty": [], "/r/CreatedBy": [], "/r/Synonym": ["v stativesuffice stative", "reply", "resolve cognition cognitio", "reply communication communicatio", "response communication communicatio", "respond communication communicatio", " communicatiosolution communicatio", "response", "vreply", "pick up", "appear"], "/r/LocatedNear": [], "/r/SimilarTo": [], "/r/MadeOf": [], "/r/ReceivesAction": []}, "N2": {"/r/RelatedTo": {"/r/RelatedTo": [["answer", "email", "response", "respond", "back", "questio", "answering", "email response", "emails", "retur", "rsvp", "answer back", "conversatio", "questions", "email answer", "message", "responding", "ply", "nonreplier", "rebuttal", "replicate", "writte", "replyed", "return", "replicant", "vquestio", "vaccusatio", "surrebut", "vspoke", "message board", "replied", "parawise", "internet forum", "nonreplying", "vresponse", "counterreply", "question", "spoke", "bulletin board", "vecho", "backword", "surreply", "antiphon", "replica", "figure", "replicator", "answeringlyr", "slambook", "vanswer", "revert back", "repliest", "replying", "vact", "repone", "counterattack", "vrequest", "vrepeat", "vcriticism", "parawiser", "vgesture", "remurmur", "watchword", "auto reply", "revert", "vwritte", "nonreply", "duply", "rescript", "replier", "talk back", "forward", "talk", "actio", "write back", "write", "answer email", "retort", "communicatio", "mail", "send", "like", "talking", "give answer", "give", "question response", "say back", "say", "email butto", "butto", "return email", "email optio", "optio", "statement", "feedback", "answer questio", "ply agai", "agai", "speech", "answer respond", "depend", "get back", "send back", "answer response", "after", "someone", "remark", "fly", "answering questions", "returned", "put", "together", "put together", "in email", "like answer", "email actio", "re", "respond email", "invitatio", "something ply", "respond back", "after questio", "answering back", "talking back", "questions answer", "email respond", "email retur", "written answer", "response questio", "answer someone", "speak back", "email back", "speak", "phrase", "spoken phrase", "response email", "in emails", "auto", "auto response", "writing", "writing back", "message returned", "shorter respond", "shorter", "re answer", "read email", "read", "play", "like email", "speech act", "act", "for emails", "means", "means answer", "request", "you", "answer invitatio", "return statement", "sent back", "question answer", "sent", "answering someone", "post", "type", "type answer", "answer mail", "responding back", "send email", "in response", "returned email", "email field", "field", "begins rep", "rep", "begins", "response to", "return emails", "in conversatio", "rejoinder", "fly by", "sentence", "calling", "calling back", "responding to", "correspondence", "email forward", "answering questio", "dialog", "direct", "direct answer", "emailing", "emailing back", "after message", "program", "email program", "responding email", "invitation response", "good", "manners", "good manners", "deny", "call", "call and", "forwarding", "longer ply", "longer", "multiple", "ply multiple", "invitations", "emails invitations", "re subject", "subject", "all", "meaning", "email meaning", "reed plied", "reed", "plied", "respond note", "note", "deploy", "continuance", "conversation continuance", "cat", "apply", "like apply", "conversation answer", "sentences", "continuatio", "questions answered", "solutio", "answered", "email line", "return communicatio", "line", "dog"], [], ["answer", "reply", "respond", "cry", "immunopositive", "transponder", "deadtime", "photopositive", "countersing", "thigmomorphogenesis", "hyperresponse", "ergoreflex", "cushing reflex", "suprathreshold", "responsure", "pyroptosis", "hysteresis", "subthreshold", "oracular", "natural killer cell", "counterconditioning", "orientating response", "url", "antiphon", "responsal", "antigenicity", "photoparoxysmal", "conditioned reflex", "taxiswikten 1", "live by sword die", "haptotropism", "infralimbic", "stimulation", "amplicant", "hyperreactive", "semiochemical", "reciprocity", "stimulus", "intertextuality", "chemotaxis", "shutdo ", "geonasty", "antiglycan", "reflex", "baroreception", "priest", "photoresponse", "elicitin", "intraverbal", "pyrin", "antode", "inebriometer", "missal", "kratagonist", "anthem", "alloresponse", "chemoresponse", "photonasty", "armed response", "parish clerk", "provocatio", "responsively", "reaction time", "lectio", "theomancy", "keep someone on ice", "responsibility", "rejoinder", "responsiveness", "mechanotransducer", "chemonasty", "inflammome", "bioreporter", "countergift", "go over", "barotaxis", "quick on draw", "tachyphylaxis", "reaction", "autoresponder", "ad feminam", "book of condolence", "counter password", "chemosensing", "nocifensive", "congregatio", "quantizer", "epinephrine", "biodosimetry", "thermonasty", "butterworth filter", "hydronasty", "responsive", "bioresponse", "systemin", "myocardin", "monoquantal", "magnetoresponsive", "electroantennogram", "responsorial", "seroprevalent", "posthypnotic suggestion", "scurfin", "photosensitivity", "pleiotypic", "luminosity function", "transduction", "multiresponse", "phytometry", "seroresponse", "bathmotropic", "phonoresponse", "take no for answer", "photonastic", "shantyman", "amplitude spectroscopy", "tachykinin", "officiant", "reply girl", "algometry", "fox fordyce disease", "choir", "transmarginal inhibition", "electrodiagnosis", "affective labor", "backtalk", "responsible", "counterfire", "perlocution", "responsion", "versicle", "improperia", "responding", "mechanosensation", "acknowledgment", "paradox of fiction", "responseless", "answerback", "dread fascination", "magnetic flux density", "sympathetic vibration", "sensorgram", "fashion statement", "seismonasty", "intrasubjective", "photonegative", "neuromarketing", "circle gets square", "adrenoreactive", "limen", "vasoresponse", "leave someone on read", "placebome", "ok yah", "litany", "haptonasty", "vocation", "autoresponse", "sensitivity", "question", "in tur", "train of four", "trigger", "disputatio", "jazz", "take", "supersensual", "cathisma", "surresponse", "anergize", "immunospot", "biomodulator", "read receipt", "rhythmogram", "psychological refractory period", "cognitive therapy", "superthreshold", "nosuh", "nonresponse", "responsory", "ttfb", "ninja", "flying squad", "responsorium", "responses", "pharmacoresponse", "open ended", "kinesis", "impetus", "event related potential", "laggy", "overresponse", "quantal", "histrionics", "downregulation", "riposte", "response time", "backchat", "superstimulus", "gravinasty", "irritating", "xenohormesis", "immunoinhibit", "immunonegative", "phlyctenule", "chemokinesis", "proallergic", "hyperpathia", "sensual", "mechanoresponse", "heat shock", "reciprocate", "objectio", "superagonist", "tick box", "roll call", "scaled question", "counter offensive", "osmosensing", "yassuh", "responsio", "radioresponse", "thigmonasty", "probit", "tropism", "tracking poll", "fight or flight", "subliminal", "\u211f", "deadlock", "reactio", "deafening silence", "bueller", "chemoperception", "chemoreception", "horses for courses", "vasorin", "verse", "click through", "retaliation", "laugh", "sneeze", "pai", "call", "bless", "remark", "okay", "smile", "dance", "kind", "denial", "aye", "review", "questio", "sentiment", "fine", "agree", "welcome", "ya ", "smell", "accept"], [], [], ["test", "interview", "answer", "reply", "vquestio", "questio", "interrogation", "ask", "why", "jeopardy", "poll", "explai", "if", "research", "hand", "pass", "trial"], ["outcome", "effect", "answer", "product", "elect", "final", "resultant", "resulteth", "digestion", "resulting", "equifinal", "in vair", "eventwikten 1", "mcscience", "bomb out", "lazy evaluation", "pay penalty", "come to nothing", "resultinglyr", "repeatable", "conducive", "draw", "effectual", "bottom drawer syndrome", "joy", "air hunger", "consequentlyr", "risk assessment", "fruit", "balance", "conclusio", "aftercome", "epiphenomenon", "inadvertence", "scanxiety", "repercussion", "tympanites", "decay", "specify", "jump start", "percept", "open sesame", "resultless", "nonfinding", "applicative", "resultative", "resultful", "chase one's tail", "distribution", "hunt where ducks are", "earnout", "atio", "great", "ensue", "hollywood ending", "best practice", "vproprietor", "unrepeatable", "on fire", "results", "dry lab", "backwash", "desk check", "resultset", "hencer", "effectuallyr", "betterness", "race condition", "ecbatic", "nonresult", "arrival", "vitrification", "church rosser theorem", "unresultant", "issue", "know what one is about", "synergy", "sum total", "showing", "factitive", "resultance", "come of", "approximation", "resultantlyr", "systolic array", "modification", "nomen acti", "busy work", "parade of horribles", "by one's own hand", "vreversio", "pan out", "more than one bargained for", "translation", "go for gold", "termination", "land up", "reorganization", "finding", "morality", "upcome", "come out", "cause", "confection", "come to nought", "law of large numbers", "cinder", "full disclosure", "law of averages", "productive", "decision", "dry labbing", "suicide sunday", "unresulting", "necessary", "too close for comfort", "blowback", "analysis", "pseudohypertrophy", "misfire", "aftershock", "voting system", "expedient", "vresultant", "bottom line", "composition", "awaitable", "score", "end", "ink trap", "conclusion", "vbring about", "vproceed", "atelectrauma", "consortial", "harvest", "vconsequence", "podium", "reverberation", "victimization", "incandescent", "dead rubber", "turn out", "prolific", "go to shit", "crosstable", "upshot", "cut", "eventuate", "fusion", "metasearch engine", "consequent", "testotoxicosis", "double acting", "due to", "lattermath", "a", "chemical fingerprint", "no dice", "precocious pseudopuberty", "bruck ryser chowla theorem", "football pool", "that end", "lindemann weierstrass theorem", "erosion", "endwork", "talk good game", "vlead", "half loaf is better than none", "implementation", "flow on effect", "actuals", "resulted", "tunnel vision", "sweet spot", "make for", "sol\u00e8r's theorem", "behind", "white lie", "dysphasia", "strive", "offcome", "inverse", "resultest", "improbability", "all talk and no cider", "insomuchr", "wind up", "vretur", "relational database", "after", "concretion", "consequence", "punishment", "find", "smoke", "ending", "actio", "final outcome", "fail", "difference", "degree", "stitch", "math", "solutio", "test", "cry", "wound", "because", "crop", "ending outcome", "completio", "salt", "math answer", "lear", "damage", "achieving", "achieving something", "picture", "law", "final product", "happened", "what happened", "what", "art", "regret", "test conclusio", "electio", "election outcome", "writing", "energy", "happening", "action outcome", "after cause", "final happening", "answers", "caused", "final score", "foam", "tests", "after tests", "test score", "pai", "drop", "kill", "action consequence", "good", "trip", "equation output", "output", "equatio", "salt agai", "agai", "report", "laugh", "lose", "disease", "failing", "breeze", "breeze salt", "slip", "wi", "rank", "time", "dark", "resolutio", "stick", "testing", "fire", "mark", "daughter", "experiment conclusio", "mathematical answer", "mathematical", "experiment"], ["s", "apprentice", "grade", "anode", "acre", "accommodatio", "aaccepted", "aalto", "adjutant", "age", "academic", "b", "at", "z", "abbreviatio", "allele", "\u00e6", "alto", "adult", "answer", "aabsolute", "a", "minor", "aanterior", "amateur", "ranno", "aabsent", "alphabet", "article", "artificer", "frequency", "assist", "absorbance", "aatomic", "letter", "aaccidental", "anthracite", "aasia", "atlantic", "oxyge", "ampere", "scale", "plus", "author", "acceleratio", "acronym", "oi", "cycle of fifths", "absorbancy", "april", "i", "aadjusted", "hail", "absolute temperature", "alpha privativum", "axis", "cdae", "ackwikten 1", "year", "ayear", "amphibia", "spectral class", "oboe d amore", "c", "applicatio", "arc", "cndse", "ae", "aamateur", "angstrom", "inferior", "acting", "to", "aaustralia", "stop codon", "csve", "every", "raguileo alphabet", "address", "anaptyxis", "algorithm", "aasymmetric", "aviatio", "ana", "annus", "hertz", "the", "atmosphere", "acreage", "altitude", "atta", "long vowel", "iv", "aannus", "aamerica", "accusative case", "toward", "alphanumeric", "aargent", "act", "b \u266d", "ambassador", "amos", "alpha privative", "iii", "aarctic", "keynote", "frame", "arctic", "ab", "aartery", "aauxiliary", "administratio", "aactive", "er", "attack", "admiral", "automobile", "class", "america", "account", "o", "americanizatio", "aapproved", "superior", "airplane", "one", "aazure", "activity", "also", "august", "rating", "annealing", "letter grade", "blood type", "monoclonal antibody", "vamericanize", "best", "brassiere", "aante", "solfege", "amplitude", "abc", "cen", "atomic weight", "a\u2019s", "cnoe", "\u2801", "major", "aavailable", "aspect ratio", "aviator", "acid", "aqua", "associate", "any", "ata", "ai", "attendance", "after", "diatonic semitone", "academy", "graph", "clbe", "ante", "aautomatic", "vwikten 4have", "search", "shaped", "bisphenol", "aanonymous", "scarlet letter", "ah", "aamphibious", "aasked", "not", "cgswe", "van der waals constant", "argent", "vadmit", "semitone", "area", "aavanc\u00e9", "aarterial", "air branch", "um", "ii"], [], [], ["evening", "eight", "may", "thunder", "post", "summer", "care", "march", "next", "morning", "three", "college", "time", "winter", "encore", "later", "effect", "answer", "before", "five", "forth", "follow", "night", "fourth", "abaft", "imitatio", "or", "asubsequent", "bookbuild", "prescription", "afterwardsr", "post meridiemr", "pursuit", "following", "afterwards", "aster", "alater", "behind", "beyond", "importance", "as soon", "postviable", "\u2801 \u280b", "umbe", "concerning", "subsequent", "postprandial", "according to", "s p", "seeking", "efato", "in spite of", "posteriorlyr", "adjacent", "result", "regrowth", "rank", "sunset clause", "rfollowing", "drop kick", "object", "posthurricane", "afterset", "rlater", "relatio", "aft", "late", "postprandiallyr", "aftercomer", "eft", "asecond", "cen", "postconflict", "post nominal", "allusio", "childmind", "afterdamp", "once", "anext", "hammer out", "aim", "on other side of", "referencing", "gone", "envoy", "afollowing", "rbehind", "fortnightr", "posthistory", "sheet", "by turnsr", "followed by", "afterness", "fall", "desert", "conditio", "ever", "hand", "two", "heave", "nine", "honeymoo", "chicke", "rest", "present", "four", "protect", "future", "profit", "marry", "dead", "double", "degree", "shock", "reply", "second", "stretch", "ash", "sandy", "middle", "before and", "copy", "fit", "fiftee", "divisio", "attack", "please", "paint", "latter", "best", "flash", "bless", "flush", "all done", "done", "laugh", "bill", "dinner", "deal", "of before", "gas", "peace", "luck", "dark", "supper", "hunt", "mind", "burial", "advantage", "salvatio", "bronze", "ago", "brandy", "express", "da ", "steel", "feet", "scar", "exercise", "wreck", "captai", "junior", "butterfly", "by", "roll", "master", "excellent", "but", "finish", "but later", "egg", "experiment", "pity", "one", "along", "sequence", "napki", "drink", "autum", "case", "neck", "desire", "dream", "glory", "press", "time remaining", "canal", "remaining", "adverb", "later time", "swallow", "club", "why", "change", "prepositio", "elect", "hall", "product", "last", "arm", "midnight", "post something", "security"], ["questio", "propose", "request", "answer", "please", "inquire", "query", "unaskable", "do you accept american dollars", "vwikten 1put forward", "ask for", "do not enter", "worm", "hired muscle", "what do i owe pleasure", "embla", "asketh", "offer light", "vwikten 1questio", "ask\u2019d", "enquire", "supplicant", "aks", "call on", "impetrate", "where does this train go", "overquery", "vwikten 1do", "wikten 1first", "one moment please", "tip wink", "wikten 2newt", "speering", "are you married", "asked", "questioning", "do you have any brothers or sisters", "cryptovirus", "do you believe in god", "do you have childre", "unbidden", "demand", "asks", "sue one's livery", "enquire after", "askinglyr", "do you have any pets", "vwikten 1invite", "what does xx mea", "seek", "is anyone sitting here", "are you single", "misasked", "wide open", "unask", "how many siblings do you have", "askee", "inquire after", "asking", "where do you live", "inquire of", "where does this bus go", "appeal", "interview", "summon", "who's calling", "do you accept credit cards", "askin", "put out feelers"], [], ["questio", "answer", "catechism"], ["vanswer"], [], ["oppositio", "answer", "remonstrate", "remonstrant"], ["part", "enumeratio", "propositio", "answer", "particulars"], ["acapable", "unanswerable", "aanswer", "aanswered", "aunanswerable"], ["unriddler", "unriddles", "vanswer", "vperplexing", "unriddling", "vfigure out", "vriddle"], ["vanswer", "vcompensate", "vrepay"], ["answer", "ask", "why", "query", "asking", "how", "sentence", "reply", "mark", "inquiry", "question mark", "propose", "interrogative", "answers", "asked", "before", "before answer", "problem", "punctuatio", "q and", "allocution", "meeting", "quizzicallyr", "judge", "in aid of", "position paper", "million dollar question", "deliberative", "questioning", "proposal", "questionnaire", "heraldry", "questioner", "debrief", "basel problem", "oracle", "unquestioninglyr", "which", "decision problem", "unquestioning", "ship of theseus", "quaere", "uptalk", "dumb insolence", "clumps", "point of inquiry", "quizzer", "wh question", "contest", "for", "vorbeireden", "carritches", "enquiry", "interpellate", "slambook", "word", "unarguablyr", "press availability", "unquestionablyr", "catechetics", "torture", "controvertible", "issue", "interrogatio", "kau cim", "yes no question", "consideratio", "brag sheet", "admiralty", "inverted question mark", "responsa", "problematology", "at issue", "quoran", "eratapokriseis", "question word", "topi", "cross purpose", "conundrum", "interrogativelyr", "eroteticallyr", "indisputable", "questions", "asks", "midquestion", "dependent", "irresponsible", "quizbook", "box ticking", "muss be", "probe", "catechismal", "faq", "questionee", "interrogate", "erotesis", "requestion", "venquire", "rescript", "adjudication", "press conference", "querist", "feel out", "blindlyr", "incontrovertible", "quizzing", "catecheticallyr", "undisputed", "ten year series", "dorothy dixer", "deliberatio", "vdoubt", "subquestion", "queryinglyr", "inquisitee", "interrogatory", "fill in blank", "distracter", "good questio", "overquery", "raise one's hand", "topic", "questionable", "practicum", "varimax", "hypophora", "catechize", "challenge", "poser"], ["answer", "cooperate", "refusal"], ["a trustworthy ", "trustworthy a ", "obligated a ", "a prudent ", "a obligated ", "prudent a ", "response", "responsibility", "doli incapax", "atrustworthy", "active ingredient", "answer to", "semipresidential", "aliable", "sufficient", "aresponsibleness", "aclaim", "aresponsibility", "apolitically", "hand in", "aact", "guilty", "apersonal", "airresponsible", "alegally", "liable", "come to one's senses", "acause", "unaccountable", "answer for", "have blood on one's hands", "eco responsible", "aresponsibly", "areasonably", "acredit", "aprimary", "aobligatio", "headteacher", "under fire", "responsibleness", "on hook", "wanton kittens make sober cats", "capitoulate", "aanswer", "aamenable", "respond", "irresponsible", "arational", "junk food news", "behind", "aconduct", "unadopted road", "treasury", "account to", "responsibilize", "arespond", "aagent", "alienation of affections", "bylaw officer", "man of straw", "pyrenoid", "areliable", "guardian", "mastermind", "parliamentary", "aconsequence", "aaccountability", "superspreader", "frankfurt case", "responsiblyr", "atrusted", "at fault", "answerable", "perpetrate", "cryptocustodian", "aanswerable", "sector", "aaccountable", "invincible ignorance", "aresponse", "nonculprit", "payroll", "offending", "deresponsibilize", "nonresponsible", "testosterone", "head of household", "tanky", "promote", "blame", "duty", "treasurer"], [], [], [], [], [], [], ["invulnerable", "unanswerableness", "arebut", "airrefutable", "adispute", "aanswerless", "paradox", "aanswer", "answerless", "aconclusive", "aanswerable", "aunanswerability", "aunanswerably", "unanswerability", "aunanswerableness", "unanswerablyr"], ["catechize", "catechesis", "catechist", "christianity", "carritch", "summarizing", "principle", "catechizing", "catechising", "basic", "answer", "eratapokriseis", "book", "catechetic", "manual", "catechistic", "questio", "knowledge", "catechetics", "catechume", "catechisms", "catechistical", "catechismal"], [], ["asolutio", "aanswer"], ["back", "come", "come back", "reply", "give", "coming", "coming back", "give back", "key", "shopgrift", "vfield", "escheat", "remeant", "quid pro quo", "vreply", "return to form", "be right back", "vtake back", "value premium", "returneth", "bring in", "throw", "replevy", "ring back", "lazarus syndrome", "wicket keeper", "derequisition", "velect", "react", "second coming", "vcard", "revert", "vlead", "returned", "returnable", "come on home", "day trip", "nonreturned", "redient", "and fro", "regress", "abjuration of realm", "regression", "net sales", "call back", "safe navigation operator", "returnee", "rebate", "vthrow", "return day", "returns", "nostophobia", "retrogress", "moneyback", "abandoned property", "revenant", "revenue", "recentralisation", "remobilization", "mutuary", "recurrence", "retrogression", "vthought", "sukuk", "vvendor", "returnest", "extensio", "vcall", "reneutralize", "revertive", "tax retur", "bonanza", "vwicket keeper", "postea", "take back", "vback", "wait up", "unreturninglyr", "arbitrage pricing model", "slip back", "regressive", "character", "suicide", "recidivate", "re restitution", "renewalism", "reaccess", "renderwikten 1", "vnarratio", "wicket", "full circler", "link doping", "result", "irreturnable", "reverse brain drain", "return value", "retour sans prot\u00eat", "redeliver", "fielder", "vargument"], ["answer", "problem", "fix", "acetocarmine", "water for injection", "solved", "vicious circle", "hydrolaparoscopy", "fowler's solution", "there's more than one way to skin cat", "chelation", "phase separation", "aha moment", "chlorine water", "nonelectrolyte", "formalin", "raffinate", "cytosol", "congo red", "amidapsone", "spirit of mindererus", "harmonic function", "labarraque's liquor", "deacon's process", "salufer", "hydrobromic acid", "sampling straw", "technical debt", "chromate", "pickling", "fudge issue", "undersaturation", "precipitant", "deus ex machina", "solid", "polytrope", "negative bath", "work like charm", "puzzle out", "fluoboric acid", "ferrite", "cyacetacide", "tellurhydric acid", "titre", "airy function", "molarity", "nile red", "crystalloid", "barrel process", "quick fix", "liquid oxygen", "backtracking", "ticket", "hydrotimetry", "cryoprecipitation", "nephelometry", "uroxanic", "liquid", "desolvate", "glukodine", "dilute", "spinoidal", "normal", "haemoglobinometer", "crystallization", "carbonic acid", "banana solution", "isohydric", "ringer's lactate solution", "payne's process", "ion selective electrode", "oscillaton", "quick vinegar", "service", "stormglass", "solute", "molal concentration", "electrolysis", "resolve", "atiyah singer index theorem", "acid base equilibrium", "nitrous acid", "globulimeter", "carbowax", "picard lindel\u00f6f theorem", "overdetermined", "chloric acid", "goulard's extract", "multicover", "rotopulsator", "reinventing wheel", "sparkling", "business analyst", "pickling lime", "haemochromometer", "molal", "ionic product", "band aid", "fraxin", "glycerolyte", "suite", "reverse osmosis", "hydroponics", "labarraque's solution", "hypergeometric function", "aluminium hydride", "filter", "approximation algorithm", "supersaturation", "civic hacker", "welsbach burner", "liberate", "in bind", "dichromate", "polythermal", "titration", "quick", "nesslerize", "displacer", "chernobylite", "acidity function", "monsel's solution", "tiliquinol", "superfusate", "caustic ammonia", "btz black hole", "platinum black", "mayer's reagent", "lacquer", "product", "black drop", "no brainer", "desolvation", "cyanide process", "milk of magnesia", "fudge", "phoneidoscope", "cosphere", "tree", "bubble wand", "hammett acidity function", "solve", "wheeler feynman absorber theory", "dormand prince method", "crystallizer", "nut out", "nonsolution", "strong", "multisolution", "normality", "frey curve", "exsolution", "debye h\u00fcckel theory", "ostwald ripening", "lorenz attractor", "work out", "god's algorithm", "powellize", "solvent extraction", "saturation", "molar concentration", "cuban prime", "technofix", "subsolution", "dobell's solution", "hypochlorous acid", "formula", "silver bullet", "cryobuffer", "sulfurous acid", "olation", "sedimentary rock", "plan c", "tonicity", "centinormal", "aqueous phase", "fuming sulfuric acid", "aqua ammonia", "disease", "phenicine", "levofuraltadone", "help vampire", "plan b", "magistery", "electrowinning", "krebs henseleit solution", "lac lake", "osmotic pressure", "iodophor", "solutional", "complementary function", "homogeneous", "dissolutio", "enodation", "molality", "resolvent", "limewater", "erythrozyme", "magic wand", "hydrocyanic acid", "cryohydric", "acrostic", "chloralum", "proquinolate", "fractional crystallization", "superposition principle", "iron liquor", "stovain", "solvent", "petiotization", "salting out", "cazo process", "sonication", "quicksilver water", "water", "multimolar", "briggs rauscher reaction", "cedac", "approximation", "resolution", "case based reasoning", "worst of both worlds", "hypogene", "lactophenol", "cation", "hillclimbing", "polynomial function", "freeze distillation", "saturn's tree", "hackaround", "decanormal", "cobra effect", "osmification", "chrome", "turgor", "nixtamalization", "well posed", "red liquor", "veristic", "porism", "effervesce", "azamulin", "glass electrode", "interstitial fluid", "supersolution", "chromophane", "dissolve", "polychrome", "dithionic acid", "emulsoid", "electropoion", "ozogen", "consultative selling", "gas", "lixivium", "masterminding", "cross process", "melzer's reagent", "osmobiosis", "infodemic", "paint oneself into corner", "hydroalcoholic", "blue bottle experiment", "dystonic", "stickwater", "british gum", "osmolarity", "aqua vitae", "becchi's test", "hydrotrope", "brunswick black", "steely eyed missile man", "solutionless", "clerici solution", "thiosulfuric acid", "scavenger", "prebake", "brazilian blowout", "cryosolution", "supersaturate", "runge kutta method", "monte carlo method", "dissolution", "reinvent wheel", "solutionize", "koan", "crenation", "dornase alfa", "pragmatism", "tollens reagent", "cosolute", "liqueur", "collodion", "solvate", "glass water", "molarize", "van stockum dust", "sulfhydric acid", "hydriodic acid", "solutionallyr", "dilution", "bach flower remedy", "evapoconcentration", "digestion", "equalizer", "crisis", "chromic acid", "simultaneous equations", "prolotherapy", "way out", "markov number", "bessel function", "nobili's rings", "cleaning fluid", "rokusho", "acid base indicator", "dna ladder", "friar's balsam", "aluminon", "daniell cell", "extremal", "roching cask", "peroxide", "electrolyte", "hyposulfurous acid", "freund's adjuvant", "buffer", "hydrofluoric acid", "weak", "work wonders", "dromion", "specific rotation", "lactoglycerol", "solutions", "electrophoresis", "boucherize", "wick rotation", "subproblem", "burnettize", "osmolality", "decipher", "deliquesence", "instanton", "spherical harmonics", "electrovacuum", "immunosupernatant", "evaporator", "immunosurgery", "venturi injector", "ion exchange", "chlorous acid", "mycomelic acid", "decinormal", "mother liquor", "cream of lime", "softwarization", "argentamine", "rusma", "alcohothermal", "stochastic differential equation", "coion", "eluate", "solutionism", "wine of opium", "lithodialysis", "vinegar", "salination", "perturbation theory", "solvothermal", "aurintricarboxylic acid", "bible", "salinity", "salimeter", "macgyverism", "open and shut case", "deliquescent", "software engineer", "effervescence", "underdetermined", "conformastatic", "phacoemulsification", "dichromic acid", "counterion", "embalming fluid", "virtuous circle", "ph meter", "phenol phthalein", "carlyle circle", "ampoule", "osmoticant", "graduator", "optimization problem", "graham's number", "bioelimination", "parkes process", "conciliation", "cerebrospinal fluid", "puzzle", "result", "remedy", "air", "problem solved", "math answer", "math", "chemical", "composite", "liquid composite", "issue", "reply"], [], ["pickup artist", "rhodes piano", "footage", "gai", "answer", "electric piano", "ball", "fifth wheel", "semiacoustic", "shot", "power up", "humbucker", "acoustic electric", "component", "pickup truck", "tone arm", "electric harp", "pick up line", "record player", "pick up joint", "pickups", "field", "augment", "telephone", "spring reverb", "tonearm", "number close", "curb service", "ground", "electromagnetic", "minor", "monster truck", "hit", "lift", "sound"], ["favorable a ", "a positive ", "positive a ", "a favorable ", "aye", "apropositio", "true", "sure thing", "ok yah", "aagreement", "aaffirm", "yeah right", "yes", "answer", "affirmatives", "correct", "polarity", "anegative", "apositive", "yassuh", "agreement", "aassertio", "muss be", "circle gets square", "aterm", "certainlyr", "yea", "enantiosis", "will do", "predicatory", "complementary antonym", "complementarity", "affirmative sentence", "affirmativeness", "adogmatic", "affirm", "affirmatory", "aconfirmatio", "ive", "aff", "negative pregnant", "acceptance", "atruth", "indeed", "nod"], [], ["questio", "test", "answer", "procatalepsis", "item", "cheat", "jeopardy", "ask", "because", "result", "interview"], ["aquestio", "acatechical", "aanswer", "acatechism"], ["chant", "congregation", "responsories", "church", "aanswer", "response", "anthem"], [], [], ["record", "computerized", "answer", "job aid", "worksheets", "handout", "colum"], ["vbeforehand", "vin advance", "vanswer"], [], ["multiple choice", "incorrect", "distractio", "answer", "questio", "distract"], [], ["vanswer", "unanswered", "answerless", "solved", "questio", "reply"], [], [], [], ["aunresponsive", "aanswer"], ["answer", "questio", "patient", "ganser syndrome", "understanding"], ["clue", "absurdly", "charades", "pretense", "single", "play along", "whole", "originally", "riddle", "form", "final", "now", "syllable", "round", "act", "deceptio", "vpretend", "general", "game", "answer", "genre", "descriptio", "earlier", "vgesture", "act out", "use", "pu", "sham", "obvious"], [], ["success", "comebacks", "popularity", "but who's counting", "obscurity", "afterwit", "counterspeech", "zing", "answer", "retort", "retur", "quip", "overturn"], ["refutal", "attack", "refute", "opinio", "confutation", "theory", "polemics", "unanswerablyr", "evidence", "elench", "falseness", "irrefutablyr", "disproof", "refutations", "assertio", "countervail", "answer", "refutational", "doctrine", "disprove", "argument", "testimony", "vocal", "refutationallyr"], ["illustrate", "casuistics", "casuistic", "specious", "rules", "process", "cases", "casuist", "practical", "casuistically", "casuisticallyr", "subtility", "casuistical", "answer", "argument", "common law", "interpretatio"], ["spreadsheet", "working", "business", "exercise", "questio", "workbooks", "file", "record", "answer", "worktext", "student", "collectio", "book"], ["problem", "answer"], ["faqs", "rtfm", "questio", "answer", "list", "frequently asked questions", "asked"], [], ["vanswer"], ["answer", "emergency services", "telephone call"], ["answer", "respond", "answerers"], [], [], ["aconsult", "aanswer", "astate", "askability"], ["wrong", "vbadly", "vabusively", "vanswer", "vwrongly", "incorrect", "vscornfully", "bad", "vincorrectly", "answer"], []], "/r/UsedFor": [[], [], ["detector artifact attribute"], [], [], [], ["investing money or energy"], ["beanbag"], [], [], [], [], [], [], [], [], [], [], [], [], [], [], [], [], [], [], [], [], [], [], [], [], [], [], [], ["solving problem"], [], ["driveway", "line"], [], [], ["book", "teacher", "finding informatio"], [], [], [], [], [], [], [], [], [], [], [], [], [], [], [], [], [], [], [], [], [], [], [], [], [], [], [], [], [], [], [], []], "/r/LocatedAt": [[], [], [], [], [], [], [], [], [], [], [], [], [], [], [], [], [], [], [], [], [], [], [], [], [], [], [], [], [], [], [], [], [], [], [], [], [], [], [], [], [], [], [], [], [], [], [], [], [], [], [], [], [], [], [], [], [], [], [], [], [], [], [], [], [], [], [], [], [], [], [], [], []], "/r/FormOf": [["replies", "replied", "replyed", "replying", "replieth", "repliest"], [], ["responses"], [], [], ["question", "questio", "vquestio"], ["resulteth", "results", "resulting", "resulted"], ["s", "a", "a's", "ae", "um", "es", "o", "ve"], [], [], [], ["askt", "askard", "asks", "askest", "asked", "ast", "asking", "ascar", "askedst", "askerd", "asketh"], [], [], ["vanswer"], [], ["contraremonstrants"], [], [], ["unriddling", "unriddles", "unriddled"], ["reanswered", "reanswers", "reanswering"], ["questions", "questioning", "questioned", "questioneth", "questionest"], ["stonewallings", "vstonewall"], ["responsibles", "responsable"], [], [], [], [], [], [], ["unanswerables"], ["catechisms", "catachism"], [], [], ["return'd", "returnest", "returned", "returning", "returneth"], ["solutions"], [], ["pickups", "pick up"], ["affirmatives"], [], ["answer", "vanswer"], [], ["responsories"], [], [], ["worksheets"], ["foreanswered", "foreanswering", "fore answer", "foreanswers"], [], ["distractor", "distracters"], [], ["vanswer"], [], [], [], [], [], ["charades"], [], ["comebacks"], ["refutations"], ["casuistries"], ["workbooks"], [], ["faqs"], [], ["answering"], ["telecommunicators"], ["answerers"], [], [], [], [], []], "/r/IsA": [["non sequitur communication communicatio", "answer communication communicatio", " communicatiospeech act communicatio", "echo communication communicatio", "counterblast communication communicatio", "rejoinder communication communicatio"], [], ["reaction phenomenon phenomeno", " attributemanner attribute", " communicatiophrase communicatio", " phenomenoconsequence phenomeno"], [], [], ["true or false questions"], ["sequel event", "separation event", "decision boxing event", "product", "decision event", "consequence event", "worst event", "denouement event", " eventending event", "deal event", "taking responsibility for one's actions"], [" communicatioletter communicatio", "set containing one element", " bodyblood group body", "or"], [], [], [], ["salamander"], [], [], [], [], [], [], [], [], [], ["problem communication communicatio", "cross question communication communicatio", "yes no question communication communicatio", " communicatiosubject communicatio", " communicatioquestioning communicatio", "question of fact communication communicatio", "leading question communication communicatio", "question of law communicatio", " communicatiomarriage proposal communicatio", " communicatiosentence communicatio", "riddle", "qualitative multiple choice question", "query", "physics problem"], [" actstall act"], [], [], [], [], [], [], [], [], [" communicatiobook communicatio", " politicsinterrogation communicatio"], [], [], [" eventturning event", " actmotion act", "volley act", "economic rent possession possessio", "repatriation act", "retaliation act", "passing shot act", "get act", "half volley act", "backhand act", "ground stroke act", "reentry act", "drive squash act", "payback possession possessio", "requital act", "forehand badminton act", " actgroup action act", " american footballrun football", "drop shot act", " actarrival act", "remand act", " acttennis stroke act", "overhead act", "tit for tat act", "reciprocation act", " possessioincome possessio", "lob act", "chop act", "carriage retur"], ["toner substance", "bleach liquor substance", "fehling's solution substance", " cognitiomethod cognitio", "conjugate solution substance", "gargle substance", "eluate substance", "chlorine water substance", "liquid bleach substance", "silver bullet cognition cognitio", "sap substance", "buffer solution substance", "isotonic solution substance", "solid solution substance", "electrolyte substance", "gram's solution substance", "infusion substance", "collodion substance", " substancemixture chemistry", " groupset mathematics", "formalin substance", "aqueous solution substance", "injection substance", " communicatiostatement communicatio", "dilution substance", "denouement communication communicatio", " actsuccess act", "spirits of ammonia substance", "brine food substance", "fluid substance", "bankruptcy", "mixture", "eye drop", "nebulization solution", "tincture", "artists watercolor paint solution", "liquid also", "salt water", "ammonia", "aqueous solution", "liquid solution"], [], [" artifactcorrective artifact", "technical artifact", " artifacttruck artifact", " attributeacceleration attribute", "garbage collection act", " persoacquaintance perso", " communicatiobench warrant law", " actacquiring act", " actcollection act", "one type of truck"], ["double negative communication communicatio", "yes communication communicatio", "yea communication communicatio", " communicatioavowal communicatio"], [], [], [], [], [], [], [" communicatiosheet communicatio", " communicatiowritten record communicatio", "sheet"], [], [], [], [], [], [], [], [], [], [], [" communicatioword communicatio", "governments"], [], [" actreappearance act"], ["rebuttal communication communicatio", "confutation communication communicatio", " communicatioanswer communicatio"], ["probabilism cognition cognitio", " cognitioethics cognitio", " cognitioargumentation cognitio"], [" communicatiobook communicatio"], [], [" communicatiolist communicatio", "listopencyclist informatio"], [], [], [], [], [], [], [], [], []], "/r/PartOf": [[], [], [], [], [], [], [], ["alphabet"], [], [], [], [], [], [], [], [], [], [], [], [], [], [], [], [], [], [], [], [], [], [], [], [], [], [], [" acttennis act"], [], [], [" acttransportation act", "guitar"], [], [], [], [], [], [], [], [], [], [], [], [], [], [], [], [], [], [], [" communicatiocharades act"], [], [], [], [], [], [], [], [], [], [], [], [], [], [], [], []], "/r/HasA": [[], [], [], [], [], [], [], [], [], [], ["mowed lawn trim trees"], [], [], [], [], [], [], [], [], [], [], [], [], [], [], [], [], [], [], [], [], [], [], [], [], [], [], [], [], [], ["not all questions"], [], [], [], [], [], [], [], [], [], [], [], [], [], [], [], [], [], [], [], [], [], [], [], [], [], [], [], [], [], [], [], []], "/r/CapableOf": [[], [], [], [], [], ["surprise"], ["require effort"], ["container", "form of vessle", "can store food", "mammal", "can return five cents", "can begin to leak"], [], [], [], [], [], [], [], [], [], [], [], [], [], [], [], [], [], [], [], [], [], [], [], [], [], [], [], [], [], [], [], [], [], [], [], [], [], [], [], [], [], [], [], [], [], [], [], [], [], [], [], [], [], [], [], [], [], [], [], [], [], [], [], [], []], "/r/AtLocation": [[], [], [], [], [], [], [], ["horse", "dry storage", "neighborhood map", "foreroom", "hotel", "glass", "potato", "lemur", "sloth", "resturant", "roof", "flute", "water spout", "toll highway", "hair clip", "mouse", "wiener dog", "fox", "fork"], [], [], [], [], [], [], [], [], [], [], [], [], [], ["quandry"], [], [], [], [], [], [], [], [], [], [], [], [], [], [], [], ["rifle"], [], [], [], [], [], [], [], [], [], [], [], [], [], [], [], [], [], [], [], [], [], [], [], [], [], [], [], [], [], [], [], [], [], [], []], "/r/HasProperty": [[], [], [], [], [], [], [], ["country", "loophole", "transit card", "caju", "statement", "fist letter of alphabet", "luggage", "industry", "playoff"], [], [], [], [], [], [], [], [], [], [], [], [], [], [], [], [], [], [], [], [], [], [], [], [], [], [], [], [], [], [], [], [], [], [], [], [], [], [], [], [], [], [], [], [], [], [], [], [], [], [], [], [], [], [], [], [], [], [], [], [], [], [], [], [], []], "/r/CreatedBy": [[], [], [], [], [], [], [], [], [], [], [], [], [], [], [], [], [], [], [], [], [], [], [], [], [], [], [], [], [], [], [], [], [], [], [], [], [], [], [], [], [], [], [], [], [], [], [], [], [], [], [], [], [], [], [], [], [], [], [], [], [], [], [], [], [], [], [], [], [], [], [], [], []], "/r/Synonym": [["vanswer", "response communication communicatio", "answer", " communicatioanswer communicatio", "v communicatioanswer communicatio", "vrespond", "response", "get back to"], [], [" communicatioanswer communicatio", " communicatioreply communicatio", " actreaction act", " communicatioreception communicatio", "reactio", "reaction", "reply", "answer"], [], [], [], ["termination event", " communicatiosolution communicatio", "v stativeleave stative", "outcome event", "resultant event", "final result event", " phenomenoconsequence phenomeno", "ensue stative", " communicatioresultant role communicatio", "harvest", "vfollow", "arise", "solution", "outcome"], [" quantityampere quantity", " substancevitamin substance", "type body", "group body", " quantityangstrom quantity", " substancedeoxyadenosine monophosphate substance", " biochemistryadenine biochemistry", "a", "au", "la di\u00e8se", "csve", "euse", "she", "australian dollar", "o", "\u00e5", "ess", "ette", "rix", "aud", "cnoe", "plus"], [], [], ["r subsequentlyr ", "rensuing", "rsubsequently", "raft", "rlater", "rsince", "rsucceeding", "rhind", "rthe", "rconsecutive", "rfollowing", "rnext", "according to", "rafterwards", "rrearmost", "following", "because of", "rthereafter", "behind", "about", "rsuccessive", "rbehind", "rsubsequent", "rrear", "rtail"], ["inquire communication communicatio", "enquire communication communicatio", "require communication communicatio", "expect communication communicatio", "v stativenecessitate stative", "v socialask out social", "invite", "request", "water salamander", "query", "tall order", "newt"], [], [], [], [], [], [], ["unanswerable"], [], [], ["v communicatiointerview communicatio", "v communicatiointerrogate communicatio", "oppugn communication communicatio", "query communication communicatio", "inquiry communication communicatio", "inquiry", "enquiry communication communicatio", "v communicatiowonder communicatio", " communicatiomotion communicatio", "interrogation communication communicatio", "interrogative sentence communication communicatio", " attributedoubt attribute", "interrogative communication communicatio", "head communication communicatio", "call into question communication communicatio", "contradict", "vinterrogate", "issue", "query", "", "doubt", "vdoubt", "topic", "vfrai", "subject"], [], ["a creditworthy ", "a responsible for ", "trusty", "dependable", "corresponding", "trustworthy", "answerable", "proper"], [], [], [], [], [], [], ["aindisputable", "aanswerless"], [""], [], [], [" communicatiotax return communicatio", "take possession possessio", " actreappearance act", "yield possession possessio", "v communicatiorender communicatio", "v changerevert change", "bring back motion motio", "getting even act", "v communicatiohark back communicatio", "v creatiorender creatio", "homecoming act", " artifactreturn key artifact", "take back motion motio", " actrestoration act", "v possessiofall possessio", "proceeds possession possessio", "v socialreelect social", "payoff possession possessio", "coming back event", "v possessiorender possessio", "paying back act", " communicatiorejoinder communicatio", "v communicatioretort communicatio", " eventrecurrence event", "issue possession possessio", "v changecome back change", "takings possession possessio", "v possessiorefund possessio", "counterblow", "gaincoming", "go back", "round trip"], ["answer communication communicatio", "resolution communication communicatio", "root group", "solvent communication communicatio", "result communication communicatio", "result"], [], [" artifacttone arm artifact", "pick me up artifact", "getaway attribute", " artifactcartridge artifact", "pickup truck artifact", "pickup truck", "phono cartridge"], ["optimistic a ", "affirmatory a ", "a approbative ", "yesr", "yes", "does bear shit in woods"], [], [], [], [], [], [], [], [], [], [], [], [], [], [], [], [], [], [" actmasquerade act", "farce", "acted charade"], [], [" communicatiorejoinder communicatio", "retort", "rejoinder"], ["defense communication communicatio", " cognitiodisproof cognitio", " actfalsification act", "defence communication communicatio", "disproof", "rebuttal"], ["casuistics", "excuse"], [], [], [], [], [], [], [" persorespondent perso", "responder", "respondent"], [], [], ["interrogable", "ainterrogable"], [], []], "/r/LocatedNear": [[], [], [], [], [], [], [], [], [], [], [], [], [], [], [], [], [], [], [], [], [], [], [], [], [], [], [], [], [], [], [], [], [], [], [], [], [], [], [], [], [], [], [], [], [], [], [], [], [], [], [], [], [], [], [], [], [], [], [], [], [], [], [], [], [], [], [], [], [], [], [], [], []], "/r/SimilarTo": [[], [], [], [], [], [], [], ["one", "adp"], [], [], ["aft a ", "a aft "], [], [], [], [], [], [], [], [], [], [], [], [], ["a answerable ", "liable a ", "answerable a ", "a trustworthy ", "accountable a ", "a liable ", "trustworthy a ", "a amenable ", "a accountable ", "amenable a "], [], [], [], [], [], [], ["incontestable a ", "a incontestable "], [], [], [], [], [], [], [], ["a positive ", "positive a ", "assentient a ", "a assentient "], [], [], [], [], [], [], [], [], [], [], [], [], [], [], [], [], [], [], [], [], [], [], [], [], [], [], [], [], [], [], [], [], [], []], "/r/MadeOf": [[], [], [], [], [], [], [], [], [], [], [], [], [], [], [], [], [], [], [], [], [], [], [], [], [], [], [], [], [], [], [], [], [], [], [], [], [], [], [], [], [], [], [], [], [], [], [], [], [], [], [], [], [], [], [], [], [], [], [], [], [], [], [], [], [], [], [], [], [], [], [], [], []], "/r/ReceivesAction": [[], [], [], [], [], [], [], [], [], [], [], [], [], [], [], [], [], [], [], [], [], [], [], [], [], [], [], [], [], [], [], [], [], [], [], [], [], [], [], [], [], [], [], [], [], [], [], [], [], [], [], [], [], [], [], [], [], [], [], [], [], [], [], [], [], [], [], [], [], [], [], [], []]}, "/r/UsedFor": {}, "/r/LocatedAt": {}, "/r/FormOf": {"/r/RelatedTo": [["questio", "test", "answer", "procatalepsis", "item", "cheat", "jeopardy", "ask", "because", "result", "interview"], ["reply", "answerlesslyr", "responsive", "antistrophe", "vanswer", "chew cud", "prove", "explai", "research", "because", "questio"], ["vanswer", "unanswered", "answerless", "solved", "questio", "reply"], [], []], "/r/UsedFor": [["book", "teacher", "finding informatio"], [], [], [], []], "/r/LocatedAt": [[], [], [], [], []], "/r/FormOf": [["answer", "vanswer"], ["answerings", "vanswer", "answerin"], ["vanswer"], ["vanswer"], ["vanswer"]], "/r/IsA": [[], ["pleading", "responding to question", "informing"], [], [], []], "/r/PartOf": [[], [], [], [], []], "/r/HasA": [["not all questions"], [], [], [], []], "/r/CapableOf": [[], [], [], [], []], "/r/AtLocation": [[], [], [], [], []], "/r/HasProperty": [[], [], [], [], []], "/r/CreatedBy": [[], [], [], [], []], "/r/Synonym": [[], ["respondent a "], [], [], []], "/r/LocatedNear": [[], [], [], [], []], "/r/SimilarTo": [[], ["responsive a ", "a responsive "], [], [], []], "/r/MadeOf": [[], [], [], [], []], "/r/ReceivesAction": [[], [], [], [], []]}, "/r/IsA": {"/r/RelatedTo": [[], [], [], [], [], [], [], [], [], [], []], "/r/UsedFor": [[], [], [], [], [], [], [], [], [], [], []], "/r/LocatedAt": [[], [], [], [], [], [], [], [], [], [], []], "/r/FormOf": [[], [], [], [], [], [], [], [], [], [], []], "/r/IsA": [[], [], [], [], [], [], [], [], [], [], []], "/r/PartOf": [[], [], [], [], [], [], [], [], [], [], []], "/r/HasA": [[], [], [], [], [], [], [], [], [], [], []], "/r/CapableOf": [[], [], [], [], [], [], [], [], [], [], []], "/r/AtLocation": [[], [], [], [], [], [], [], [], [], [], []], "/r/HasProperty": [[], [], [], [], [], [], [], [], [], [], []], "/r/CreatedBy": [[], [], [], [], [], [], [], [], [], [], []], "/r/Synonym": [[], [], [], [], [], [], [], [], [], [], []], "/r/LocatedNear": [[], [], [], [], [], [], [], [], [], [], []], "/r/SimilarTo": [[], [], [], [], [], [], [], [], [], [], []], "/r/MadeOf": [[], [], [], [], [], [], [], [], [], [], []], "/r/ReceivesAction": [[], [], [], [], [], [], [], [], [], [], []]}, "/r/PartOf": {"/r/RelatedTo": [["thought", "theory", "bulb", "light", "light bulb", "concept", "opinio", "pla", "brainstorm", "notio", "good", "new", "canadiana", "telementation", "hunch", "ideator", "second guess", "whimsy", "cross purpose", "picture message", "loony left", "id\u00e9e m\u00e8re", "ideophonetics", "broad church", "reflect upon", "ideal", "straw man", "notionless", "id\u00e9e fixe", "take leaf out of someone's book", "world picture", "cartesian doubt", "id\u00e9e re\u00e7ue", "cosmopolitanism", "subject", "anticlimax", "ideality", "vukovian", "ideation", "intentio", "undersell", "idealism", "abstract noun", "sequacious", "hypercorrect", "introjection", "angel's advocate", "doxogenic", "meme", "abstract idea", "thought leader", "shove something down someone's throat", "ideate", "pmi chart", "singleminded", "legisign", "concretization", "idealize", "ideational", "whatnot", "digestion", "misconception", "go back to drawing board", "brainstorming", "brainwriting", "bird of one's own brain", "maverick", "plot bunny", "brains trust", "interpolation", "parturient", "intent", "dyslogia", "monomaniacal", "sunlight is best disinfectant", "fanciless", "nonidea", "apprehension", "notion", "pragmatism", "garrisonianism", "communal", "image", "ideas", "avatar", "recept", "impenetralia", "musical", "leitmotif", "idea hamster", "takeaway", "agon", "ideologue", "map", "plagiarism", "intellection", "columbian exchange", "iconomatic", "entertainability", "wrong end of stick", "throw cold water on", "voegelinian", "earthly", "trade secret", "vocalization", "frankenstein", "menschanschauung", "dissect", "build castles in air", "innovative", "essence", "firehosing", "nudge theory", "intolerant", "zuihitsu", "dactylology", "misken", "monomania", "pictograph", "duel", "gestate", "speak someone's language", "idealist", "ideahood", "flight of fancy", "theme", "approximatio", "high concept", "memocide", "first thing", "substantive", "one track", "woo monger", "subscribe", "castle in air", "sounding board", "conception", "instrumentalisation", "stronghold", "oriflamme", "ifs ands or buts", "extremism", "thought bubble", "cohesive device", "cross fertilization", "proof of concept", "technical drawing", "abstraction", "that dog won't hunt", "babeldom", "ideopolis", "frame of reference", "ideosphere", "archetype", "germ", "data", "education", "backwater", "neurosexism", "conceptualize", "conceptional", "demiurge", "hypostatize", "hammer home", "mooncalf", "take away", "brainwave", "idealess", "parroting", "self refute", "xenocentrism", "overton window", "ideogeny", "pictogram", "personification", "revolution", "creativity", "americanism", "forefather", "resurrectionist", "utterability", "conceptual art", "implantation", "modernism", "not have faintest idea", "mythogeography", "hook", "brainchild", "telegraph", "melodic", "father tongue", "ikr", "ultramodernist", "common currency", "ideogram", "conceive", "id\u00e9e", "monoideism", "subidea", "ideo", "elegance", "eisegesis", "espousal", "cross reading", "non starter", "assume", "take on board", "platonist", "trial balloon", "glyph", "shavian", "ideolatry", "momentum", "ideaed", "inspiration", "racemaking", "metonym", "masterminding", "give one's head shake", "thought form", "pipe dream", "signified", "feeling", "receptive", "tunnel vision", "new age", "hodology", "dittohead", "communication mix", "ideology", "make point", "beats me", "soften up", "undersong", "conceptor", "holophrasis", "egg of columbus", "impressio", "bigot", "idealessness", "visionary", "construct", "ideatum", "dog whistle politics", "build better mousetrap", "not have faintest", "get off my la a", "cut to quick", "episteme", "idolum", "monothetic", "ideasthesia", "verbalist", "preoccupation", "generalist", "suggest", "four olds", "unideaed", "supermetaphor", "noun", "countersense", "head", "bright", "abstract", "brai", "new thought", "though", "mind", "inspiratio", "thinking", "eureka", "creative", "memory", "inventio", "bright thought", "misconceptio", "mental", "eye"]], "/r/UsedFor": [[]], "/r/LocatedAt": [[]], "/r/FormOf": [["ideas"]], "/r/IsA": [[" cognitioopinion cognitio", "keynote cognition cognitio", "concept cognition cognitio", "theorem cognition cognitio", "notion cognition cognitio", "misconception cognition cognitio", "cogitation cognition cognitio", "meaning cognition cognitio", "burden cognition cognitio", "body image cognition cognitio", "idealization cognition cognitio", "ideal cognition cognitio", " cognitiocontent cognitio", "generalization cognition cognitio", "impression cognition cognitio", "inspiration cognition cognitio", "preoccupation cognition cognitio", "suggestion cognition cognitio", "figment cognition cognitio", "theme cognition cognitio", "plan cognition cognitio", "reaction cognition cognitio", "central meaning purpose or concept", "kink cognition cognitio", "concept", "good idea", "written or spoken work"]], "/r/PartOf": [["philosophy", "answer"]], "/r/HasA": [[]], "/r/CapableOf": [["save project", "bridge difference between cultures", "plan for actio", "power revolutio", "drive revolutio"]], "/r/AtLocation": [["key"]], "/r/HasProperty": [[]], "/r/CreatedBy": [[]], "/r/Synonym": [[" musictheme music", "thought cognition cognitio", " cognitiomind cognitio", "image", " cognitioestimate cognitio", "mind", "clue"]], "/r/LocatedNear": [[]], "/r/SimilarTo": [[]], "/r/MadeOf": [[]], "/r/ReceivesAction": [[]]}, "/r/HasA": {}, "/r/CapableOf": {}, "/r/AtLocation": {}, "/r/HasProperty": {}, "/r/CreatedBy": {}, "/r/Synonym": {"/r/RelatedTo": [[], ["answer", "email", "response", "respond", "back", "questio", "answering", "email response", "emails", "retur", "rsvp", "answer back", "conversatio", "questions", "email answer", "message", "responding", "ply", "nonreplier", "rebuttal", "replicate", "writte", "replyed", "return", "replicant", "vquestio", "vaccusatio", "surrebut", "vspoke", "message board", "replied", "parawise", "internet forum", "nonreplying", "vresponse", "counterreply", "question", "spoke", "bulletin board", "vecho", "backword", "surreply", "antiphon", "replica", "figure", "replicator", "answeringlyr", "slambook", "vanswer", "revert back", "repliest", "replying", "vact", "repone", "counterattack", "vrequest", "vrepeat", "vcriticism", "parawiser", "vgesture", "remurmur", "watchword", "auto reply", "revert", "vwritte", "nonreply", "duply", "rescript", "replier", "talk back", "forward", "talk", "actio", "write back", "write", "answer email", "retort", "communicatio", "mail", "send", "like", "talking", "give answer", "give", "question response", "say back", "say", "email butto", "butto", "return email", "email optio", "optio", "statement", "feedback", "answer questio", "ply agai", "agai", "speech", "answer respond", "depend", "get back", "send back", "answer response", "after", "someone", "remark", "fly", "answering questions", "returned", "put", "together", "put together", "in email", "like answer", "email actio", "re", "respond email", "invitatio", "something ply", "respond back", "after questio", "answering back", "talking back", "questions answer", "email respond", "email retur", "written answer", "response questio", "answer someone", "speak back", "email back", "speak", "phrase", "spoken phrase", "response email", "in emails", "auto", "auto response", "writing", "writing back", "message returned", "shorter respond", "shorter", "re answer", "read email", "read", "play", "like email", "speech act", "act", "for emails", "means", "means answer", "request", "you", "answer invitatio", "return statement", "sent back", "question answer", "sent", "answering someone", "post", "type", "type answer", "answer mail", "responding back", "send email", "in response", "returned email", "email field", "field", "begins rep", "rep", "begins", "response to", "return emails", "in conversatio", "rejoinder", "fly by", "sentence", "calling", "calling back", "responding to", "correspondence", "email forward", "answering questio", "dialog", "direct", "direct answer", "emailing", "emailing back", "after message", "program", "email program", "responding email", "invitation response", "good", "manners", "good manners", "deny", "call", "call and", "forwarding", "longer ply", "longer", "multiple", "ply multiple", "invitations", "emails invitations", "re subject", "subject", "all", "meaning", "email meaning", "reed plied", "reed", "plied", "respond note", "note", "deploy", "continuance", "conversation continuance", "cat", "apply", "like apply", "conversation answer", "sentences", "continuatio", "questions answered", "solutio", "answered", "email line", "return communicatio", "line", "dog"], [], [], [], [], [], ["answer", "reply", "respond", "cry", "immunopositive", "transponder", "deadtime", "photopositive", "countersing", "thigmomorphogenesis", "hyperresponse", "ergoreflex", "cushing reflex", "suprathreshold", "responsure", "pyroptosis", "hysteresis", "subthreshold", "oracular", "natural killer cell", "counterconditioning", "orientating response", "url", "antiphon", "responsal", "antigenicity", "photoparoxysmal", "conditioned reflex", "taxiswikten 1", "live by sword die", "haptotropism", "infralimbic", "stimulation", "amplicant", "hyperreactive", "semiochemical", "reciprocity", "stimulus", "intertextuality", "chemotaxis", "shutdo ", "geonasty", "antiglycan", "reflex", "baroreception", "priest", "photoresponse", "elicitin", "intraverbal", "pyrin", "antode", "inebriometer", "missal", "kratagonist", "anthem", "alloresponse", "chemoresponse", "photonasty", "armed response", "parish clerk", "provocatio", "responsively", "reaction time", "lectio", "theomancy", "keep someone on ice", "responsibility", "rejoinder", "responsiveness", "mechanotransducer", "chemonasty", "inflammome", "bioreporter", "countergift", "go over", "barotaxis", "quick on draw", "tachyphylaxis", "reaction", "autoresponder", "ad feminam", "book of condolence", "counter password", "chemosensing", "nocifensive", "congregatio", "quantizer", "epinephrine", "biodosimetry", "thermonasty", "butterworth filter", "hydronasty", "responsive", "bioresponse", "systemin", "myocardin", "monoquantal", "magnetoresponsive", "electroantennogram", "responsorial", "seroprevalent", "posthypnotic suggestion", "scurfin", "photosensitivity", "pleiotypic", "luminosity function", "transduction", "multiresponse", "phytometry", "seroresponse", "bathmotropic", "phonoresponse", "take no for answer", "photonastic", "shantyman", "amplitude spectroscopy", "tachykinin", "officiant", "reply girl", "algometry", "fox fordyce disease", "choir", "transmarginal inhibition", "electrodiagnosis", "affective labor", "backtalk", "responsible", "counterfire", "perlocution", "responsion", "versicle", "improperia", "responding", "mechanosensation", "acknowledgment", "paradox of fiction", "responseless", "answerback", "dread fascination", "magnetic flux density", "sympathetic vibration", "sensorgram", "fashion statement", "seismonasty", "intrasubjective", "photonegative", "neuromarketing", "circle gets square", "adrenoreactive", "limen", "vasoresponse", "leave someone on read", "placebome", "ok yah", "litany", "haptonasty", "vocation", "autoresponse", "sensitivity", "question", "in tur", "train of four", "trigger", "disputatio", "jazz", "take", "supersensual", "cathisma", "surresponse", "anergize", "immunospot", "biomodulator", "read receipt", "rhythmogram", "psychological refractory period", "cognitive therapy", "superthreshold", "nosuh", "nonresponse", "responsory", "ttfb", "ninja", "flying squad", "responsorium", "responses", "pharmacoresponse", "open ended", "kinesis", "impetus", "event related potential", "laggy", "overresponse", "quantal", "histrionics", "downregulation", "riposte", "response time", "backchat", "superstimulus", "gravinasty", "irritating", "xenohormesis", "immunoinhibit", "immunonegative", "phlyctenule", "chemokinesis", "proallergic", "hyperpathia", "sensual", "mechanoresponse", "heat shock", "reciprocate", "objectio", "superagonist", "tick box", "roll call", "scaled question", "counter offensive", "osmosensing", "yassuh", "responsio", "radioresponse", "thigmonasty", "probit", "tropism", "tracking poll", "fight or flight", "subliminal", "\u211f", "deadlock", "reactio", "deafening silence", "bueller", "chemoperception", "chemoreception", "horses for courses", "vasorin", "verse", "click through", "retaliation", "laugh", "sneeze", "pai", "call", "bless", "remark", "okay", "smile", "dance", "kind", "denial", "aye", "review", "questio", "sentiment", "fine", "agree", "welcome", "ya ", "smell", "accept"], [], [], ["up", "show", "appearance", "show up", "watched pot never boils", "grow", "semble", "pepper's ghost", "coappear", "strike", "visit", "make out", "surface", "undersigned", "vapparent", "spring to mind", "come on", "mirror image", "queer", "random encounter", "subpoena", "misken", "crop out", "ghost", "phenomenal world", "come and go", "star", "sunup", "by looks of thingsr", "ventriloquism", "front up", "fly by night", "appearing", "heaven", "cital", "reappearance", "heavenly stem", "fuck dog", "pretend", "come off", "vappearance", "style it out", "three dimensionality", "noncompearance", "nonappearance", "viewfinder", "continual", "bail jumping", "hit headlines", "maieusiophilia", "come to mind", "apparent", "appeareth", "come out of woodwork", "new", "seem", "outclass", "barnstorm", "default", "pop up", "beseem", "reappear", "guest", "leap to mind", "smack of", "court appearance", "planetary aberration", "flash up", "misappear", "all that glitters is not gold", "historicity", "gild", "come forth", "burst out", "nonappearing", "turn up", "appears", "anticlimax", "flea circus", "autokinesis", "virtual memory", "subpoena duces tecum", "show one's face", "feature", "look"]], "/r/UsedFor": [[], [], [], [], [], [], [], ["detector artifact attribute"], [], [], []], "/r/LocatedAt": [[], [], [], [], [], [], [], [], [], [], []], "/r/FormOf": [[], ["replies", "replied", "replyed", "replying", "replieth", "repliest"], [], [], [], [], [], ["responses"], [], [], ["appeared", "appears", "appearing", "appear'd", "appearest", "appeareth"]], "/r/IsA": [[], ["non sequitur communication communicatio", "answer communication communicatio", " communicatiospeech act communicatio", "echo communication communicatio", "counterblast communication communicatio", "rejoinder communication communicatio"], [], [], [], [], [], ["reaction phenomenon phenomeno", " attributemanner attribute", " communicatiophrase communicatio", " phenomenoconsequence phenomeno"], [], [], []], "/r/PartOf": [[], [], [], [], [], [], [], [], [], [], []], "/r/HasA": [[], [], [], [], [], [], [], [], [], [], []], "/r/CapableOf": [[], [], [], [], [], [], [], [], [], [], []], "/r/AtLocation": [[], [], [], [], [], [], [], [], [], [], []], "/r/HasProperty": [[], [], [], [], [], [], [], [], [], [], []], "/r/CreatedBy": [[], [], [], [], [], [], [], [], [], [], []], "/r/Synonym": [[], ["vanswer", "response communication communicatio", "answer", " communicatioanswer communicatio", "v communicatioanswer communicatio", "vrespond", "response", "get back to"], [], [], [], [], [], [" communicatioanswer communicatio", " communicatioreply communicatio", " actreaction act", " communicatioreception communicatio", "reactio", "reaction", "reply", "answer"], [], [], ["come along change", "seem perception perceptio", "arise", "v perceptiolook perceptio", "come out change", "vcrop out", "vobvious", "vda ", "vseem", "vheave in sight", "come into sight", "materialize", "voffer", "vhave", "occur", "emerge", "vsight", "vemerge", "varise", "look", "varrive", "vope", "vbecome", "vanswer", "come across", "vappearance", "vlook", "seem", "voccur", "vpresent"]], "/r/LocatedNear": [[], [], [], [], [], [], [], [], [], [], []], "/r/SimilarTo": [[], [], [], [], [], [], [], [], [], [], ["look like", "vlook like"]], "/r/MadeOf": [[], [], [], [], [], [], [], [], [], [], []], "/r/ReceivesAction": [[], [], [], [], [], [], [], [], [], [], []]}, "/r/LocatedNear": {}, "/r/SimilarTo": {}, "/r/MadeOf": {}, "/r/ReceivesAction": {}}}, "":{}}