{"browse": {"N1": {"/r/RelatedTo": ["browser", "shoot", "browseth", "flick through", "browsest", "browsewood", "vlook", "cybershop", "vcomputer", "vknowledge", "vbeforehand", "fodder", "browsing", "vhyperlinked", "clickjack", "twig", "websurf", "browsed", "vbrowser", "browses", "vdocument", "window shop", "zamia staggers", "antiquer", "vsca", "vnavigate", "cyberstore", "market", "cybersurfer", "course"], "/r/UsedFor": ["bookshop"], "/r/LocatedAt": [], "/r/FormOf": ["browses", "browsing", "browsed"], "/r/IsA": [" communicatioreading cognitio", " groupvegetation plant", " acteating act"], "/r/PartOf": [], "/r/HasA": [], "/r/CapableOf": [], "/r/AtLocation": [], "/r/HasProperty": [], "/r/CreatedBy": [], "/r/Synonym": ["graze consumption consumptio", "surf contact", "leaf through", "browsing communication communicatio", "browsing act", "v contactcrop contact", "v commerceshop commerce", "thumb"], "/r/LocatedNear": [], "/r/SimilarTo": [], "/r/MadeOf": [], "/r/ReceivesAction": []}, "N2": {"/r/RelatedTo": {"/r/RelatedTo": [["browse", "web browser", "http cookie", "webware", "cookie jar", "history", "revving", "below fold", "infinite scroll", "browsers", "hijack", "viewable", "muffin", "favicon", "web server", "tabnabbing", "polyfill", "refresh", "back", "fox"], ["gu", "bullet", "turio", "flobert", "suicide by cop", "stolon", "shooting", "browse", "video journalism", "tillowwikten 1", "ratoon", "skyrocket", "shootless", "pistol", "layerage", "pearl body", "discharge", "vwikten 1move", "pinch", "jack up", "plug", "metsulfuron methyl", "vwikten 1film", "christ's thorn", "squirt gun", "parthian shot", "pull trigger", "firepower", "offset", "pluriaxial", "bow chaser", "upshoot", "laser tag", "tendron", "shooting party", "trigger happy", "x ring", "soboles", "pinch out", "no scope", "aim crier", "wikten 1vei", "previsualize", "heteroblastic", "angle shooting", "pipwikten 3", "withe", "vwikten 1chute", "wikten 1shuttle", "picker up", "vimen", "melee", "shootward", "gut shoot", "finishing", "postshot", "turioniferous", "hold fire", "nonshooting", "spear", "bb gun", "tfcd", "brachyblast", "hot set", "shootling", "asparaginous", "unshot", "shooting gallery", "fusillation", "pop cap in someone's ass", "nutation", "emergent", "shoots", "shootlike", "ball machine", "plinker", "bamboo torture", "phaser", "mini chitted", "fire out", "edaphophyte", "wikten 1pick", "vernine", "prophyll", "dau miu", "foreshoot", "quailgate"], ["vbrowse"], [], ["vbrowse"], ["shrub", "bush", "browse", "animal"], [], ["internet", "user", "order", "product", "cybershops", "service", "browse", "website"], [], [], [], ["operate", "feedstuff", "haymaker", "cartload", "various", "base", "pigweed", "signpost", "pabulum", "medick", "ensilage", "fodder radish", "load", "volume", "weight", "kg", "greenfodder", "turnip", "unit", "english", "fodderless", "soyhull", "tracing paper", "silage", "greenfeed", "food", "certai", "pabulary", "clue", "par\u00e1 grass", "browse", "field corn", "fodderer", "daikon", "haymaking", "crib", "generally", "horse gram", "dinitolmide", "spekboom", "foddered", "hayrack", "prangos", "dogstail", "material", "forage", "commodities", "standardize", "anagram", "text", "dutch clover", "stover", "hay", "story", "bullet", "news"], ["clickprint", "shrub", "browse", "red deer", "animal", "window shopping", "vbrowse", "read"], [], ["vinformatio", "vconfidential", "vwebsite", "vbrowse", "vuser", "vsteal"], ["branch", "stick", "nest", "wikten 1tree", "calathus", "rod", "widdy", "sticklac", "twigwork", "twiggy", "shrag", "wicker", "zhangcha duck", "petitgrain", "weet", "stob", "browse", "twigging", "twigs", "osier", "twigged", "branchlet", "twiglet", "wattling", "withy", "twiggen", "vimineous", "virgulate", "sprawls", "limetwig", "limerod", "slipwikten 2", "sallowwikten 2", "twigless", "sprig", "thornbird", "chatwood", "wattle", "leaflitter", "weely", "stick thin", "jiggeh", "mousebird", "pruning", "scion", "frankfort black", "cop on", "chewstick", "tillowwikten 1", "thermette", "withe", "twiglike", "twigsome", "wikten 1bush", "ramus", "wattle and daub", "roddy", "penicillus", "small", "small branch", "like branch", "like", "smaller", "wand", "little", "little branch", "leaves", "small stick", "part", "tree part", "tree", "smallest", "smallest branch", "fires"], ["vwebsite", "vbrowse", "vperuse"], ["vbrowse", "browsable"], [], ["vbrowse"], [], [], [], ["browse", "antiquers", "antique"], [], [], ["product", "user", "internet", "order", "website", "service", "cybermall", "browse"], ["store", "place", "shopping", "food", "selling", "shop", "grocery", "buying", "super", "market share", "stalls", "flea", "grocery store", "trade", "farmers", "trading", "ope", "goods", "outdoor", "selling place", "shopping place", "outside", "stock", "buying place", "produce", "slave market", "comarket", "cybermarket", "servicescape", "mismarket", "over counter", "goodwill", "static equilibrium", "promarket", "disease mongering", "marketing", "flotation", "product", "prediction market", "trader", "village", "feitoria", "midmarket", "buttercross", "marketplace", "playing field", "split tail", "san polo", "commercial", "markets", "demand", "winner take all", "feedlot", "christkindl", "barra boy", "evergreen industry", "overtrade", "fishmarket", "marketeth", "truck farming", "lombard street", "lifestyle", "dumping", "buyer's market", "foraneous", "mammy market", "marketwide", "contrarian", "nonmarket", "oligopolist", "market square", "flea market", "unmerchantable", "downtick", "shadow price", "barra", "undermarketed", "culler", "vsale", "area", "upside", "nundine", "price control", "overmarket", "marketer", "city", "bord halfpenny", "duopoly", "boomster", "monopoly", "frat lit", "wet market", "chick lit", "seller's market", "supply side", "douceur", "foodstall", "group", "hot money", "engrosser", "nundinal letter", "orphan drug", "d\u00e9bouch\u00e9", "fayre", "car boot sale", "free marketeering", "remarketability", "january effect", "freddie mac", "corsair", "mart", "marketwider", "cart stall", "street team", "street market", "gross national product", "pay to stay", "microsegment", "garrupa", "merchant", "saturation", "plague cross", "fair value", "lafayette", "glocalization", "floating market", "stop loss order", "thin trading", "oversold", "remarketable", "plestor", "diamond water paradox", "brandscape", "information velocity", "browse", "market gardening", "geography", "undersell", "e market", "stallholding", "marketlike", "marketizer", "marketability", "shoulder season", "white market", "bottom fishing", "quote stuffing", "vmarketing campaig", "stallholder", "vortal", "confusopoly", "vmarketer", "shunting", "oligopoly", "arbitrage", "event", "understored", "quintopoly", "multimarket", "remarket", "quadropoly", "systempunkt", "option", "cornmarket", "dry market", "customer", "square", "potential", "marketman", "transfer payment", "triopoly", "marketization", "metamarket", "brickor mortis", "cartel", "sprinkler strategy", "marketless", "market goer", "path dependence", "uberize", "postmarket", "market economy", "monopsonist", "to ", "market price", "party plan", "cap and trade", "homeowner association", "marketed", "rollup", "oligopsony", "marketest", "program trading", "barrier to entry"], ["internet", "browse"], ["golf", "class", "path", "college", "place", "field", "college class", "track", "area", "race", "school", "golf place", "meal", "holes", "golf area", "golf field", "route", "eightee", "subject", "plinth", "convenor", "crisis", "bed", "midtest", "bioswale", "access course", "eoc", "footstep", "beginning", "avulsion", "theologate", "slalom", "steeplechase", "knowledge", "pudding", "passade", "slopestyle", "current", "liberal arts", "course of time", "certificate", "corbel out", "drift", "appetizer", "vector", "pregraduation", "syllabus", "small plate", "divagation", "traverse board", "dygogram", "repetitorium", "intervention", "catalog", "coursework", "ipcc", "postcourse", "parcourse", "put up fight", "challenge exam", "hotdish", "warp knitting", "good leg", "postgraduate", "practicum", "divert", "hosel", "videoclass", "courseless", "minicourse", "endgame", "coursed", "flunk out", "channelwikten 1", "multicourse", "plank sheer", "bar review", "english bond", "guideline", "chapter of accidents", "yaw", "placement test", "cobza", "traverse table", "dropout", "noncredit", "reading list", "flunkout", "curriculum vitae", "progressive dinner", "coursing", "application", "swerveless", "predessert", "below par", "obligation", "underassessment", "magnet school", "traverse sailing", "mediary", "bible", "time trial", "cursory", "deviate", "fixed route", "milwaukee protocol", "middle way", "navigate", "wending", "isodomon", "workshop", "core curriculum", "obstinate", "fairway", "neighbouring group participation", "literae humaniores", "diploma", "promulsis", "courselike", "holeshot", "course load", "dessert", "chillador", "leg breaker", "army golf", "technical", "go awry", "racetrack", "hors d oeuvre", "leg", "steady as she goes", "orbit", "muriform", "uncoursed", "stringcourse", "point of sail", "curriculum", "turning", "autocross", "take steps", "water banquet", "cover", "weeder course", "slue", "courser", "coursepack", "desultory", "windlass", "seat time", "cyberschool", "course to steer", "marga", "charm school", "stilted arch", "euthynteria", "finger bowl", "telltale compass", "speed skating", "walk tightrope", "wend", "ramble", "slant", "mindflow", "midcourse", "e course", "racecourse", "navigation", "remove", "errant", "drop", "optional", "starter", "roundwikten 1", "swingby", "above par", "leadwikten 2", "coursebook", "troglodytism", "cane", "banquet", "flemish bond", "coursemate", "dialing", "telecourse"]], "/r/UsedFor": [[], ["musket ball artifact competitio", "bullet artifact competitio", "gun artifact competitio", "projectile artifact competitio", "arrow artifact competitio", "bow artifact competitio", "marble artifact contact", "pistol", "cannonball"], [], [], [], [], [], [], [], [], [], [], ["going to market", "department store"], [], [], [], [], [], [], [], [], [], [], [], [], [], [], ["distributing goods", "exchanging", "getting goods", "buying and selling bonds", "buying clothes", "selling food", "buying and selling commodities futures", "purchase items", "buying things", "buying food", "trading", "buy fresh vegetables", "clearing prices of stocks", "buying items", "getting groceries", "sell new line", "selling clothes"], [], []], "/r/LocatedAt": [[], [], [], [], [], [], [], [], [], [], [], [], [], [], [], [], [], [], [], [], [], [], [], [], [], [], [], [], [], []], "/r/FormOf": [["browsers"], ["shute", "shooteth", "shoots", "shottest", "shooting"], [], [], [], [], [], ["cybershops"], [], [], [], ["fodders", "foddered", "foddering", "fother", "fudder"], ["browsings", "vbrowse"], [], [], ["twigged", "twigging", "twigs"], ["websurfing", "websurfed"], ["vbrowse"], [], ["vbrowse", "browse"], [], [], [], ["antiquers"], [], [], ["cyberstores"], ["marketing", "markets", "marketed"], ["cybersurfers"], ["coursed", "courses", "coursing", "cource", "courseth"]], "/r/IsA": [[" persospectator perso", " communicatioapplication communicatio"], ["skeet act", " actshooting act", "tiller plant", " plantsprout plant", "sucker plant", "plant part", "external anatomical part"], [], [], [], [], [], [], [], [], [], ["alfalfa food", "eatage food", "hay food", "broad bean food", " foodfeed food", "stover food", "load", "pet food", "food item"], [], [], [], ["tree branch", "small tree branch"], [], [], [], [], [], [], [], [], [], [], [], ["seller's market act", " actactivity act", "monopoly economics act", "wall street group", "bear market group", "money market group", "monopsony economics act", "black market act", " groupindustry industry", "black market group", " groupclass group", "labor market act", "city group", "oligopoly economics act", "buyer's market act", "bull market group", "gray market act", "stock trade", "bond market", "securities market", "where buy products", "business activity", "new prescription sales", "housing market", "single supplier market", "bond marketopencycmarket 282", "total prescription sales", "falling market", "market trough", "place", "market peak"], [], ["blind alley act", "damp proof course artifact", "row of bricks artifact", " locatiodirection locatio", "art class act", "collision course act", "elective course act", "refresher course act", "extension course act", "seminar act", "workshop act", "adult education act", "way act", "stream group", " actaction act", "orientation course act", "directed study act", " artifactlayer artifact", " groupseries group", "correspondence course act", "dessert food", " artifactfacility artifact", "racetrack artifact", "industrial arts act", "home study act", "golf course artifact", " acteducation act", "childbirth preparation class act", "propaedeutic act", " foodnutriment food", "appetizer food", "course of lectures act", "entree food", "required course act", "shop class act", "crash coursewikten 1", "sushi bento", "chili relleno", "edamame", "main courseopencycentree", "class", "organic chicken"]], "/r/PartOf": [[], [], [], [], [], [], [], [], [], [], [], [], [], [], [], [], [], [], [], [], [], [], [], [], [], [], [], ["commercial enterprise act"], [], ["lesson act", " foodmeal food", "lecture act", " artifactwall artifact", "coursework act", "course session act"]], "/r/HasA": [[], [], [], [], [], [], [], [], [], [], [], [], [], [], [], [], [], [], [], [], [], [], [], [], [], [], [], [], [], []], "/r/CapableOf": [["stream media", "search internet"], [], [], [], [], [], [], [], [], [], [], [], [], [], [], ["branch into two twigs"], [], [], [], [], [], [], [], [], [], [], [], ["target audience", "feel selling pressure", "internet", "selling produce", "feel investor opinio"], [], []], "/r/AtLocation": [[], [], [], [], [], [], [], [], [], [], [], [], [], [], [], [], [], [], [], [], [], [], [], [], [], [], [], ["potato", "fruit", "bread", "cheese", "city", "tomatoes", "cashier", "stalls", "fresh vegetables", "magazines", "customers", "fish", "shopping carts", "produce", "milk", "carrots", "box of cereal", "coupo", "vegetables", "food", "stands", "frozen foods", "stall", "onions", "dog food", "apples and grapes", "cut flowers", "cabbage", "cor", "bag", "fruits and vegetables", "shopping bag", "roast beef", "stocks", "rural area", "merchant", "cans of soup", "kiwi", "cough drops", "fresh fruit", "fruits", "organically grown vegetables", "mellons", "barrel", "tuna", "grape", "vending stand", "greengrocer", "mexico", "village", "corner of two streets", "butcher", "supermarket", "onio", "groceries", "seller", "meat", "shopping cart"], [], ["lecture"]], "/r/HasProperty": [[], [], [], [], [], [], [], [], [], [], [], [], [], [], [], ["sticking in mud"], [], [], [], [], [], [], [], [], [], [], [], [], [], []], "/r/CreatedBy": [[], [], [], [], [], [], [], [], [], [], [], [], [], [], [], [], [], [], [], [], [], [], [], [], [], [], [], [], [], []], "/r/Synonym": [["web browser communication communicatio", "web browser", ""], ["v medicineinject medicine", "germinate change", "v contactinject contact", "burgeon forth change", "v consumptiofritter consumptio", "sprout change", "v moviefilm movie", "v motiotear motio", "v photographyphotograph photography", "v motiodart motio", "hit competition competitio", "spud change", "pullulate change", "pip social", "bourgeon change", "blast competition competitio", "pip competition competitio", "fire", "gun"], [], [], [], [], [], ["cyberstore"], [], [], [], [" persocannon fodder perso", "food", "load", "provender", "forage", ""], [" actbrowse act", " communicatiobrowse communicatio"], [], [], [" plantbranchlet plant", "v cognitiocatch on cognitio", "vnotice", "get it", "vcomprehend", "branch", "vobserve", "make out", "vget it"], [], [], [], [], [], [], [], [], [], [], ["cybershop"], [" artifactmarketplace artifact", "marketplace act", "securities industry group", "market place act", " artifactgrocery store artifact", "v commercecommercialize commerce", "fair", "arcade"], ["infonaut", "netsurfer", "cybercitizen"], [" objectpath object", "line group", "course of study act", " groupclass group", "class act", "r naturallyr ", "row artifact", "v motiorun motio", "course of action act", "course of instruction act", "trend location locatio", "action", "aim", "track", "way"]], "/r/LocatedNear": [[], [], [], [], [], [], [], [], [], [], [], [], [], [], [], [], [], [], [], [], [], [], [], [], [], [], [], [], [], []], "/r/SimilarTo": [[], ["sprout"], [], [], [], [], [], [], [], [], [], [], [], [], [], [], [], [], [], [], [], [], [], [], [], [], [], [], [], []], "/r/MadeOf": [[], [], [], [], [], [], [], [], [], [], [], [], [], [], [], [], [], [], [], [], [], [], [], [], [], [], [], [], [], []], "/r/ReceivesAction": [[], [], [], [], [], [], [], [], [], [], [], [], [], [], [], [], [], [], [], [], [], [], [], [], [], [], [], [], [], []]}, "/r/UsedFor": {"/r/RelatedTo": [["library", "shop", "signing", "book", "bookshops"]], "/r/UsedFor": [["buying books i", "reading", "buying books", "purchasing books", "earning money", "providing employment", "browse", "selling books", "buying magazines"]], "/r/LocatedAt": [[]], "/r/FormOf": [["bookshops", "book shop"]], "/r/IsA": [[" artifactshop artifact", "fun place to spend time"]], "/r/PartOf": [[]], "/r/HasA": [[]], "/r/CapableOf": [[]], "/r/AtLocation": [["mall", "town or city", "shopping center", "big city", "student unio", "to ", "city", "adhesive bandage", "book", "department store"]], "/r/HasProperty": [[]], "/r/CreatedBy": [[]], "/r/Synonym": [["bookstore artifact", "bookstore", "bookstall artifact", "book store"]], "/r/LocatedNear": [[]], "/r/SimilarTo": [[]], "/r/MadeOf": [[]], "/r/ReceivesAction": [[]]}, "/r/LocatedAt": {}, "/r/FormOf": {"/r/RelatedTo": [["vbrowse"], ["clickprint", "shrub", "browse", "red deer", "animal", "window shopping", "vbrowse", "read"], ["vbrowse", "browsable"]], "/r/UsedFor": [[], ["going to market", "department store"], []], "/r/LocatedAt": [[], [], []], "/r/FormOf": [["vbrowse", "browse"], ["browsings", "vbrowse"], ["vbrowse"]], "/r/IsA": [[], [], []], "/r/PartOf": [[], [], []], "/r/HasA": [[], [], []], "/r/CapableOf": [[], [], []], "/r/AtLocation": [[], [], []], "/r/HasProperty": [[], [], []], "/r/CreatedBy": [[], [], []], "/r/Synonym": [[], [" actbrowse act", " communicatiobrowse communicatio"], []], "/r/LocatedNear": [[], [], []], "/r/SimilarTo": [[], [], []], "/r/MadeOf": [[], [], []], "/r/ReceivesAction": [[], [], []]}, "/r/IsA": {"/r/RelatedTo": [[], [], []], "/r/UsedFor": [[], [], []], "/r/LocatedAt": [[], [], []], "/r/FormOf": [[], [], []], "/r/IsA": [[], [], []], "/r/PartOf": [[], [], []], "/r/HasA": [[], [], []], "/r/CapableOf": [[], [], []], "/r/AtLocation": [[], [], []], "/r/HasProperty": [[], [], []], "/r/CreatedBy": [[], [], []], "/r/Synonym": [[], [], []], "/r/LocatedNear": [[], [], []], "/r/SimilarTo": [[], [], []], "/r/MadeOf": [[], [], []], "/r/ReceivesAction": [[], [], []]}, "/r/PartOf": {}, "/r/HasA": {}, "/r/CapableOf": {}, "/r/AtLocation": {}, "/r/HasProperty": {}, "/r/CreatedBy": {}, "/r/Synonym": {"/r/RelatedTo": [[], [], [], [], [], [], [], ["finger", "hand", "thimble", "first finger", "preaxial polydactyly", "finger crotch", "snap", "mount of venus", "as rule of thumbr", "ridgehand", "little finger", "oppose", "thumbprinting", "thumbsucking", "shiatsu", "forefinger", "thumbsbreadth", "thumbstick", "vfrequent", "thumbed", "tom thumb", "shaka", "purple nurple", "thumb one's nose", "thumbpad", "pollical", "thumbstroke", "thumbs up", "half glove", "thumbscrew", "apposable", "vhandling", "vwear", "thumbs do ", "thumber", "pollicization", "radial artery", "ulna", "thumb position", "semisupination", "thumblike", "slider", "thumbmark", "radius", "thumbhole", "all thumbs", "thumbstall", "thumbpiece", "pollex", "thumbtack", "bethumb", "thumbprint", "head line", "thumbkin", "vsoil", "thumbies", "seven up", "thumbs", "thumbboard", "thumbable", "thumbnail", "ball of thumb", "koto", "schizodactyly", "handspan", "vhitchhike", "circle changeup", "vfanning", "thumbelina", "thumbikins", "unthumbed", "thumbing", "pinch force", "thumbless", "pollicate", "digit", "snap one's fingers", "knifehand", "vcursorily", "fistmele", "hitchhike", "bastard wing", "trapezium bone", "thumbwheel", "jelq", "petrissage", "donkey ears", "entaxonic", "thumb sketch", "big finger", "brachyonychia", "saggar maker", "big", "tack", "opposing", "fingers", "on hands", "hands", "toe", "bullet", "biggest", "biggest finger", "fingernail", "nose", "hand digit", "monkeys", "grasping", "inch", "big toe", "like", "like numb", "numb", "near forefinger", "opposing finger", "imprint"]], "/r/UsedFor": [[], [], [], [], [], [], [], []], "/r/LocatedAt": [[], [], [], [], [], [], [], []], "/r/FormOf": [[], [], [], [], [], [], [], ["thumbs", "thumbing", "thumbed"]], "/r/IsA": [[], [], [], [], [], [], [], [" artifactcovering artifact", "finger", " bodyfinger body", "digit", "opposable thumb", "right thumb", "left pollex", "anatomical structure"]], "/r/PartOf": [[], [], [], [], [], [], [], ["thumbnail body", "musculus abductor pollicis body", " artifactglove artifact"]], "/r/HasA": [[], [], [], [], [], [], [], []], "/r/CapableOf": [[], [], [], [], [], [], [], ["oppose of four fingers"]], "/r/AtLocation": [[], [], [], [], [], [], [], []], "/r/HasProperty": [[], [], [], [], [], [], [], []], "/r/CreatedBy": [[], [], [], [], [], [], [], []], "/r/Synonym": [[], [], [], [], [], [], [], [" artifactovolo artifact", "v perceptioflick perceptio", "v contactfinger contact", "pollex body", "v motiohitchhike motio", "pollex", "wiktfr 1first digit", "hitchhike", "vbrowse", "leaf through", ""]], "/r/LocatedNear": [[], [], [], [], [], [], [], []], "/r/SimilarTo": [[], [], [], [], [], [], [], []], "/r/MadeOf": [[], [], [], [], [], [], [], []], "/r/ReceivesAction": [[], [], [], [], [], [], [], []]}, "/r/LocatedNear": {}, "/r/SimilarTo": {}, "/r/MadeOf": {}, "/r/ReceivesAction": {}}},  "":{}}