{"closed": {"N1": {"/r/RelatedTo": ["near", "shut", "closeness", "distance", "proximity", "acleistocardia", "ballpark", "stokey", "occlusor", "barricadoed", "hot pursuit", "infight", "bear up", "short fetched", "intimate", "in sight", "sport one's oak", "steek", "close mid", "5", "clausula", "occludent", "with friends like these who needs enemies", "cl", "on point of", "on brink", "nonclosing", "plesionymy", "proximoventral", "vclosure", "tofall", "templewikten 1", "hereaboutr", "loved one", "closure", "stopper", "closeable", "incest", "reclosure", "strait", "shut off", "dead heat", "overseal"], "/r/UsedFor": ["lock artifact contact", "key artifact contact"], "/r/LocatedAt": [], "/r/FormOf": ["closes", "closest", "closed"], "/r/IsA": [], "/r/PartOf": [], "/r/HasA": [], "/r/CapableOf": [], "/r/AtLocation": [], "/r/HasProperty": [], "/r/CreatedBy": [], "/r/Synonym": ["r closelyr ", "tight a ", "a airless ", "v stativeconclude stative", "nearr r ", "a close fitting ", "close up social", "a penny pinching ", "fold social", " actfinale act", "nighr r ", "tight", "a confining ", "come together motion motio", "fill up contact", " timestopping point time", "shut do v social", "a closemouthed ", "a near ", "shut contact", "close do v social", "a faithful ", "close up contact", " communicatioconclusion communicatio", "awikten 2high", "sultry", "awikten 2intimate"], "/r/LocatedNear": [], "/r/SimilarTo": ["scalelike a ", "closely knit a ", "close hauled seafaring ", "private a ", "a contiguous ", "snuggled a ", "dear a ", "a cozy ", "a short ", "a snuggled ", "a scalelike ", "close at hand a ", "fine a ", "a closely knit ", "a confidential ", "proximate a ", "a enveloping ", "restrained a ", "a close at hand ", "a ambient ", "ambient a ", "equal a ", "a juxtaposed ", "a intimate ", "adpressed a ", "a walk to ", "juxtaposed a ", "a fine ", "boon a ", "intimate a ", "a close set ", "walk to a ", "a equal ", "a close hauled seafaring", "a familiar ", "a private ", "a proximate ", "buddy a ", "careful a ", "circumferent a ", "close together a ", "a side by ", "a circumferent ", "familiar a ", "enveloping a ", "short a ", "a careful ", "a boon ", "at hand a ", "a at hand ", "a approximate ", "a dear ", "a adpressed ", "approximate a ", "hand to a ", "a hand to ", "side by a ", "cozy a ", "close set a ", "a close together ", "confidential a ", "contiguous a ", "a buddy ", "a restrained ", "nearby"], "/r/MadeOf": [], "/r/ReceivesAction": []}, "N2": {"/r/RelatedTo": {"/r/RelatedTo": [["close", "by", "nearness", "nigh", "around", "at", "proximity", "nearish", "aapproximate", "outside", "distoproximal", "near hand", "close together", "rnearly", "demonstrative pronoun", "mind gap", "appropinquation", "nearby", "whereaboutsr", "fornighr", "nearaboutr", "pantoscopic", "hard by", "too close for comfort", "keep around", "unnearable", "hardr", "peri", "mediallyr", "at hand", "silly mid off", "plesio", "clearr", "argyll robertson pupil", "in sight", "homeoteleuton", "demonstrative adjective", "nearing", "analphalipoproteinemia", "within ace of", "topmost", "almost doesn't count", "paranal", "ad", "neareth", "left", "anadiplosis", "neared", "para", "nuv", "close to", "vapproach", "hitherside", "umbo", "next to", "postilion", "nudge", "prospective", "byr", "velcroid", "anighr", "silly mid on", "anear", "close shave", "bifocal", "aalmost", "air", "luoyang", "castle in air", "best practice", "approximal", "nearside", "gravity assist", "close by", "aclose", "close up", "on radar", "farsightedness", "toward", "approximate", "silly point", "in front of", "time", "ato", "up to", "county palatine", "nears", "puffin crossing", "off radar", "striking distance", "leave me alone", "forby", "vicinity"], ["close", "a closed ", "closed a ", "close up", "forshut", "shuttable", "beclose", "instop", "cut splice", "claudent", "wikten 1weld", "put wood in hole", "vwikten 1ope", "wikten 1line", "wikten 1shutter", "intercloud", "shutting", "shutted", "vwikten 1business", "wikten 1cover", "steek", "put sock in it", "shuts", "sleep", "door", "bed", "quiet", "window", "shout"], ["close", "seclusio", "friend", "secretive", "reproducibility", "stingy", "unfastness", "nearness", "vertices", "solitude", "physically", "graph", "mea", "intimacy", "path", "vicinage", "near", "dear", "intimate", "relatio"], ["far", "mile", "length", "away", "measurement", "measure", "how", "miles", "how far", "long", "far away", "range", "close", "betwee", "euclidean distance", "binoculars", "waggle dance", "mileage", "further", "distantiate", "trundle wheel", "moment arm", "slow", "\u03b4 hyperbolic", "short haul", "metric", "standard candle", "varifocal lens", "voutpace", "distances", "remove", "magnetic moment", "isometry", "passenger mile", "handsbreadth", "periapsis", "time of flight mass spectrometry", "point", "longhauled", "kadam", "interdistance", "itinerarium", "longhauling", "depth", "meco", "pupilometer", "telemechanical", "track", "telepsychic", "girth", "linear perspective", "country mile", "soboles", "equidistance", "chinese foot", "headway", "telemechanics", "perilune", "space perception", "microdistance", "trip meter", "tele", "impersonal subject", "removedness", "inverse square law", "diameter", "kiloparsec", "standard ruler", "apothem", "marconi's law", "bifocal", "moment", "circuit", "mean free path", "hairbreadth", "riemann space", "distant", "distancinglyr", "diagonal scale", "verfremdungseffekt", "shortline", "piece", "parallax second", "dipole moment", "space polar coordinate", "overtravel", "stridewikten 2", "bethe slater curve", "trilateration", "end lap", "triangulation", "stereocorrelation", "double star", "fistmele", "immersion lens", "longitude", "partwaysr", "setback", "racecourse", "telemeteorograph", "longrwikten 1", "light second", "coulomb's law", "home stretch", "slant height", "drover", "at bay", "great circle route", "segment", "wingspan", "velocity curve", "odometer", "head reach", "radio interferometer", "apoapsis", "hull up", "wingspread", "earshot", "telephote", "orbiform", "kilolight", "long haul", "trip odometer", "remote", "parsa", "foot pound", "light day", "taximeter", "planimetry", "quadrilateration", "javelin", "by whisker", "awayness", "supergrid", "offshorer", "cubit", "radar horizon", "as crow fliesr", "telesonic", "near field", "cassini oval", "width", "run", "overclub", "sonomicrometry", "focal length", "manhattan distance", "sight radius", "height", "telephotography", "hypertelorism", "gradient", "stadimeter", "circle", "amateur radio", "hubometer", "space", "leg", "difference", "set back", "hairswidth", "undistanced", "hyperfocal", "offing", "wavelength", "geodimeter", "path length", "rangefinder", "foot poundal", "topograph", "hop skip and jump", "curtation", "time trial", "apomecometry", "milliparsec", "ri", "straight", "eccentricity", "ellipse", "station", "multidistance", "keep off", "directrix", "breathing space", "clearance", "departure", "outdoor voice", "handspan", "centerground", "entourage", "wheelbase", "terminal", "drift", "distancer", "vergency", "perambulator", "renormalization group", "length scale", "coudee", "lunar distance", "far and wider", "detector bar", "bittock", "inscribed matter", "aloofr", "pseudodistance", "foot pound second", "vertical interval", "kilogram meter", "within cry", "hyperlapse", "lever arm", "pretravel", "e chart", "tellurometer", "score", "\u00e9tape", "absolute deviation", "tachograph", "nose", "equispaced", "centre of symmetry", "air mile", "backlash", "teleplanic", "distogram", "farness", "interferometer", "multilateration", "subparsec", "sphygmophone", "cathetometer", "outbyer", "wavenumber", "scale height", "emmert's law", "attenuation", "pachisi", "at arm's length", "proxemics", "yonderness", "moment of force", "amount", "all way to egery and back", "distanced", "telegraphy", "jump list", "pitch pot", "point of reference", "pair of binoculars", "distanceless", "great circle", "handicap", "microparsec", "pantometer", "footslog", "light month", "inverse", "bowshot", "quefrency", "bond length", "dead reckoning", "flight shot", "underclub", "eye chart", "drayage", "error function", "double quasar", "roche limit", "conducting wire", "clean slate", "joule", "tidal force", "stone's throw", "distantlyr", "step"], ["near", "paraovarian", "closehandedness", "alleyway", "fadeaway", "close quarters", "proximities", "proximate", "rocket jump", "kanuka", "propinquity", "niagara", "approximator", "approximate", "togetherr", "environmental racism", "shoulder to shoulderr", "tribelet", "westermarck effect", "vicinity", "chuchotage", "close up", "cheek by jowlr", "neighbouring group", "vicinage", "in close neighbourhood", "beacon", "proximitized", "neighborhood", "powder burn", "about", "approximatio", "twin city", "close", "proximation", "proxigee", "nextness", "like white on rice", "away"], ["heart", "close", "foramen ovale"], ["aapproximate", "vestimate", "approximatio", "ballparking", "vrough", "general", "stadium", "vicinity", "ballparks", "baseball", "aorder of magnitude", "aclose", "close", "field", "park", "broad", "ball", "estimate"], ["asultry", "aclose", "stoke newingto"], ["occlusio", "close", "opening", "occlude", "muscle"], ["adefend", "abarricade", "aclose", "aobstruct"], [], ["vally", "vbox", "vfight", "vclose", "battle", "vopponent", "fight"], [], [], ["vdisclose", "romance", "familiar", "sale", "intimating", "presignify", "infidelity", "store", "intimatest", "thick", "underwear", "friend", "nearest and dearest", "colloid", "sleepwear", "unintimate", "acquaintance", "lingerie", "earful", "intimacy", "vsuggest", "camillagate", "intimated", "intimatio", "bewed", "afamiliar", "take to one's bosom", "intimateth", "connected", "platonic love", "chummy", "intimism", "intimates", "aprivate", "intimateness", "intimatelyr", "autotopography", "unintimated", "bedroomy", "fraternization", "tatee", "intimation", "koinonia", "asexual", "t\u00eate \u00e0", "thick as thieves", "aacquaint", "homely", "apersonal", "whole footed", "zygotene", "aclose", "pillow talk", "vdiscreet", "nonintimate", "arelationship", "intimator", "sleep together", "cupcake", "fraternize", "incestuous", "closeness", "apparel", "cozy"], [], [], ["vstitch", "vclose", "stitch", "vshut"], [], ["aclose", "strand", "five", "end", "arabic numeral", "dna", "phosphate", "5ns"], ["cadence", "passage", "conclusio", "end", "close", "period", "clause"], ["aclose", "aocclude"], [], ["clg", "galaxies", "ca", "close", "stars", "builder's mug", "cen", "centilitre", "star cluster", "sc", "cluster", "galaxy cluster", "caesium chloride"], [], [], ["aclose"], ["identical", "close", "overcast", "cloudy", "meaning"], ["aabdome", "aclose", "afront", "proximoventrallyr"], [], ["shed", "lean to", "close", "decline", "end", "settling", "building"], [], [], [], ["zipper", "run do v", "nonclosure", "close", "debate", "environment", "locally compact", "subset", "thunk", "nasal", "closureless", "closures", "oxycephaly", "bound variable", "parliamentary", "colpocleisis", "stopped", "acg", "set", "counterincision", "boundary", "closed set", "precompact", "bottle cap", "support", "atelectrauma", "cloture", "postclosure", "semiclosure", "polynormal", "occlusion", "derecruitment", "vote", "cone", "wrap dress", "glottalic", "preclosure", "measure", "smallest", "algebraic structure", "sober space", "myringoplasty", "aneurysmorrhaphy", "property", "preclosing", "baldwin's rules", "laryngismus", "legislative", "hartal", "ideal", "abstractio", "bogota bag", "scope", "door", "butto", "stitch", "latch", "gate", "complete", "lock"], ["stop", "cork", "stoppering", "statio", "playspot", "tampion", "stoppered", "commodity", "freeze valve", "decanter", "stoppage", "west indies", "jug", "knot", "bottle cap", "stopper knot", "plugging", "tampoon", "vclose", "cork borer", "stoppers", "fast", "cleat", "stopple", "eugenia", "restopper", "vcontainer", "unstopper", "florida", "retentive", "rope", "goalkeeper", "stopping", "bung", "futures market", "destinatio", "origi", "saltmouth", "selvagee", "genus", "flacon", "tree", "trai", "unravel", "brake", "anchor", "plug", "umbrella", "break"], ["aclose"], ["incestuous", "i word", "close", "incestual", "anti incest", "first cousi", "brotherfucker", "incester", "westermarck effect", "immediate family", "inbred", "consanguinamory", "inbreeder", "consanguinity", "incestlike", "hamletian", "proincest", "motherfucker", "fauxcest", "relatio", "sonfucker", "incested", "sexual", "sexual intercourse", "sisterfucker", "incestophile", "spiritual incest", "incestism", "relative", "marry out", "ness", "inbreeding"], ["close"], ["st", "enstraiten", "firth of lorn", "socotra passage", "euripus", "strait of hormuz", "strait of gibraltar", "straitness", "port orchard", "debouchure", "aclose", "stress", "anarrow", "isthmus", "luzon strait", "tickle", "enclavement", "gibraltar", "bering strait", "narrow", "oresund", "strait of dover", "sunda", "streit", "strait of juan de fuca", "arestricted", "euripus strait", "aspace", "nares strait", "mozambique channel", "jamaica channel", "strait of georgia", "straiten", "dardanelles", "transfretation", "fehmarn belt", "mazy", "korea strait", "guldborgsund", "astrict", "arighteous", "ta\u00f1on strait", "irbe strait", "strait of otranto", "hellespont", "bosporus", "strait of kerch", "kick em jenny", "strait of sicily", "sound", "hecate strait", "minch", "sunda strait", "bogue", "bab el mandeb", "fretum", "robeson channel", "bass strait", "torres strait", "strait of bonifacio", "strait of malacca", "wallacea", "neck", "aroom"], [], [], ["seal", "vclose", "vseal"]], "/r/UsedFor": [[], [], ["kissing"], [], [], [], [], [], [], [], [], [], [], [], [], [], [], [], [], [], [], [], [], [], [], [], [], [], [], [], [], [], [], [], ["finding lost item", "thanking", "bringing suit"], [], [], [], [], [], [], [], []], "/r/LocatedAt": [[], [], [], [], [], [], [], [], [], [], [], [], [], [], [], [], [], [], [], [], [], [], [], [], [], [], [], [], [], [], [], [], [], [], [], [], [], [], [], [], [], [], []], "/r/FormOf": [["nears", "neared", "nearing", "nearest", "nearer"], ["shuts", "shuttest", "shutting", "shutteth", "shutted", "shuttedst"], ["closenesses"], ["distancing", "distances", "distanced"], ["proximities"], [], ["ballparks", "ballparking", "ballparked"], [], ["occlusors"], [], [], ["infights", "infighting", "infought"], [], [], ["intimating", "intimated", "intimates", "intimatest", "intimateth"], [], [], ["steeks", "steeking", "steeked", "steik"], [], [], ["clausulae"], [], [], [], [], [], [], [], [], [], ["fall"], [], [], [], ["closures"], ["stoppered", "stoppers", "stoppering"], ["closable"], ["incested", "incesting", "incests"], ["reclosures"], ["straitest", "straiting", "straits", "straited", "straiter"], [], [], ["overseals", "oversealed", "oversealing"]], "/r/IsA": [[], [], ["togetherness feeling", "furtiveness attribute", " feelingbelonging feeling", " attributeunsociability attribute"], ["way attribute", " attributespacing attribute", "mean distance attribute", "skip distance attribute", "wingspan attribute", "elevation attribute", "span attribute", "mileage attribute", "piece attribute", "hour attribute", "yardage attribute", "leg seafaring attribute", " timepoint time", "arm's length attribute", "gauge attribute", " locatioregion locatio", "hour angle location attribute", "wheelbase attribute", "wavelength attribute", " attributesize attribute", " feelingindifference feeling", " timetime interval time", "altitude shape attribute", "remove attribute", "wingspread attribute", "nearness attribute", "farness attribute", "leap attribute", "light time attribute", "focal distance attribute", "interval attribute", "hyperfocal distance attribute", "distance travelled in direction", "height", "quantity", "width", "interval", "widthopencycwidth 451", "one dimensional quantity", "altitude", "distance travelled", "absolute distance", "elevation of airport", "interval in space"], [" locatiovicinity locatio", "presence location locatio", " cognitiogestalt law of organization cognitio", " attributenearness attribute"], [], [" baseballstadium artifact"], [], [], [], [], [], [], [], [], [], [], [], [], ["characters", "number", "wpmurder by numbersalbum", "album", "locomotive"], [], [], [], ["inorganic substance", "baseopencycchemically basic substance", "wpsingermusical artist"], [], [], [], [], [], [], [], [], [], [], ["layoff act", "bank closing act", " acttermination act", " communicatioorder communicatio", " cognitiogestalt law of organization cognitio", "plant closing act", "closure by compartment communication communicatio", "hook and eye", "clasp", "function closure", "wpvideoalbum"], [" bridgeplaying card artifact"], [], [" actunlawful carnal knowledge act", "cousincest", "sibcest", "twincest", "fauxcest", "example of taboo", "sexual activity"], [], [" objectchannel river", "narrow object", "soundopencycchannel body of water link", "natural thing"], [], [], []], "/r/PartOf": [[], [], [], [], [], [], ["bullpen artifact baseball", "ball field artifact baseball", "dugout artifact baseball", "stand artifact baseball"], [], [], [], [], [], [], [], [], [], [], [], [], [], [], [], [], [], [], [], [], [], [], [], [], [], [], [], [], [], [], [], [], [], [], [], []], "/r/HasA": [[], [], [], [], [], [], [], [], [], [], [], [], [], [], [], [], [], [], [], [], [], [], [], [], [], [], [], [], [], [], [], [], [], [], [], [], [], [], [], [], [], [], []], "/r/CapableOf": [["crowd space"], [], [], [], [], [], [], [], [], [], [], [], [], [], [], [], [], [], [], [], [], [], [], [], [], [], [], [], [], [], [], [], [], [], [], ["wedge open door"], [], [], [], [], [], [], []], "/r/AtLocation": [["soccer field"], [], [], [], [], [], ["wiener dog", "box artifact baseball", "stadium stand", "box office", "first base", "peanuts", "baseball fans", "game", "baseball players", "hotdogs", "on deck circle"], [], [], [], [], [], [], [], [], [], [], [], [], [], [], [], [], [], [], [], [], [], [], [], [], [], [], [], [], [], [], [], [], [], [], [], []], "/r/HasProperty": [["animals can reason food"], [], [], [], [], [], [], [], [], [], [], [], [], [], [], [], [], [], [], ["five"], [], [], [], [], [], [], [], [], [], [], [], [], [], [], [], [], [], ["considered wrong in nearly every society"], [], [], [], [], []], "/r/CreatedBy": [[], [], [], [], [], [], [], [], [], [], [], [], [], [], [], [], [], [], [], [], [], [], [], [], [], [], [], [], [], [], [], [], [], [], [], [], [], [], [], [], [], [], []], "/r/Synonym": [["v motioapproach motio", "close a ", "a dear ", "a nigh ", "r virtuallyr ", "a approximate ", "nigh a ", "a penny pinching ", "adjacent", "r closer ", "aboutr", "near side", "aclose to", "come close", "come closer", "aclose", "close", "rnearly", "nigh", "about", "near to"], ["v socialexclude social", "a closed ", "closed a ", "v contactclose contact", "unopen a ", "closed"], [" attributemeanness attribute", "intimacy feeling", " attributefamiliarity attribute", " attributestuffiness attribute", "proximity", " attributenearness attribute", "secretiveness attribute", "nearness", "intimacy"], ["aloofness feeling", "length attribute", "v motiooutdistance motio", "space time", "way", "interval", "farness"], ["nearness", "propinquity attribute", "closeness", "law of proximity cognition cognitio", "neighborhood", "propinquity", "contiguity", "vicinity"], [], [" attributeapproximate range attribute", "park baseball"], [], [], [], [], [], [], [], ["a versed ", "a familiar ", "adumbrate communication communicatio", "a internal ", "v communicatiosuggest communicatio", "insinuate communication communicatio", " persoconfidant perso", "sexual a ", "private a ", "a informal ", "allude", "bosom buddy", "homey", "inmost", "insinuate"], [], [], [], [], ["five a ", " quantityfive quantity", "cena a ", "five", "wpmurder by numberswpmurder numbers", "wpnumberwpnumber", ""], ["cadence"], [], [], [" substancechlorine substance", " quantitycentiliter quantity", "star cluster", "wpsingerwpsinger"], [], [], [], [], [], [], [], [], [], [], ["cloture communication communicatio", "closing act", "closedoact", " actclosing act", "law of closure cognition cognitio", "shutdoact", "cloture change", " actblockage act", "gag rule communication communicatio", "gag law communication communicatio", " artifactblockage artifact", " cognitiosettlement cognitio", "cloture", "wptopologywptopology", "wpvideowpvideo", "wpcomputer programmingwpcomputer programming"], [" communicatioconversation stopper communicatio", " artifactplug artifact", " communicatioshow stopper communicatio", "stopple contact", "vcongest", "vstop up", "local", "vblock", "vplug", "vtamp", "vstop", "vchoke", "vfill", "vstuff", "velectric plug", "vclog", "plug"], ["shuttable"], ["inbreeding", ""], [], ["sound object", " statepass state", "tight", "anarrow", "sound"], [], [], []], "/r/LocatedNear": [[], [], [], [], [], [], [], [], [], [], [], [], [], [], [], [], [], [], [], [], [], [], [], [], [], [], [], [], [], [], [], [], [], [], [], [], [], [], [], [], [], [], []], "/r/SimilarTo": [["warm a ", "a adjacent ", "adjacent a ", "nearby a ", "a warm ", "a nearby ", "a artificial ", "a hot ", "artificial a ", "hot a ", "anearby", "nearby"], ["vclose", "aclosed", "closed"], [], [], [], [], [], [], [], [], [], [], [], [], ["personal a ", "close a ", "a close ", "a sexy ", "sexy a ", "a personal ", "a sexual ", "sexual a "], [], [], [], [], ["a cardinal ", "cardinal a "], [], [], [], [], [], [], [], [], [], [], [], [], [], [], [], [], [], [], [], ["narrow a ", "a narrow ", "narrows"], [], [], []], "/r/MadeOf": [[], [], [], [], [], [], [], [], [], [], [], [], [], [], [], [], [], [], [], [], [], [], [], [], [], [], [], [], [], [], [], [], [], [], [], [], [], [], [], [], [], [], []], "/r/ReceivesAction": [[], ["refrigerators only work when door"], [], ["measured in meters"], [], [], [], [], [], [], [], [], [], [], [], [], [], [], [], [], [], [], [], [], [], [], [], [], [], [], [], [], [], [], [], [], [], [], [], [], [], [], []]}, "/r/UsedFor": {"/r/RelatedTo": [[], []], "/r/UsedFor": [[], []], "/r/LocatedAt": [[], []], "/r/FormOf": [[], []], "/r/IsA": [[], []], "/r/PartOf": [[], []], "/r/HasA": [[], []], "/r/CapableOf": [[], []], "/r/AtLocation": [[], []], "/r/HasProperty": [[], []], "/r/CreatedBy": [[], []], "/r/Synonym": [[], []], "/r/LocatedNear": [[], []], "/r/SimilarTo": [[], []], "/r/MadeOf": [[], []], "/r/ReceivesAction": [[], []]}, "/r/LocatedAt": {}, "/r/FormOf": {"/r/RelatedTo": [["close", "vclose", "door", "shutter", "zipper"], ["nearest and dearest", "proximate", "apsis", "back foot", "nearest", "roche limit", "mercury", "family", "su"], ["a shut ", "shut a ", "obstructed a ", "a sealed ", "sealed a ", "a obstructed ", "sleep", "afree", "convertible", "acomplement", "poloid", "closedness", "cone", "sober space", "aope", "upper semi continuous", "acontai", "lamination", "biodome", "biclosed", "polygon of forces", "meander", "hyperhamiltonian", "jordan curve", "symplectic", "supershape", "category", "subgroupoid", "demiclosed", "pseudovariety", "aimpassable", "alack", "topology", "subsemigroup", "pluriclosed", "lickorish wallace theorem", "cycle", "aimage", "mixfix", "on latch", "avariable", "plagiostomy", "leafspace", "swing bin", "oil gas", "disconnected", "occluded", "deadlight", "electric circuit", "semialgebra", "spaceship earth", "heegaard", "aclose", "gas engine", "natural", "transfenestrate", "null infinity", "chinese postman problem", "aloop", "unopened", "superdisk", "stopped", "vclose", "claustrophobia", "multilobe", "walled garden", "quantum logic", "nonclosed", "macrocyclic", "uvala", "unclosed", "quasibound", "poincar\u00e9 conjecture", "aoperatio", "outside world", "lower semi continuous", "fundamental group", "ellipse", "semigroup", "clopen", "asealed", "superellipse", "semiclosed", "ainaccessible", "monoid", "klein bottle", "murasugi sum", "ministring", "superellipsoid", "k cell", "pseudo penannular", "microsupport", "cosymplectic", "subalgebra", "door", "box", "room", "punch", "latch", "bud", "lock", "squint", "convent", "wink"]], "/r/UsedFor": [[], [], []], "/r/LocatedAt": [[], [], []], "/r/FormOf": [["close", "vclose"], ["aclose", "vclose"], ["vclose"]], "/r/IsA": [[], [], []], "/r/PartOf": [[], [], []], "/r/HasA": [[], [], []], "/r/CapableOf": [[], [], []], "/r/AtLocation": [[], [], []], "/r/HasProperty": [[], [], []], "/r/CreatedBy": [[], [], []], "/r/Synonym": [[], ["nearestr r ", "nighestr r "], ["shut a ", "a shut ", "a closed in ", "a unsympathetic ", "ashut", "tor"]], "/r/LocatedNear": [[], [], []], "/r/SimilarTo": [[], [], ["a restricted ", "nonopening a ", "dra a ", "winking a ", "a compressed ", "a dra ", "squinched a ", "compressed a ", "a blocked ", "a squinched ", "a winking ", "blocked a ", "a stoppered ", "a nonopening ", "restricted a ", "union a ", "stoppered a ", "a shuttered ", "a union ", "shuttered a ", "shut", "ashut"]], "/r/MadeOf": [[], [], []], "/r/ReceivesAction": [[], [], ["door", "restaurants", "emacs", "shopping mall", "window", "mines", "books on shelves", "on sundays in many countries shops", "opened"]]}, "/r/IsA": {}, "/r/PartOf": {}, "/r/HasA": {}, "/r/CapableOf": {}, "/r/AtLocation": {}, "/r/HasProperty": {}, "/r/CreatedBy": {}, "/r/Synonym": {"/r/RelatedTo": [[], [], [], [], [], [], [], [], [], [], [], ["a ", "tense a ", "impermeable a ", "seaworthy a ", "a tense ", "a seaworthy ", "a impermeable ", "squeeze box", "loose fitting", "jodhpurs", "butter muslin", "clench", "as tight dick's hatband", "tighten up", "shoestring", "hospital corner", "lag", "squeeze", "sweater girl", "tight as drum", "cramped", "looseness", "overtight", "compressed", "tag", "on shoestring", "claustrophilia", "claustrophobia", "squeezy", "frontal wedgie", "taut", "strict", "supertight", "raintight", "stretch", "gap concept", "close fitting", "hard", "bathing suit", "seize up", "viselike", "cameltoe", "close as wax", "arehearse", "easy", "tighten", "fat pants", "hiphugger", "clingwikten 1", "squidge", "untightened", "tightening", "tightlyr", "squeeze into", "mooseknuckle", "tightish", "bear hug", "tight as duck's ass", "untighten", "tightness", "deglaze", "ultratight", "sleepsack", "loosened", "ruched", "baselayer", "tight as duck's arse", "well made play", "narrow", "crowd", "close", "grip"], [], [], [], [], [], [], [], [], [], [], [], [], [], ["sweltery", "smoky", "unsultry", "sweltry", "sultrilyr", "stokey", "ahot", "sultriness", "asexually", "ahumid", "atorrid"], []], "/r/UsedFor": [[], [], [], [], [], [], [], [], [], [], [], [], [], [], [], [], [], [], [], [], [], [], [], [], [], [], []], "/r/LocatedAt": [[], [], [], [], [], [], [], [], [], [], [], [], [], [], [], [], [], [], [], [], [], [], [], [], [], [], []], "/r/FormOf": [[], [], [], [], [], [], [], [], [], [], [], ["tighter", "tighting", "tighterr", "tightest", "tighted"], [], [], [], [], [], [], [], [], [], [], [], [], [], ["sultrier", "sultriest"], []], "/r/IsA": [[], [], [], [], [], [], [], [], [], [], [], [], [], [], [], [], [], [], [], [], [], [], [], [], [], [], []], "/r/PartOf": [[], [], [], [], [], [], [], [], [], [], [], [], [], [], [], [], [], [], [], [], [], [], [], [], [], [], []], "/r/HasA": [[], [], [], [], [], [], [], [], [], [], [], [], [], [], [], [], [], [], [], [], [], [], [], [], [], [], []], "/r/CapableOf": [[], [], [], [], [], [], [], [], [], [], [], [], [], [], [], [], [], [], [], [], [], [], [], [], [], [], []], "/r/AtLocation": [[], [], [], [], [], [], [], [], [], [], [], [], [], [], [], [], [], [], [], [], [], [], [], [], [], [], []], "/r/HasProperty": [[], [], [], [], [], [], [], [], [], [], [], [], [], [], [], [], [], [], [], [], [], [], [], [], [], [], []], "/r/CreatedBy": [[], [], [], [], [], [], [], [], [], [], [], [], [], [], [], [], [], [], [], [], [], [], [], [], [], [], []], "/r/Synonym": [[], [], [], [], [], [], [], [], [], [], [], ["anarrow", "a compressed ", "a close ", "fastr r ", "a stringent ", "a nasty ", "aclose", "a miserly ", "r closelyr ", "a blind drunk ", "a taut ", "aclose fisted", "apolished", "amellow", "astinky", "aimpassable", "astrait", "aloose", "adisguise", "aintoxicated", "aboozy", "adrew", "strict", "rfast", "critical", "ataut", "adrunk", "apenurious", "afirmly", "amiserly", "astrict", "acompact", "aace", "rsoundly", "astingy", "aparsimonious", "acontest", "aleaky"], [], [], [], [], [], [], [], [], [], [], [], [], [], ["a sensual ", "a sulphurous ", "airless", "stiffling", "aclose"], []], "/r/LocatedNear": [[], [], [], [], [], [], [], [], [], [], [], [], [], [], [], [], [], [], [], [], [], [], [], [], [], [], []], "/r/SimilarTo": [[], [], [], [], [], [], [], [], [], [], [], ["watertight a ", "a skin tight ", "a dripless ", "a invulnerable ", "a snug ", "skin tight a ", "hermetic a ", "air tight a ", "a choky ", "compact a ", "a clenched ", "clenched a ", "a secure ", "secure a ", "a leakproof ", "waterproofed a ", "a waterproofed ", "a economicsscarce ", "a air tight ", "invulnerable a ", "snug a ", "a tightly fitting ", "a close fitting ", "viselike a ", "tightly fitting a ", "a compact ", "dripless a ", "a hermetic ", "close fitting a ", "a viselike ", "scarce a economics", "leakproof a ", "a watertight ", "choky a "], [], [], [], [], [], [], [], [], [], [], [], [], [], [], []], "/r/MadeOf": [[], [], [], [], [], [], [], [], [], [], [], [], [], [], [], [], [], [], [], [], [], [], [], [], [], [], []], "/r/ReceivesAction": [[], [], [], [], [], [], [], [], [], [], [], [], [], [], [], [], [], [], [], [], [], [], [], [], [], [], []]}, "/r/LocatedNear": {}, "/r/SimilarTo": {"/r/RelatedTo": [[], [], [], [], [], [], [], [], [], [], [], [], [], [], [], [], [], [], [], [], [], [], [], [], [], [], [], [], [], [], [], [], [], [], [], [], [], [], [], [], [], [], [], [], [], [], [], [], [], [], [], [], [], [], [], [], [], [], [], [], [], [], [], [], ["local", "propinquent", "hong kong", "hand", "aclose", "splash damage", "close by", "proximitous", "marsupialize", "accolent", "aadjacent", "vicinity", "presbyopia", "short range", "cisregulation", "rclose to", "nearhand", "coand\u0103 effect", "nearhandr", "yandang", "ajax", "this one", "hereaboutr", "rnext to", "at corner", "anear", "neighbour", "cisregulatory", "float around", "sakurajima", "at hand", "nerehonder", "close", "around", "su", "closer", "bar", "elbow"]], "/r/UsedFor": [[], [], [], [], [], [], [], [], [], [], [], [], [], [], [], [], [], [], [], [], [], [], [], [], [], [], [], [], [], [], [], [], [], [], [], [], [], [], [], [], [], [], [], [], [], [], [], [], [], [], [], [], [], [], [], [], [], [], [], [], [], [], [], [], []], "/r/LocatedAt": [[], [], [], [], [], [], [], [], [], [], [], [], [], [], [], [], [], [], [], [], [], [], [], [], [], [], [], [], [], [], [], [], [], [], [], [], [], [], [], [], [], [], [], [], [], [], [], [], [], [], [], [], [], [], [], [], [], [], [], [], [], [], [], [], []], "/r/FormOf": [[], [], [], [], [], [], [], [], [], [], [], [], [], [], [], [], [], [], [], [], [], [], [], [], [], [], [], [], [], [], [], [], [], [], [], [], [], [], [], [], [], [], [], [], [], [], [], [], [], [], [], [], [], [], [], [], [], [], [], [], [], [], [], [], []], "/r/IsA": [[], [], [], [], [], [], [], [], [], [], [], [], [], [], [], [], [], [], [], [], [], [], [], [], [], [], [], [], [], [], [], [], [], [], [], [], [], [], [], [], [], [], [], [], [], [], [], [], [], [], [], [], [], [], [], [], [], [], [], [], [], [], [], [], []], "/r/PartOf": [[], [], [], [], [], [], [], [], [], [], [], [], [], [], [], [], [], [], [], [], [], [], [], [], [], [], [], [], [], [], [], [], [], [], [], [], [], [], [], [], [], [], [], [], [], [], [], [], [], [], [], [], [], [], [], [], [], [], [], [], [], [], [], [], []], "/r/HasA": [[], [], [], [], [], [], [], [], [], [], [], [], [], [], [], [], [], [], [], [], [], [], [], [], [], [], [], [], [], [], [], [], [], [], [], [], [], [], [], [], [], [], [], [], [], [], [], [], [], [], [], [], [], [], [], [], [], [], [], [], [], [], [], [], []], "/r/CapableOf": [[], [], [], [], [], [], [], [], [], [], [], [], [], [], [], [], [], [], [], [], [], [], [], [], [], [], [], [], [], [], [], [], [], [], [], [], [], [], [], [], [], [], [], [], [], [], [], [], [], [], [], [], [], [], [], [], [], [], [], [], [], [], [], [], []], "/r/AtLocation": [[], [], [], [], [], [], [], [], [], [], [], [], [], [], [], [], [], [], [], [], [], [], [], [], [], [], [], [], [], [], [], [], [], [], [], [], [], [], [], [], [], [], [], [], [], [], [], [], [], [], [], [], [], [], [], [], [], [], [], [], [], [], [], [], []], "/r/HasProperty": [[], [], [], [], [], [], [], [], [], [], [], [], [], [], [], [], [], [], [], [], [], [], [], [], [], [], [], [], [], [], [], [], [], [], [], [], [], [], [], [], [], [], [], [], [], [], [], [], [], [], [], [], [], [], [], [], [], [], [], [], [], [], [], [], []], "/r/CreatedBy": [[], [], [], [], [], [], [], [], [], [], [], [], [], [], [], [], [], [], [], [], [], [], [], [], [], [], [], [], [], [], [], [], [], [], [], [], [], [], [], [], [], [], [], [], [], [], [], [], [], [], [], [], [], [], [], [], [], [], [], [], [], [], [], [], []], "/r/Synonym": [[], [], [], [], [], [], [], [], [], [], [], [], [], [], [], [], [], [], [], [], [], [], [], [], [], [], [], [], [], [], [], [], [], [], [], [], [], [], [], [], [], [], [], [], [], [], [], [], [], [], [], [], [], [], [], [], [], [], [], [], [], [], [], [], ["close", "contiguouslyr"]], "/r/LocatedNear": [[], [], [], [], [], [], [], [], [], [], [], [], [], [], [], [], [], [], [], [], [], [], [], [], [], [], [], [], [], [], [], [], [], [], [], [], [], [], [], [], [], [], [], [], [], [], [], [], [], [], [], [], [], [], [], [], [], [], [], [], [], [], [], [], []], "/r/SimilarTo": [[], [], [], [], [], [], [], [], [], [], [], [], [], [], [], [], [], [], [], [], [], [], [], [], [], [], [], [], [], [], [], [], [], [], [], [], [], [], [], [], [], [], [], [], [], [], [], [], [], [], [], [], [], [], [], [], [], [], [], [], [], [], [], [], ["near a ", "a near ", "anear", "aclose", "near"]], "/r/MadeOf": [[], [], [], [], [], [], [], [], [], [], [], [], [], [], [], [], [], [], [], [], [], [], [], [], [], [], [], [], [], [], [], [], [], [], [], [], [], [], [], [], [], [], [], [], [], [], [], [], [], [], [], [], [], [], [], [], [], [], [], [], [], [], [], [], []], "/r/ReceivesAction": [[], [], [], [], [], [], [], [], [], [], [], [], [], [], [], [], [], [], [], [], [], [], [], [], [], [], [], [], [], [], [], [], [], [], [], [], [], [], [], [], [], [], [], [], [], [], [], [], [], [], [], [], [], [], [], [], [], [], [], [], [], [], [], [], []]}, "/r/MadeOf": {}, "/r/ReceivesAction": {}}}, "":{}}