{"connected": {"N1": {"/r/RelatedTo": ["cutpoint", "multiconnected", "unrelated", "tie in", "contiguous", "gyroid", "power supply", "disjointed", "aundirected path", "tethered", "webbed", "schematic drawing", "totally disconnected", "apath", "isthmoid", "arapport", "lickorish wallace theorem", "cybersex", "isthmus", "continuum", "disconnected", "wiring diagram", "cyberia", "awell", "linked", "connectable", "always on", "overconnected", "hang together", "accepted pairing", "no man is island", "region", "en suite", "nonbridged", "school of thought", "aposyndetic", "chinese postman problem", "irrelevant", "connectitude", "offline", "avertex", "divorce", "alembic", "wired", "pseudoforest", "arelationship", "aopen set", "cocktail party graph", "communicate", "earthed", "concomitate", "adirected path", "unconnected", "separated", "connectedness", "abond", "connectedlyr", "connectivity", "legator", "sysplex", "chromatic number", "solvmanifold", "flow battery", "aintimate", "shafting", "connected component", "anonempty", "nonconnected", "disjunctive", "on air", "aaffectio", "peer to", "desultory", "interval", "bethe lattice", "bound up", "monodendron", "preconnected", "colligated", "arm", "neck", "leg", "hand", "religio", "finger", "line", "head", "insight", "relatio", "circuit", "link", "links"], "/r/UsedFor": [], "/r/LocatedAt": [], "/r/FormOf": ["connect", "vconnect"], "/r/IsA": ["path connected", "arc connected"], "/r/PartOf": [], "/r/HasA": [], "/r/CapableOf": [], "/r/AtLocation": [], "/r/HasProperty": [], "/r/CreatedBy": [], "/r/Synonym": ["a machine accessible ", "a affiliated ", "acoherent", "affined", "aaki", "arelated", "aaffined", "akindred", "continuous"], "/r/LocatedNear": [], "/r/SimilarTo": ["a neighboring ", "neighboring a ", "a well connected ", "coupled a ", "on a ", "affined a ", "adjunctive a ", "well connected a ", "a coupled ", "a engaged architecture", "a conterminous ", "a affined ", "a wired ", "a on ", "conterminous a ", "wired a ", "a adjunctive ", "engaged architecture "], "/r/MadeOf": [], "/r/ReceivesAction": ["all things", "all seas on earth", "all earth's oceans", "computers"]}, "N2": {"/r/RelatedTo": {"/r/RelatedTo": [["connected", "space", "point", "removal", "disconnect"], ["aconnectio", "aconnected"], ["unconnected a ", "ignorable", "blood brother", "holly", "outbreeding", "irrelated", "knifefish", "conglomerate", "by accidentr", "varnish tree", "exogamy", "fictive kin", "pleiotypic", "diglossia", "akinship", "nonrelated", "technology transfer", "carnivorous plant", "unrelatedness", "eclectic", "polylectic", "irrelate", "aassociated", "horse of different color", "insectivorous plant", "arelated", "tangent", "homeomorphism", "spillover effect", "disrelated", "unrelatedlyr", "aconnected", "convergence", "allseed", "irrelative", "romantic friendship", "dissociate", "adopt"], [], ["acontiguity", "spandrel", "w shingling", "conferruminate", "aabut", "gc box", "archipallium", "contiguous united states", "noncontiguous", "semicontiguous", "aconnected", "aadjacent", "n gram", "bull run", "island", "four color theorem", "coadjacent", "kadane's algorithm", "polygonation", "contiguousness", "approximal", "defragment", "atouching", "arraylet", "clustering", "hyperthesis", "noncontiguousness", "aconnecting", "uncontiguous", "conterminous", "acoterminous", "shear strength", "contiguation", "confine", "noncontiguouslyr", "abutter", "food court", "holorhinal", "adjacence", "landmass", "continuous", "incontiguous", "adjacent", "euroregion", "multicontiguous", "aneighboring", "noncontiguity", "contiguouslyr", "discontiguous", "ordos", "chondroglossus", "critical exponent", "coterminous", "extent", "macroblocking"], ["agyroidal", "connected", "infinite", "straight line", "minimal surface", "gyroids", "periodic"], [], ["aconnected", "disarticulated", "disjointedness", "disconnected", "acontinuous", "bonesetter", "acoherent", "disjointlyr", "disjoint", "nondisjointed", "disjointedlyr", "choppy changey"], [], ["vtether", "atether", "astrapped", "aconnected", "nontethered", "ahobble", "atethering", "atied", "untethered"], ["duck", "aconnected", "locken", "aweb", "adigit", "oligosyndactyly", "amembrane", "unwebbed", "aworld wide web", "fall webworm", "potamian", "aresembling", "nonwebbed", "palmated", "webfooted", "bat"], [], [], [], ["deletio", "connected", "graph", "vertex", "set"], [], [], ["cybering", "remotely", "cybererotic", "technosex", "cyberrelationship", "messages", "netsex", "virtual", "cybersexing", "connected", "cybersexed", "cybersexy", "sexual", "encounter", "vonline", "cybersexual", "cyber", "vmultimedia", "phone sex", "cybersexuality", "cyberrape", "cyberprostitution", "vmasturbatio", "explicit", "yiff"], ["structure", "strip", "isthmuses", "isthmian", "strait", "new spain", "water", "connected", "edge", "graph", "two", "border", "such", "isthmic", "landmass", "part", "isthmectomy", "deletio", "isthmitis", "isthmi", "narrow", "transisthmian", "land bridge", "island"], ["continual", "set", "anticontinuum", "compact", "curve", "mijikenda", "continuous", "metric space", "continuumlike", "series", "connected", "subcontinuum", "countably infinite", "horseshoe theory", "keyboard", "latin american spanish", "crioulo", "schizotypy", "eddington luminosity", "hypercontinuum", "old italian", "real number", "semitone", "anyon", "elfdalian", "disconnect", "ibero romance", "byzantine greek", "zenonism", "extent", "safaitic", "political spectrum", "continuum theory", "quasicontinuum", "continuums", "dendroid", "spacetime", "continua", "time"], ["unconnected", "linkless", "ano longer", "smithereens", "anonempty", "ptygmatic", "disconnectedness", "aempathy", "fragmentary", "disconnectedlyr", "apartitio", "bridge gap", "aassociatio", "aconnected", "abstracted", "remote", "asubset", "aope", "adisjointed", "quasiseparable", "vdisconnect", "unreconnected", "triconnected", "aincoherent", "biconnected", "inconnected", "aclosed", "asynartete", "detachment", "island maze", "dust", "detachable"], [], ["virtual", "connected", "cyberspace", "computer", "user", "network"], [], ["cotransfer", "arecord", "consociated", "amodule", "elispot", "link topology", "polyphosphate", "chained", "alinked list", "nonlinked", "enlinked", "dark fluid", "aconnected", "hypermedia", "vlink", "linkwork", "hierarchical database", "hydrogen bonded", "keyring", "alink", "abelinkedness", "phospholinked", "karass", "hyper"], ["connectability", "aconnected", "connectible", "unconnectable"], [], ["overconnectedness", "aconnectio", "aconnected"], [], [], [], ["regional", "rgn", "oort cloud", "country", "district", "area", "ideopolis", "heterogeneous mixture", "oesling", "locoregional", "regionalism", "roi", "magnesia", "regionwide", "honeycomb conjecture", "air shed", "central", "picardy", "regionic", "part", "\u0153nophyta", "regionwider", "bikini line", "white flight", "slavedom", "songjiang", "region code", "battleship shaped curve", "digging", "chorographer", "regions", "central greece", "setouchi", "plough jockey", "eco region", "manawatu wanganui", "depopulate", "messene", "chorography", "semispace", "abruzzi", "soccsksargen", "self government", "air pocket", "cockneydom", "champagne", "sectionalism", "hadhramaut", "toponymy", "tract", "limousin", "interregional", "gutland", "mede", "biregional", "westphalia", "field", "mesoamerica", "konkani", "ward", "transregional", "taranaki", "pale of settlement", "body", "entity", "new territories", "big eye", "regioning", "abitibi", "jubaland", "vacuum", "workforce", "subtemperate", "clime", "microclimate", "regionarius", "viewlet", "junction transistor", "bourgogne franche comt\u00e9", "illawarra", "geographical", "dobruja", "southern", "yankeedom", "lumbopelvic", "midnight sun", "uyghuristan", "cut wide swath", "georegion", "peakish", "subregion", "hauts de france", "edom", "cascadian", "subdivisio", "changi", "n\u00e9el wall", "near field", "arbelos", "polydemic", "local administrative unit", "watershedding", "auvergne", "bioregionalism", "geodistributed", "grand est", "european unio", "regionary", "superregional", "cultural", "suero", "atacama", "hilltribe", "place", "urbanization", "neck of woods", "territory", "central west region", "northeast", "jammu division", "mass starvation", "prefecture", "cartogram", "mormaerdom", "carniola", "canvasser", "equipotential", "autozygome", "balkanization", "supralocal", "default mode network", "indefinite", "lusatia", "provence alpes c\u00f4te d azur", "notoplate", "tlingit", "lorraine", "folk music", "northeast region", "beaver wars", "regionism", "slow food", "free trade area", "partium", "partition", "sovereignism", "administrative", "cow belt", "antispace", "border", "coverside", "torrid zone", "southeast region", "canvas", "rh\u00f4ne", "germany", "spinycheek sleeper", "basque country", "country wine", "jammu", "cognac", "anti devolutionist", "sea", "native", "economic output", "lapsang souchong", "intraregional", "vicinity", "middle east", "foodshed", "color", "subtropic", "space", "serbia", "wineland", "pemako", "transdanubia", "palatinate", "infield", "islamdom", "brodmann area", "golan", "department", "emilian", "near abroad", "pocket", "subarea", "nanoconfinement", "transregionallyr", "rojava", "somaliland", "transpolar", "infralimbic", "rome", "assyrian", "connected", "locale", "ozone shield", "regiolect", "mycoflora", "reconnoitered", "sudetenland", "kashmir", "gulf", "comarca", "chorochromatic", "city", "toraja", "zone", "midepigastric", "exonymy", "scanian", "recruit", "tonnage", "minisink", "south region", "breadbasket", "longxi", "cilicia", "patena", "regionally", "paralogon", "migrationism", "divisio", "lydia", "rhizosphere", "circular segment", "postal authority", "stratum", "sunnidom", "codespace", "electric field", "north country", "pomerania", "exitron", "brabantian", "tuscia", "placename", "folk", "ordos", "etruscan", "australasian", "terra", "roof of world", "province", "braj", "separatrix", "tenasserim", "quarter", "golden triangle", "tyrol", "macedonia", "regionalize", "surfcoast", "toponym", "northland", "graves", "carinthia", "floridization", "centrotemporal", "azonicwikten 1", "returnee", "access road", "locatio", "thought", "ozone layer", "geography", "extent", "theodiversity", "champagne ardenne", "moldova", "triregional", "bloch wall", "constellation", "rootzone", "hell and half of georgia", "considerable", "faunal", "r\u00edo muni", "tourism", "lumboabdominal", "hyperfield", "i.p.ir", "fibershed", "geodispersed", "pacific northwesterner", "statistical region", "center west region", "vicar forane"], [], ["aconnected", "abridge"], [], ["aneighborhood", "aconnected", "acompact"], [], ["extraneousness", "nitpicking", "aunimportant", "paste bomb", "you don't look at mantelpiece when you're poking fire", "impertinent", "facturd", "beside mark", "sideman", "dead rubber", "what does that have to do with price of tea in china", "beside point", "bliss ninny", "in zone", "what does that have to do with price of cor", "aconnected", "yesterday's news", "mox nix", "snippage", "dead and buried", "circumstantiality", "nonpertinent", "arelate", "snip", "filibuster", "shaggy dog story", "price of tea in china", "orthogonal", "distractibility", "irrelevancy", "signal to noise", "down for count", "who cares", "irrelevantlyr", "nongermane", "immaterial", "irrelephant", "matterless", "inapplicable", "irrelative", "narishkeit", "irrelevance", "aapplicable", "fun fact", "cut crap"], ["connectedness", "connected"], ["offlineable", "agrid", "ainternet", "nearline", "web application", "acomputer", "interline", "apower plant", "asystem", "aconnected", "acommunications", "invisible", "break internet", "areal world", "go do v"], [], ["separatio", "marriage", "divortiality", "broken home", "hildebrand rules", "divorces", "iddah", "conscious uncoupling", "vlegally", "khula", "vdissolve", "decree nisi", "talaq", "serial polygamy", "splitsville", "vseparate", "diffarreation", "technostrategic", "antidivorce", "alimonious", "separation", "deadbeat dad", "postdivorce", "dissolutio", "vinculo matrimonii", "hotchpot", "corollary relief", "rota", "undivorceable", "mutat", "put away", "prenuptial agreement", "nondivorce", "black humor", "divorceless", "corespondent", "redivorce", "divorced", "vobtai", "predivorce", "sura", "ex stepfather", "companionate marriage", "nikahnama", "qur", "legal", "stepfather", "split sheets", "ex stepmother", "connected", "husband in law", "midnuptial agreement", "county court", "alimony", "put asunder", "nondivorcing", "divorceable", "visitation", "equalization payment", "final decree", "divorcive", "wife in law", "divorcer", "split blanket", "maintenance", "unwive", "vmarriage", "community property", "vinculo matrimoniir", "affair", "settlement", "decree", "support"], ["alembics", "limbec", "purify", "campane", "tube", "connected", "retort", "apparatus", "substance", "chemical", "recipient", "distillatio"], ["apair", "aconnect", "athree of kind", "aelectric", "adevice", "aelectronic", "areinforced", "vwire", "miswired", "abound", "aequipped", "awire", "ainternet", "aexcited", "aoverstimulated", "asupported", "ahigh strung", "nonwireless", "aequipment", "aeavesdropping", "ahidde", "apower", "aseven card stud", "awires", "atied", "wiredness", "aconnected", "asource", "aonline", "vaporwarewpmagazine", "weird"], ["connected", "graph", "undirected", "component", "pseudoforests", "cycle"], [], [], [], ["talk", "communicator", "vto", "multicompetence", "vtell", "portmapper", "interoperable", "gas engine", "vimpart", "interaction design", "convey", "freedom of speech", "facilitated communication", "presymbolic", "catch one's drift", "postsymbolic", "virtual community", "e mentor", "wireless operator", "psychotypology", "communicatee", "vwine", "talkback", "semiographic", "communicating", "uncommunicated", "touch base", "communicatory", "telecommunicate", "goroutine", "babelism", "autodialer", "dactylology", "noncommunication", "bullroarer", "cable", "inbreathe", "saucisse", "veucharist", "s\u00e9ance", "message", "vbread", "ouija", "teslascope", "vtransmit", "vcommunicatio", "uncommunicable", "reveal", "radiotelegraph", "vknowledge", "vverbal", "communicant", "put across", "transmit", "exformation", "signalize", "telepath", "vintercourse", "prosopopoeia", "miscommunication", "uncommunicative", "overcommunicate", "inspire", "qso", "overcommunication", "laying on of hands", "preverballyr", "vcommunio", "express oneself", "waggle dance", "whalesong", "foreign correspondent", "sciomancer", "communicates", "break fourth wall", "can i use your phone", "aeradio", "avoid", "communicateth", "communicatest", "miscommunicate", "drake equation", "mainframe", "data", "babelesque", "telegraph", "nuncius", "signalist", "blind axle", "spiritualism", "preshared", "undercode", "speak", "microservice", "cooperative principle", "vconvey", "evidentiality", "covert channel", "vconnected", "vnonverbal", "incommunicable", "cost mark", "lose touch", "incommunicado", "vexpress", "vholy communio", "mailbox rule", "signal", "pen pal", "modem", "fermi paradox", "pseudoterminal", "cyberanonymity", "tracheocele", "vinformatio", "public key cryptography", "broadcast", "vexcommunicate", "compound fracture", "cross cultural communication", "speech", "call in", "communicative", "farspeaker", "duet", "e language learning", "gesturality", "vcommunicator", "impart", "talk over someone's head", "vdisease", "intercommunicate", "preverbal", "marconigraph", "communicated", "communicational", "videolink", "vwith", "populizer", "pass on", "rap at", "pipe", "device driver", "tic tac", "writing", "express", "prayer", "call", "voice"], ["aconnected", "vearth", "grounded", "agrounded", "aground", "screened cable", "aelectrically", "sheathed cable"], ["concomitant", "vconnected", "vaccompany"], [], ["a unrelated ", "adisconnected", "aconfused", "rhapsodic", "unconnectedlyr", "episodic", "unconnectedness", "disengaged", "abrupt", "ajoined", "aconnected", "disconnectio"], ["entangled", "copurified", "azeotrope", "postaccelerated", "unseparated", "adetached", "separablyr", "centrifugated", "centrifuge", "phase trafficked", "heterogeneous mixture", "zeotrope", "divorced", "detwinned", "isolation", "fractioned", "insulated", "nonseparation", "aliving", "stand alone", "dissociable", "csv", "deconvolved", "divided", "southern blot analysis", "alimony", "aestranged", "separation", "electromigrated", "separatedness", "ajoined", "heartcutting", "splitsville", "dichoptic", "equiseparated", "aapart", "segregated", "adivorced", "severed", "untogether", "unjoined", "metaphase", "nonseparated", "aconnected", "disjunctive", "spread eagle", "vseparate", "discreteness", "divisio"], ["hyperconnectivity", "apophenia", "connexity", "connectitude", "innernet", "connected", "multicorn", "treeness"], [], [], ["infraconnectivity", "wireless adapter", "landscape connectivity", "number", "network", "graph toughness", "netlist", "dysconnectivity", "concatenated", "ability", "molfile", "bridgeness", "convolutional neural network", "underconnectivity", "graph", "overconnectivity", "interconnectivity", "adjacency", "internet", "connected", "measure", "connectome", "point", "connect", "connectance", "cn", "connectio", "way", "menger's theorem", "wireless", "connectomics"], ["donor", "legators"], ["mainframe", "connected", "system", "resource"], [], ["solvable", "space", "connected", "lie group", "homogeneous"], [], [], ["system", "motio", "connected", "shaft", "vshaft"], [], [], ["aconnected component", "aorganizatio", "aconnected"], ["disjunct", "adisjunct", "adisjunctio", "aconnected", "sequent", "disjunctio", "disjunction", "aseparated", "atetrachord", "adisjoi", "discretive", "discrete", "disjunctivelyr", "aconjunctio", "disjunctiveness", "or"], [], [], [], ["asequence", "half assed", "acourse", "desultoriness", "ajump", "half ass", "maunder", "aconnected", "desultorilyr", "desultorious", "apass", "adisappointing"], ["time series", "play", "day", "open interval", "daisy chain", "dorian mode", "cyclic", "interspersed", "ratio", "orthotope", "pseudo octave", "foreperiod", "periodicity", "diminished third", "intervalogram", "stutter edit", "augmented ninth", "intervals", "inframedian", "rebin", "schisma", "pycnon", "octatonic scale", "intervallic", "sesquitone", "chronoscope", "twelfth", "thirteenth", "semihourlyr", "quasiperiodic", "meantimer", "duration", "time lapse", "inversion", "canonical hour", "augmented seventh", "meantone", "augmented second", "regular", "whole step", "change of innings", "graph", "biozone", "semibreve rest", "confidence limits", "intermezzo", "operating time", "protection money", "subsecond", "octave", "flushometer", "major second", "semimonthlyr", "equal interval chord", "senior moment", "lydian mode", "length", "tetrachord", "perfect unison", "half open", "frequentlyr", "homochronous", "cyclical", "intervalometer", "interblock", "lag", "midinterval", "photochronograph", "dyad", "interval class", "major chord", "octaval", "isallobar", "decade", "note", "phrygian mode", "consecution", "intermissio", "augmented unison", "quartal", "separation", "limma", "entr acte", "semiperiodic", "graduation", "fourth", "stride piano", "television series", "lunch", "runge's phenomenon", "long line", "tortulous", "wave picking", "interval cycle", "intersticed", "working set", "sampling", "diesis", "echometer", "mixed interval chord", "premotor", "series", "one shot", "diastem", "occulting light", "rarelyr", "consecutive", "gestation period", "ionian mode", "half time", "space", "semitone", "seventeenth", "distance", "probable error", "curtation", "aeolian mode", "neutral third", "complement", "timestep", "arc", "locrian mode", "pitch", "step", "colonnade", "intermittinglyr", "time", "intermittentlyr", "tracking poll", "continuous", "sessio", "hyperinterval", "third", "half open interval", "logarithm", "interstice", "break", "shorth", "quindecima", "minor second", "harmonic minor scale", "stagger", "tritave", "intervallum", "half hourlyr", "interlapse", "fifth", "interruption", "\u03b4 box", "commercial break", "remove", "isochronous", "establishment of port", "disdiapason", "connected", "e folding", "superfluous interval", "whole tone", "augmented sixth", "fundamental group", "cronjob", "cone", "tenth", "subjective time", "intervacuum", "semimonthly", "major ninth", "respite", "diminished sixth", "augment", "interleave", "thomson's lamp", "strictlyr", "skipwikten 1", "reaction time", "interspace", "census", "draconitic month", "melodic minor scale", "stanza", "kondratiev wave", "hourlyr", "vigesimal", "general election", "interlard", "tristan chord", "chronograph", "diminished second", "time trial", "quadtone", "halftone", "suspension", "metronome", "comma", "lithozone", "closed interval", "homotopic", "timespan", "mixolydian mode", "tea", "micromelody", "whole rest", "natural minor scale", "figured bass", "periodical", "diminished ninth", "attoclock", "lapse", "sonometer", "syntonic comma", "intervallyr", "perfect fifth", "intermittent", "compound interval", "cyclicity", "pythiad", "half rest", "zero order hold", "microtone", "angle bracket", "mean value theorem", "real line", "minim rest", "quint", "trichord", "roundelay", "temperament", "headway", "augmented third", "spaced out", "slatch", "half step", "subinterval", "time code", "betwee", "minute", "year", "hour", "month", "range"], [], [], ["dendrimer", "coalescence", "subgraph", "node", "core", "maximal", "dendro", "connected"], ["aconnected"], ["atogether", "atied", "aconnected", "alogically"], ["hand", "branch", "appendage", "limb", "shoulder", "body", "leg", "reach", "elbow", "hands", "attached", "upper", "sleeve", "wing", "watch", "fingers", "extremity", "has", "two armed", "nuclearize", "armhole", "hammerlock", "armrest", "brassard", "side chest", "forearm", "armring", "breaststroke", "barbaralane", "bodystocking", "variegated star macromolecule", "roman salute", "ottoman", "arms", "cuttlefish", "upper arm", "lance", "armbinder", "permissive action link", "salut des armes", "brachialgia", "anglepoise", "armless", "hand to", "brachiobasilic", "curl", "tritomerite", "skill tester", "fathom", "waacking", "armlessness", "spiral galaxy", "south china sea", "brachiophore", "backhoe", "battleship", "manscaping", "multiarmed", "golfer's elbow", "primibrach", "bevel", "pushrod", "startwikten 3", "cyberknife", "marilith", "axilla", "handarm", "pick", "firth", "abrachia", "bracelet", "saturday night palsy", "crib note", "cross bottony", "washerwoman's itch", "armlesslyr", "grindylow", "interbrachial", "waffen ss", "monobrachial", "enarm", "sea loch", "gesturalism", "selfie stick", "armguard", "acrocentric", "tool up", "cranequin", "multilink", "fistball", "windshield wiper", "most muscular", "ring chromosome", "armstrong", "wikten 3heraldic", "portcullis", "man arm", "boomerang dysplasia", "intrabrachial", "bengal tiger", "baldrick", "spirifer", "keirospasm", "lindworm", "forfaint", "cross one's arms", "submetacentric", "sleeve tattoo", "arming", "buckler", "bullvalone", "unicorn", "star macromolecule", "backstroke", "cotehardie", "up in arms", "nelson", "complex regional pain syndrome", "counterarm", "bracer", "rolling windows", "unitard", "armedness", "armlock", "savasana", "orangutan", "regular star macromolecule", "snow angel", "vambrace", "flye", "armlong", "wikten 3insignia", "lower arm", "stylopod", "wrist", "iron", "armlength", "brachio", "raise hand", "podule", "faciobrachial", "huddle", "wide", "armth", "armpiece", "murga", "multiradial"], ["head", "body", "shoulders", "body part", "part", "below", "throat", "below head", "above", "under", "collar", "under head", "above shoulders", "tie", "holds", "support", "holds head", "giraffe", "chi", "rever", "collum", "cervical", "wryneck", "propatagium", "cervicoapical", "root", "clavicle", "extensio", "lanyard", "neckbrace", "waterphone", "nucha", "turkey", "cervicodynia", "cervix uteri", "muzzle", "cervicolingual", "necking", "neckbone", "longnecked", "neckstrap", "nylon string guitar", "slave fork", "torso", "trapezius", "target", "optocollic", "bolthead", "shoulder", "neckline", "thaali", "neckpiece", "neckless", "capicola", "helmholtz resonator", "stiff neck", "stringed", "cement", "pleurodirous", "ring neck", "balloon", "halo", "necklet", "torticollis", "ewe necked", "trunk", "pendant", "hackle", "encolure", "caboched", "cervicular", "beard", "gorged", "land", "scrag end", "balaclava", "crane", "cutaway", "retrotorsion", "buffalo hump", "cyphonism", "goitre", "elizabethan collar", "neckatee", "buccocervical", "cervical cancer", "cuffwikten 3", "donkey punch", "nuque", "trotcozy", "metrotome", "adenolipomatosis", "gula", "cervicotomy", "dudou", "cervicocephalic", "instrument", "archegonium", "necked", "gorget", "hummie", "cervicobrachial", "bottle sling", "ectomesenchyme", "goose flesh", "shank", "hyoid arch", "retrocollic", "nuchal", "short necked", "cervical vertebra", "danger space", "dorsocervical", "cervicoscapular", "vmake love", "goose bump", "occipitocervical", "swell", "cervicalgia", "dix hallpike test", "monkey jacket", "quadriplegia", "pilgrim", "cricothyroidotomy", "angle harp", "thyroid gland", "bullnecked", "scalene muscle", "gregory", "half nelson", "cervico", "gorgeri", "ruche", "tract", "halterneck", "auchenium", "sternocleidomastoid muscle", "canbottle", "chase", "vcanoodle", "dropped head syndrome", "bull necked", "dutar", "full nelson", "egg", "neckband", "splenial", "necktie", "platysma", "cervicolumbar", "gooseneck", "necklike", "cervicobregmatic", "mantle field", "vkill", "wrynecked", "neckedness", "strait", "necklace", "carotid", "claret jug", "gregory peck", "fingerboard", "capital", "cuirass", "jugulum", "vcuddle", "constrictio", "cervicocerebral", "goose skin", "jugular", "sniffing position", "trumpeter swan", "cervicofacial", "tooth", "acrochordon", "cervix", "guitar", "cro ", "crest", "pilomotor reflex", "criniere", "trachelipodous", "kubinage", "woulfe bottle", "taper", "barenecked", "wrick", "shawl", "casal's necklace", "robe montante", "sperm", "robing", "wattle", "limberneck", "long necked", "cervicolabial", "suprasternal notch", "linguocervical", "cheelam", "clod", "truss rod", "bottle", "neckwarmer", "tracheostomy", "groove", "neckdeep", "vhang", "windsucking"], ["foot", "body", "limb", "appendage", "part", "body part", "feet", "lower", "walking", "knee", "arm", "extremity", "above", "lower limb", " artifactfurniture artifact", "hip", "above foot", "has", "below", "has foot", "toes", "huma", "attached", "thigh", "lower appendage", "lower body", "walk", "splay legged", "lunge", "crane", "deep midwicket", "leghold", "legging", "swimming crab", "agouti", "flype", "vargueno", "pommel horse", "midstance", "succeed", "decapod", "contrapposto", "side of bacon", "gamb", "persist", "groi", "swimmer", "leggy", "mutton ham", "triangular", "gambrel", "membered", "boomerang", "chub rub", "underneath", "coffin bone", "breviped", "easel", "legcuff", "gurney", "inguinocrural", "legged", "leglike", "steam", "race", "glide", "long on", "mitchell's hopping mouse", "crus", "open kneed", "course", "shortlegged", "polypodous", "leggish", "bicrural", "pleopod", "hugag", "hook", "milroy's disease", "gnathopodite", "anbury", "ability", "longipedate", "barelegged", "paraparesis", "chausse", "hexapod", "mid on", "match", "walking stick", "buttocks", "handcycle", "pestle", "crurophilia", "fenal\u00e5r", "legplate", "lesser yellowlegs", "kawazugake", "proleg", "unitard", "coxosternite", "left arm unorthodox", "windsor chair", "breaststroke", "spanish boot", "no legged", "macropodous", "fetter", "daddy longlegs", "threstle", "macropod", "haunch", "attaint", "pantalet", "railway wrapper", "cnemis", "octopodous", "intercrural", "manspreading", "peraeopod", "sallenders", "rampant", "tripedallyr", "off break", "pants", "spread", "mecha", "french cut", "joint", "grape", "off spin", "vertebra", "crepance", "calamistrum", "arolium", "hypotenuse", "leotard", "shin pads", "midleg", "straddle", "five hole", "tibiotarsus", "polyphase", "thick", "equinism", "superman punch", "boiler", "manscape", "curl", "jambeux", "backloading", "sural", "gourdy", "dipygus", "right triangle", "pentapedal", "insect", "branch", "faun", "huddle", "leghole", "orwikten 1", "off", "paraballism", "astride", "calf", "trevet", "googly", "reverse sweep", "anarthrous", "legless", "leg cutter", "snow angel", "teapoy", "distance", "nutmeg", "varisse", "bridal carry", "pretarsus", "talocrural", "hyperbola", "bicycle kick", "jards", "millipede", "off cutter", "podobranch", "biped", "underleg", "legbone", "gauchos", "androgenic hair", "lally", "evidence", "all fours", "garment", "trousers", "epipodite", "multilegged", "pyoderma gangrenosum", "zaisu", "precrural", "drumstick", "kikoi", "chinaman", "zeugopodium", "fine leg", "scissor", "coxopodite", "open kneed breeches", "doosra", "manscaping", "pedigerous", "leggie", "long legged", "rance", "unipedal", "tournament", "leptiform", "great saphenous vein", "spraddlelegged", "pigeon pose", "skinny jeans", "sailing vessel", "chicken leg", "batter", "cabriole", "trestle", "trivet", "deep stick", "extend", "colonial goose", "lap", "stump", "bat pad", "natatorious", "mesosoma", "piriformis syndrome", "diagonal", "brachiocrural", "urohidrosis", "popliteus", "ischiatic nerve", "boomerang dysplasia", "gateleg", "uniped", "antennapedia", "crossboned", "water leg", "vcarcass", "crotch", "charley horse", "indefinitely", "gare", "two legged", "blackleg", "pair of pants", "silly mid on"], ["fingers", "arm", "finger", "body", "part", "five", "body part", "five fingers", "appendage", "wrist", "palm", "glove", "wave", "limb", "writing", "foot", "has", "touch", "has fingers", "on arm", "holding", "shake", "extremity", "orga", "arms", "grabbing", "attached", "rub", "fingers palm", "wears", "wears glove", "grasping", "hold", "thumb", "arm appendage", "holding things", "ring", "below", "with fingers", "huma", "turkey", "attachment", "fingers thumb", "digits", "arm attachment", "watch", "soap", "palm fingers", "ending", "fingers o", "four", "four fingers", "clavis", "acrofacial", "ulnar loop", "acromelic", "hander", "broken handed", "numb handed", "acrodysplasia", "joy buzzer", "manualwikten 2", "percussion", "boglin", "fourhanded", "pulse glass", "thumb ring", "openhanded", "handful", "spinning wheel", "handtame", "cross check", "quillon", "nearby", "pushstick", "finger fan", "lizard", "pinky finger", "on all fours", "double gut shot", "bullet catch", "nonpalmar", "chirography", "inch", "give someone five", "fast handed", "gambling", "chiro", "tetradactylous", "homology", "unimanuallyr", "valise", "acrocontracture", "present arms", "early position", "handbuilt", "acrokeratoelastoidosis", "clearstarch", "dexterous", "hand rub", "late position", "monster hand", "morra", "basque pelota", "double handedness", "five finger exercise", "speculation", "tender handed", "barra", "god hand", "stalefish", "applause", "acheiropoietic", "handwashing", "forearm", "wicket keeping gloves", "lag", "knifehand", "twiddle muff", "agent", "prehension", "hands free", "royal flush", "inside out", "manus", "velociman", "azonto", "ghoulie", "digit", "blaster", "blow kiss", "many handed", "malleation", "handballing", "shake hands", "running flush", "suck out", "handcarried", "double handed", "laydo ", "jamboree", "handsy", "right handed", "hand turkey", "gunhand", "handpicked", "thumbies", "footwriting", "armstand", "dummy", "native america", "over wicketr", "low five", "arsis", "royal touch", "swift handed", "fidget spinner", "reach", "heart line", "pillory", "mis\u00e8re ouvert", "half glove", "brush do v", "bimanuallyr", "game", "acroaesthesia", "interdigitation", "lavabo", "soft hand", "desderman", "widow", "cheirospasm", "brachymesophalangia", "cat's paw", "wrist spin", "hour hand", "bad beat", "cross handedr", "acrogeria", "acromelia", "kirner", "clock face", "scissors", "rhizome", "madison", "analog clock", "acrodermatosis", "washroom", "fairy clap", "underhanded", "acrodermatitis", "backscratcher", "mawks", "chirognomy", "handbra", "pommel horse", "vfurl", "handguard", "lavatory", "open handed", "wrist drop", "demigauntlet", "available", "downward facing dog", "anatomical snuffbox", "first hand", "handcare", "handcrafted", "animated cartoon", "applaud", "wristwork", "behand", "handwoven", "duplicate", "bricklayer's itch", "acroataxia", "get one's eye in", "cold deck", "smooth call", "second hand", "prestidigitate", "clawhand", "manipulation", "yarborough", "effleurage", "bimanous", "brachiomanual", "sabar", "windup", "rockwikten 1"], ["religio"], ["ring", "hand", "digit", "point", "touch", "part", "thumb", "appendage", "on hand", "hand digit", "hands", "body", "knuckle", "middle finger", "body part", "five", "toe", "thimble", "nail", "hand part", "nails", "pointing", "digits", "hand appendage", "on hands", "pourer", "other", "brachydactyly", "hitchhike", "finger fan", "interdigitation", "chopsticks", "demigauntlet", "swipe", "didactylism", "batting glove", "dactylo", "multidigitate", "vturn i", "hypodactyly", "digitate", "glass harp", "eclipse", "vsqueal o", "otopalatodigital", "leptodactylous", "cm", "fingerpicking", "dactylonomy", "macrodactyly", "vprobe", "writer's cramp", "fingered", "pick", "intend", "variously", "fingery", "artiodactyl", "width", "animal", "didactyl", "perso", "poland syndrome", "dactylar", "pashmak", "agency", "vinstructions", "thumbscrew", "roman salute", "acrosclerosis", "befinger", "two in pink one stink", "forefinger", "vrat o", "pterodactyl", "spinning top", "choke", "langer giedion syndrome", "former", "class ring", "dactylology", "dactylography", "light fingered", "stab", "fingerbone", "vmusical instrument", "dactylosymphysis", "pianoing", "foot", "squidge", "glove", "boutonniere deformity", "diascopy", "fairy clap", "fingerlike", "interdigital", "dermatoglyphics", "notionally", "thumb one's nose", "base", "videntify", "finger spin", "finger fuck", "trudeau salute", "dactyl", "data glove", "brachysyndactyly", "height", "shackle", "vquery", "fingerful", "informal", "gesture", "vfingerbang", "fingercot", "give", "slender", "fingersucking", "dital", "digitorium", "fingers", "fingerlessness", "larger", "extremity", "posie ring", "length", "something", "nanofinger", "vpositio", "similarly", "observe", "cut", "devil's tattoo", "octobass", "prestidigitatio", "fingerpick", "monodigit", "paradactylum", "finger work", "compare", "thumbwheel", "arrhythmokinesis", "huma", "unguis", "functio", "apposable", "pilliwinks", "cover", "fingle", "dactylospasm", "extremities", "zill", "hunt and peck", "perissodactyl", "marriage finger", "swan neck deformity", "seal finger", "manual alphabet", "overdenture", "grasp", "finger bar", "alcohol", "triradius", "fingernail", "interdigitallyr", "crack one's fingers", "flip bird", "oligodactyly", "fingerblast", "vpoke", "bidigitate"], ["straight", "coast", "verse", "points", "edge", "finish", "in line", "end", "drawing", "point", "two", "shape", "two points", "queue", "stitch", "rectipetality", "jurkat cell", "cevian", "touchline", "isobath", "assay dish", "lignel", "bicytopenia", "line fisher", "tideline", "opisometer", "bobber", "coordinate axis", "mesolabe", "linear pair", "double spaced", "wikten 1process", "fill in blank", "dotted line", "interlinearlyr", "waistline", "angle of attack", "baseline", "projective plane", "supralinear", "vwikten 1line drive", "cocked hat", "linear", "mediad", "irish pennant", "syllabic rhyme", "tetrameter", "gluing", "runover", "radiant", "gooseberry lay", "zigzag", "throwline", "pond liner", "ceque", "ramer douglas peucker algorithm", "centrolineal", "reticulation", "mainline", "grolier", "streak", "isoclinal", "pitch faced", "main line", "beachline", "renumberer", "bandhead", "jackstay", "vertical angle", "multilinear", "wraparound", "crosshatching", "monolete", "fluff", "walking bass", "plumb", "bridle", "superhyperfine", "heptastich", "leed", "isobathytherm", "projective geometry", "clearer", "triger process", "diffraction grating", "serif"], ["cro ", "neck", "body", "brai", "chief", "top", "face", "eye", "part", "eyes", "body part", "captai", "above", "shoulders", "skull", "above neck", "ears", "on neck", "on shoulders", "nod", "mouth", "hair", "round", "nose", "helmet", "head firstr", "headache", "head scratcher", "bicoid", "mind", "hat", "ball", "body top", "president", "top body", "holder", "capital", "thinking", "has", "container", "on top", "melo", "above shoulders", "brains", "brain holder", "brain container", "noggi", "lice", "pillow", "hammer", "holds", "holds brai", "doll", "eyes ears", "contains", "eyes nose", "cranium", "crisis", "multicipital", "bullen nail", "web", "headmistress", "unstrike", "tap bolt", "anthodium", "noll", "greater trochanter", "preceptor", "nonhead", "slickhead", "mukhtar", "bobblehead", "headhunt", "renverse", "cylinder head sector", "horn", "rattail", "humphead", "jefe", "knobheaded", "wedge salad", "three headed", "behead", "borsholder", "clinocephaly", "drizzler", "statokinetic", "toppiece", "knowledge box", "life jacket", "backball", "zero marking", "fishhead", "cephalon", "acephalopodia", "swirl flap", "rimshot", "clevis pin", "croze", "niddle noddle", "redout", "leave", "beanball", "manaia", "shirshasana", "pickaxe", "headrest", "pikehead", "supratentorial", "dyscephalia", "craterization", "headbolt", "noddle", "leader", "craniadr", "actuator", "chanceryr", "cephalic", "donkey punch", "cephalopolysyndactyly", "vignette", "bol'shak", "khoja", "subdural hematoma", "escutcheon pin", "vine staff", "bra ", "cephalization", "cuphead", "fluid", "make tracks for", "cunnilingus", "mobled", "bonnet piece", "obturaculum", "headtracking", "toilet", "rigolette", "tadpole", "dicephalic", "cephalopelvic", "blowhole", "rachis", "bilateral symmetry", "flower", "foot", "cephalomere", "tonsure", "headprint", "fa"], ["insightful", "transcendentalism", "discerning", "agnosy", "interior", "work shadowing", "penetrative", "individual", "insightfullyr", "innernet", "prajna", "inspectio", "deductio", "perspicacious", "gnosis", "apprehensio", "severity", "choragraphy", "outsight", "record keeper", "witty", "see light", "see past end of one's nose", "data science", "nature", "eyeopener", "tariqa", "luciferous", "mental illness", "view", "sight", "insee", "profundity", "awareness", "self knowledge", "intuition", "fathom", "introspectio", "perspicacity", "inscient", "intuitio", "aper\u00e7u", "perspicuity", "theosophy", "perceptiveness", "eclecticism", "insights", "insightless", "idea", "thought", "understanding", "deep understanding", "deep", "connected thought", "connected", "in cite", "cite", "innate", "innate thought", "understanding perceptio", "perceptio"], [], ["cir", "electrokinetics", "syntonization", "ratioless", "parasitic", "no", "chinese postman problem", "recircuit", "coloop", "circumference", "phantom circuit", "hyperhamiltonian", "barrel shifter", "revolutio", "area", "crosstalk", "contactor", "bus", "channelwikten 1", "circuital", "feedthrough", "thought", "circuits", "ring", "local circuit", "clipper", "blow fuse", "syntonize", "flip flop", "yua", "subcircuit", "progresswikten 1", "route", "kirchhoff's voltage law", "lampboard", "distance", "counterelectromotive", "programmable logic array", "integrated circuit", "clamper", "redundancy", "watt hour meter", "line", "push pull amplifier", "judge", "coupling", "district", "frequency multiplier", "chapel", "pilot light", "multivibrator", "weber", "circuition", "criterium", "leg", "full adder", "macroreentrant", "country", "ampere hour", "potential difference", "cut out", "transistorize", "polyphote", "autodrome", "biobrick", "or so", "positive edge triggered", "crowbar", "voc", "schmitt trigger", "supernode", "race", "saturation current", "early", "circuiting", "short circuit", "ringer equivalence number", "toffoli gate", "trip out", "whether", "synthesizer", "bioelectronics", "optogenetics", "encircle", "breadboard", "hybrid", "overvoltage", "cro ", "bias distortion", "trigger", "magic smoke", "disconnect", "including", "volt ampere", "skew", "china", "pass transistor", "zone", "tourn", "safety car", "impedance", "ohm's law", "track", "ha", "trip", "q meter", "back annotation", "underload switch", "province", "level triggered", "trunk", "edge triggered", "self induction", "wallace tree", "fetch compass", "circulated", "itinerant", "y current", "controller", "protoboard", "jurisdictio", "phase locked loop", "line card", "reactive power", "chinese", "q factor", "wafer", "translinear", "parasitic element", "choking coil", "tang", "active power", "major", "theater", "fringe", "op amp", "circulate", "orbit", "labor", "hotlapping", "master vibrator", "point to", "plugboard", "connexion", "branch predictor", "regenerative", "provincial", "scaler", "amplifier", "hartley oscillator", "circuiter", "circuitry", "fiducial", "depacketizer", "nanocircuit", "moving", "combinational logic", "knife switch", "reconductor", "administrative", "revolving", "candlestick telephone", "circumgyrate", "cocircuit", "counties", "galvanometer", "inverting function", "multiple transformer", "kirchhoff's current law", "mutual inductance", "republic of china", "buffer", "quadripole", "usually", "stage", "inductive coupling", "circle", "susceptance", "electrical inductance", "phase modulator", "varistor", "phase inverter", "ambit", "umgang", "populatio", "measure", "switch", "voltage spike", "space", "certai", "circuit intendant", "annunciator", "trip switch", "laptime", "oscillator", "macrocircuit", "enclose", "carbomorph", "state", "ejector", "fredkin gate", "tasimeter", "electro motion", "circuited", "short", "connect", "order", "half adder", "appoint", "telethermometer", "capacitive coupling", "imperial", "sticky bit", "limit", "electrode", "chip", "not", "mutual induction", "act", "negative edge triggered", "sequential logic", "patchboard", "plug in", "divisio", "empire", "western ji", "microreentrant", "debounce", "vaudeville", "regular", "fluidics", "various", "shunt", "loop", "current", "electrical", "connectio", "electrical connectio", "lap", "electric", "electric current", "racetrack", "fuse", "electricity", "electronics", "court", "connected current", "connected", "wires", "or", "electrical path", "path", "board"], ["connectio", "chai", "linkback", "linking", "dead link", "turnbuckle", "aforelinked", "belinkedness", "crossing number", "interchain", "inglefield clip", "linketh", "chainbreaker", "cognatic", "portal site", "bitopic", "chain", "quantum graphity", "webometrics", "assortativity", "brunnian link", "incatenation", "codrug", "cross linked", "permalink", "magic link", "town twinning", "link doping", "wikten 1idea", "uplink", "seifert surface", "interlink", "string up", "case grammar", "links", "enchain", "navbar", "vicariance", "vwikten 1executable", "lickorish wallace theorem", "linkest", "build bridges", "wikten 1thing", "streptobacterium", "connectance", "linkware", "link juice", "linkt", "point to", "interwiki", "gunter's chain", "enlink", "reducing scale", "unlinkable", "linkman", "vwikten 1connect", "wikten 1people", "link exchange", "murasugi sum", "linked", "yokewikten 1", "multilinked", "hypermedium", "safety chain", "mislink", "open book decomposition", "link spam", "interest", "adnate", "nonlinking", "colligate", "sociogram", "link motion", "indissociablyr", "subadnate", "vienna sausage", "click through", "borderlinking", "block chain", "linklog", "wikten 1bus", "chainmaker", "smishing", "hatnote", "keseyan", "keyword", "trackback", "linkedness", "unlink", "interfretted", "dynaset", "teleservice", "pretzel link", "navbox", "deep linking", "gggwikten 1", "linkable", "close knit", "link time", "linker", "flashcrowd", "jumpstation", "program slicer", "clyde puffer", "linklesslyr", "clickablyr", "keywikten 1", "offset staff", "multilink", "crossbridge", "joint space", "hotlinking", "data rate", "teleconnection", "chainwork", "hyperdata", "sublink", "hydrate", "relink", "underlinked", "google bomb", "link editor", "keepalive", "speedshift", "navigation bar", "chain stitch", "draglink", "linkless", "dependency grammar", "reference", "joi", "chains", "part", "hyper", "web", "connecting", "connect", "chain part", "web connectio", "websites", "in websites", "sausage", "part of", "cuff joiner", "cuff", "joiner", "and", "round", "website", "missing", "relatio", "hyper thing", "bridge", "clasp", "piece", "chain piece", "stitch", "fence", "clicking", "connection to"], ["link", "concatenation", "mechanism", "vlink", "linksy", "link whoring", "course", "chai", "golf", "chains", "golf term", "term", "branch", "golf course", "missing", "chain parts", "parts", "armour", "round", "pieces", "round pieces", "bracelets", "connections", "connectio", "connected", "sea", "sea front", "front"]], "/r/UsedFor": [[], [], [], [], [], [], [], [], [], [], [], [], [], [], [], [], [], [], [], [], [], [], [], [], [], [], [], [], [], [], [], [], [], [], [], [], [], [], [], [], [], [], [], [], [], [], [], [], ["telephone", "writing", "voice", "internet", "call", "lips", "telephones", "sound", "color coding", "facial expressions", "e mail"], [], [], [], [], [], [], [], [], [], [], [], [], [], [], [], [], [], [], [], [], [], [], [], [], [], [], [], [], [], [], ["lifting things", "waving", "wave", "holding do ", "organized branch of national defense", "lifting glass", "preventing cars from crossing train tracks", "extensive number of uses", "throwing ball", "multiple purposes", "enforcing law", "saluting", "holding folder to torso", "adding power to movement", "extending reach of body", "give support to another", "controlling wrist", "side arm", "holding during dance", "drapping towel when serving wine", "keeping towel from falling", "maintaining separation between bodies", "grasping barrel", "holding sheep to sheared", "lift weights", "knock over", "part of coat", "get hand to locatio", "going further inland on water", "lifting hand", "part of shirt", "adding another functional group", "hold baby", "attaching hand to body", "keep balance", "lifting cup", "projecting out from main part", "branching from plant", "support for elbow", "tackle another footy player", "fulcrum", "wrapping around"], ["supporting head", "wear tie", "kissing", "display necklace", "holding jugular vei", "cracking bones"], ["stand", " artifacthold contact", "kicking soccer ball", "part of journey", "kicking with", "stability", "humping", "standing o", "motility", "part of table", "running with"], ["arm to transmitting control"], [], ["typing", "point", "pulling binder rings ope", "create shadow", "push butto", "picking nose", "pick nose", "as standard for gauging length", "quieting alarm", "testing if plaster dry", "filling out glove", "test piece of chocolate", "block light", "tap key", "hook handle", "move into positio", "popping balloo", "flip open lid", "making jump", "carry water to dry spot", "counting", "picking banjo", "taste frosting", "removing tack", "gripping during climbing", "test water temperature from faucette", "press enter", "hold stick of flag", "picking irish harp", "point out danger", "scratch itch", "rubbing spot on clothing", "poke", "pull elastic", "work with thumb", "picking hawaiin guitar", "clear out ear", "imitate little creature", "picking harp", "create decorations", "scratching yourself", "straighten nail", "wipe with toilet paper", "check bruise", "picking ukele", "make mark", "finger saxaphone", "picking bouzouki", "war", "get into crack", "wipe milk from lips", "create special handshake", "picking bandurria", "clean teeth", "getting taste of cooking", "picking sarod", "picking lute", "transfer moisture", "feel location of liquid", "hold handle", "answer questio", "testing for interior contents", "dial phone number", "smearing on shaving cream", "touch nose", "knock on door", "picking autoharp", "point to heave", "finger clarinet", "wipe sawdust off board", "wipe tears", "clean between fingers", "push in tack", "ring doorbell", "indicate number one", "tip over cup", "test water temperature from faucet", "wipe eyelid", "picking tanbur", "test baked goods for freshness", "clean between toes", "hold stick", "hold bow while tieing", "tip basketball", "hold elses finger", "picking guitar", "press doorbell", "grooming another perso", "inch forward", "wipe whip cream from lip", "turn knob", "scrape off salt", "pull string", "remove chad", "add weight to scale", "pry open yoghurt top", "wipe humidity from window", "play harp", "picking banjoli", "testing if paint dry", "thousand everyday things", "pry ope", "arranging hair", "create hole in clay", "create hole in mud", "adjust volume", "soothing", "remove excess lipstick", "wipe perspiratio", "press computer keys", "dip in sauce", "control tv", "oppose thumb for many uses", "clean nostril", "stop tape recorder", "picking bissex", "pressing piano key", "twist bottle cap", "write in sand", "point at what want", "showing paying attentio", "tear open envelope", "signal have idea", "lifting out staples", "tap drum", "locate pencil under chair", "wipe spinach from tooth", "peeling off label", "start tape playing", "push in thumb tack", "measure length", "read braile", "move out of view", "pressing pins into cork board", "write on fogged mirror", "test sharpness of knife", "picking cello", "feeling condition of internal organs", "gather moisture from tongue", "tuck i", "fill hole in dike"], ["make drawings", "geometry", "connect two dots", "stay in touch with friends", "dance line", "sell similar products at one time", "group things for sale", "decide how to bet", "delimit baseball field", "tell joke", "tighten end of bag", "tie boxes", "transport water", "definitio", "pull over ice", "catch criminal", "connect phone"], ["bang on wall", "think", "go to bathroom i", "hats", "go to bathroom", "beginning", "receive hammer's blow", "froth on beer"], ["seeing art", "visiting art gallery"], [], [], [" artifactconnection state", " artifactconnect contact", " artifactjoin contact"], []], "/r/LocatedAt": [[], [], [], [], [], [], [], [], [], [], [], [], [], [], [], [], [], [], [], [], [], [], [], [], [], [], [], [], [], [], [], [], [], [], [], [], [], [], [], [], [], [], [], [], [], [], [], [], [], [], [], [], [], [], [], [], [], [], [], [], [], [], [], [], [], [], [], [], [], [], [], [], [], [], [], [], [], [], [], [], [], [], [], [], [], [], [], [], [], [], [], []], "/r/FormOf": [["cutpoints"], [], [], [], [], ["gyroids"], [], [], [], ["vtether"], ["web"], [], [], [], ["isthmoids"], [], [], ["cybersexes", "cybersexed", "cybersexing"], ["isthmi", "isthmuses"], ["continuums", "continua"], ["deconnected", "vdisconnect", "disconnect"], [], [], [], ["vlink"], [], [], [], [], [], [], ["rigion"], [], [], [], [], [], [], [], ["off line", "offlining", "offlined", "offlines"], [], ["divorceth", "divorces", "divorced", "divorcing"], ["alembics"], ["vwire"], ["pseudoforests"], [], [], [], ["communicating", "communicateth", "communicated", "communicatest", "communicates"], ["earth", "vearth"], ["concomitating", "concomitates", "concomitated"], [], [], ["separate", "seperated", "vseparate"], ["connectednesses"], [], [], ["connectivities"], ["legators"], ["sysplexes"], [], ["solvmanifolds"], [], [], ["vshaft", "shaftings"], [], [], [], ["disjunctives"], [], [], [], [], ["intervals"], [], [], ["monodendrons"], [], ["vcolligate"], ["arming", "arm'd", "arms"], ["necks"], ["legs"], ["handed", "handest"], [], ["fingered", "fingering", "fingers"], ["lines", "lined", "lining"], [], ["insights"], [], ["circuits", "circuited", "circuiting"], ["linkest", "links", "linking", "linked", "linketh"], ["link"]], "/r/IsA": [[], [], [], [], [], [], [], [], [], [], [], [], [], [], [], [], [], [" statesexual arousal state"], [" objectland object", " bodytissue body", "meander neck topographical", "long thin object", "natural thing", "land topographical feature", "physical path"], ["history time", " timetime"], [], [], [], [], ["interlinked", "isil linked", "downlinked"], [], [], [], [], [], [], ["heartland location locatio", "distance location locatio", "antipodes location locatio", "top location locatio", "biosphere location locatio", "breadbasket location locatio", "county location locatio", "eden location locatio", "district location locatio", "belt location locatio", "inside location locatio", "irredenta location locatio", "atmosphere location locatio", "interstellar space location locatio", "side location locatio", "vacuum location locatio", "biogeographical region location locatio", "unknolocation locatio", "sind location locatio", "field location locatio", "area location locatio", "depths location locatio", "mare object locatio", "edgeworth kuiper belt object locatio", "bottom location locatio", " locatiolocation", "intergalactic space location locatio", "geographical area location locatio", "sign of zodiac astrology locatio", "theater of war location locatio", "domain location locatio", " quantityindefinite quantity", "north location locatio", "air location locatio", "heliosphere location locatio", "south location locatio", "zone of interior location locatio", "layer location locatio", "papua location locatio", "backwater location locatio", "field military locatio", "aerospace location locatio", "zone location locatio", "hell location locatio", "outside location locatio", "black hole object locatio", "extremity location locatio", "ionosphere location locatio", "radius location locatio", "zodiac location locatio", "testing ground location locatio", "interplanetary space location locatio", "deep space location locatio", "czech regionopencycregion state geopolitical", "tanzanian regionopencycregion state geopolitical", "opencycregion state geopoliticalstate", "guinean regionopencycregion state geopolitical", "siteopencycplace", "hydrocarbon reservoir", "geological formation", "adrenal cortex", "hydrophilic head", "geographical region", "omani regionopencycregion state geopolitical", "ethiopian regionopencycregion state geopolitical", "natural reservoir", "geological stratum", "positively charged region", "djiboutian regionopencycregion state geopolitical", "russian regionopencycregion state geopolitical", "environment", "namibian regionopencycregion state geopolitical", "beltopencycbelt region", "opencycregion state geopoliticaltangible thing", "zairian regionopencycregion state geopolitical", "italian regionopencycregion state geopolitical"], [], [], [], [], [], [], [], [], [], [" lawseparation act", "event type", "painful experience", "legal process"], [" artifactretort artifact"], ["magazine", "emotional state", "wpmagazinemagazine"], [], [], [], [], ["telephone", "speak"], [], [], [], [], ["comma separated"], [], [], [], [" attributeproperty attribute"], [], [], [], [], [], [], ["equipping"], [], [], [], [], [], [], [], [], ["open interval cognition cognitio", "fourth communication communicatio", "seventh communication communicatio", "octave communication communicatio", " attributedistance attribute", "third communication communicatio", "sub interval cognition cognitio", "fifth communication communicatio", " cognitioset mathematics", " communicatiomusical notation music", "semitone communication communicatio", "sixth communication communicatio", "closed interval cognition cognitio", "tone communication communicatio", "clearance attribute", "quarter tone communication communicatio", "integer extentopencycinterval on number line", "half open interval", "distance", "opencycinterval on number linenumeric value", "open interval", "closed interval"], [], [], [], [], [], [" artifactprojection artifact", "writing arm artifact", " bodylimb body", " artifactarmrest artifact", "human arm", "holder", "limb", "bendable", "appendage"], ["bull neck body", " foodcut food", " bodyexternal body part", " objectland object", "neckline artifact", " artifactpart artifact", "v neck artifact", " artifactopening artifact", "what hold beer by", "solid object", "external anatomical part", "body part"], ["prehensor animal body", " bodylimb body", "shank's mare body", " foodcut food", "leg of lamb food", "right leg", "pant leg artifact", "spindlelegs body", "bowleg body", " artifactcloth covering artifact", "pin body", " seafaringdistance attribute", "left leg", "animal leg body", "ham hock food", " artifactsupport artifact", "animal leg", "appendage", "opencycleg of piece furniturepart furniture"], ["minute hand artifact", " groupcollection group", "second hand artifact", "left body", " actaid act", " artifactpointer artifact", "hour hand artifact", " locatioside locatio", " cognitioside cognitio", " bodyextremity body", "poker hand group", "right body", "hooks body", " communicatioapplause communicatio", " quantityhandbreadth quantity", "fist body", " animalforepaw animal", " cognitioability cognitio", " persosailor perso", "bridge hand group", "holder", "middle pair", "human hand", "left hand", "bottom pair"], [], [" bodydigit body", "ring finger", "middle finger", "pinkie body", "index finger", " bodyextremity body", "thumb body", "ring finger body", " artifactcovering artifact", "digit", "middle finger body", "thumb", "index body", " quantitylinear unit quantity", "forefinger", "body part"], ["curve communication shape", "bottom line possession communicatio", "strand artifact", "shroud artifact", "start location locatio", "flight line location locatio", " artifactroad artifact", "chorus group", " communicatiomark communicatio", "hipline location locatio", "painter boat artifact", " militarymilitary position military", "great circle location locatio", " artifactwoman's clothing artifact", "staff line communication communicatio", "axis cognition locatio", "foul line location locatio", " shapeshape", " locatiomark communicatio", "quadrant location locatio", "geodesic mathematics shape", " groupformation group", "cross hair artifact communicatio", "rope artifact", "sheet seafaring artifact", "fault line geology locatio", "airline artifact", "trunk line artifact", "line of sight location locatio", " artifactcarrier group", "lineup group", "red line location locatio", " artifactmerchandise artifact", "line of succession group", "aclinic line location locatio", "rhumb line location locatio", "by line communication communicatio", "hairline communication communicatio", "dateline communication communicatio", " phenomenoelectromagnetic radiation phenomeno", "danger line location locatio", "rivet line artifact group", "path object locatio", "dotted line communication communicatio", " cognitiodifferentiation cognitio", "curve shape", "rubicon cognition cognitio", "trend line communication communicatio", "trace artifact", "opening line communication communicatio", "transit line artifact", "imaginary connection between two points", "isogonic line location locatio", "baseline location locatio", "sideline location locatio", "conga line group", "picket line group", "scrimmage line location locatio", " locatiolocation", "trap line group", "service line location locatio", "line of march group", "linemen group", "heading communication communicatio", "sideline artifact", "becket seafaring artifact", "centerline shape", "file group", "firing line location military", "crest location locatio", "isogram location locatio", "queue group", "row group", "side location locatio", "verse communication communicatio", "squiggle communication communicatio", "line of poetry communication communicatio", "cord artifact", "graduation communication communicatio", "goal line location locatio", "isometric line communication communicatio", "perimeter shape", "diagonal group", "towline seafaring artifact", " actconformity act", "punch line communication communicatio", "battlefront location military", "line of force phenomenon locatio", "ascender printing communicatio", "line of battle military", "timber line location locatio", "descender printing communicatio", "actor's line communication communicatio", "guideline communication communicatio", "serif printing communicatio", "sound bite communication communicatio", "lifeline artifact", " communicatiotext communicatio", "battle line military", "straight line shape", "lunar latitude location locatio", " artifactartifact", "finishing line location locatio", "orphan communication communicatio", "waterline location locatio", "ledger line communication communicatio", "path location locatio", "horizon location locatio", "branch line artifact", "water line location locatio", "bar line communication communicatio", "mooring boat artifact", "agonic line location locatio", "watershed location locatio", "snow line location locatio", "steamship company artifact", "yard line location locatio", "balkline location locatio", "latitude location locatio", "spectrum line communication communicatio", " communicatiopersuasion communicatio", "rank group", "boundary shape", "shaft communication communicatio", "part body locatio", "hemline location locatio", "ratline seafaring artifact", "railway artifact", "lanyard seafaring artifact", "linear object two dimensional", "tactical line"], ["general person perso", " persoleader perso", "head of household person perso", " artifactprojection artifact", " artifactobverse artifact", "grand dragon person perso", " objectfoam object", " grammarword communicatio", " quantitylinear unit quantity", " persodrug user perso", "pinhead artifact", " objectobject", " bodyexternal body part", " phenomenopressure phenomeno", " locatiotop locatio", "pothead person perso", " artifacttoilet artifact", " artifactstriker artifact", "administrator person perso", "department head person perso", "hash head person perso", "don person perso", "human head body", " bodystructure body", "general manager person perso", " animaldomestic animal", " persoindividual perso", " statepoint shape", "hammerhead artifact", "pill head person perso", "acid head person perso", "golf club head artifact", "capo person perso", "secretary person perso", " militaryformation group", "part of animal"], ["flash cognition cognitio", "light cognition cognitio", "discovery cognition cognitio", " feelingsensibility feeling", " cognitiounderstanding cognitio", "revelation cognition cognitio", " cognitiointuition cognitio", "hybrid car"], [], [" lawgroup", "resonator artifact", "limiter electronics artifact", "flip flop artifact", "tank circuit artifact", "link artifact", "open circuit artifact", "pulse timing circuit artifact", "computer circuit science artifact", "delay line artifact", "bridged t artifact", "series circuit artifact", "wiring artifact", "t network artifact", "feedback circuit artifact", "bridge artifact", "squelch circuit artifact", " artifactelectrical device artifact", "closed circuit artifact", " locatiopath locatio"], [" linkdeflinkage linkdef", " artifactfastener artifact", " quantitylinear unit quantity", "hyperlink communication programming", "bridge artifact", " programminginstruction computer science", " artifactcircuit artifact", "hyperlink", "deep link"], ["linkage via common property", "situation", "link via event", "wpweb browsersoftware"]], "/r/PartOf": [[], [], [], [], [], [], [], [], [], [], [], [], [], [], [], [], [], [], [], [], [], [], [], [], [], [], [], [], [], [], [], [], [], [], [], [], [], [], [], [], [], [], ["campane"], [], [], [], [], [], [], [], [], [], [], [], [], [], [], [], [], [], [], [], [], [], [], [], [], [], [], [], [], [], [], [], [], [], [], [], [], ["body", " artifactarmchair artifact", " bodybody animal", " bodyhomo animal", "biceps brachii body", "hand body", "cephalic vein body", "triceps brachii body", "arm bone body", "forearm body", "brachial artery body", "elbow body", "ulnar nerve body", "wrist body", "humerus body", "hand", "chair", "radius", "suspension", "ulna", "armchair"], ["collar artifact", " artifactgarment artifact", "carotid artery body", "scrag food", "thymus gland body", "cervical vertebra body", "dewlap body", "nape body", "jugular vein body", "trachea body", "sternocleidomastoid body", "cervical artery body", "throat body", " bodybody animal", "guitar", "throat"], ["table", "saphenous vein body", " artifacttripod artifact", "chair", "saphenous nerve body", " artifactspinning wheel artifact", " artifacttable artifact", " artifactpair of trousers artifact", "peroneal vein body", "thigh body", "knee artifact", "shin body", "knee body", "cuff artifact", "shank body", "tibial vein body", "crus body", " bodybody animal", " artifactgrand piano artifact", "foot artifact", "knock knee state body", "fibula body", "tibialis body", " artifactcot artifact", "foot body", " artifactfour poster artifact", "tibia body", "vertebrate foot body", "ankle body", " artifactchair artifact", "sciatic nerve body", " artifacthospital bed artifact", "leg bone body", "shi", "body", "fibula"], ["body", "palm", "long suit group", "metacarpal vein body", "ball body", "palm body", "metacarpal artery body", "digital arteries body", " bodyhomo animal", " artifacttimepiece artifact", "metacarpus body", "intercapitular vein body", " bodyarm body", "arm", "finger body", "fingernail", "huma", "finger"], [], ["knuckle", "knuckle body", "pad animal body", "fingernail body", "fingertip body", " bodyhand body", " artifactglove artifact", "fingerprint", "hand", "fingertip", "nail"], ["top of line artifact", "railroad track artifact", "bitter end seafaring artifact", " communicatiostanza communicatio", " phenomenoelectromagnetic spectrum phenomeno", "railroad bed artifact", " communicatioletter communicatio", " artifacttransportation system artifact", "drip loop artifact"], ["eye", "hair", "animal", " artifactcoin possessio", "brain body", " bodyanimal", " artifacthammer artifact", " artifactram artifact", " artifactnail artifact", " bodybody animal", " artifactpin artifact", "nose", "ears", " stateabscess state", "people", "temple body", " artifactbolt artifact", "face body", "skull body", " bodyskeletal muscle body", "muzzle animal body", "ear body", "basilar artery body", "face artifact", " artifactscrew artifact", "x bar"], [], [], ["tube artifact", "short circuit artifact", "choke artifact", "shunt artifact", "relay artifact", "capacitor artifact", "resistor artifact", " artifactelectronic equipment artifact", "transistor"], [" quantitychain quantity"], []], "/r/HasA": [[], [], [], [], [], [], [], [], [], [], [], [], [], [], [], [], [], [], [], [], [], [], [], [], [], [], [], [], [], [], [], [], [], [], [], [], [], [], [], [], [], [], [], [], [], [], [], [], [], [], [], [], [], [], [], [], [], [], [], [], [], [], [], [], [], [], [], [], [], [], [], [], [], [], [], [], [], [], [], ["one hand", "hand"], [], ["one foot"], ["arm"], [], [], [], ["brai"], [], [], [], [], ["chai"]], "/r/CapableOf": [[], [], [], [], [], [], [], [], [], [], [], [], [], [], [], [], [], [], [], [], [], [], [], [], [], [], [], [], [], [], [], [], [], [], [], [], [], [], [], [], [], ["divide family"], [], [], [], [], [], [], ["couple", "newspaper"], [], [], [], [], [], [], [], [], [], [], [], [], [], [], [], [], [], [], [], [], [], [], [], [], [], [], [], [], [], [], ["lift fork", "lift book", "wave hello"], [], [], ["cup water", "cup breast", "cup face", "fix collar", "push door", "", "reach ass", "hold another hand", "hit person's face", "fix zipper", "do pat", "cup beautiful breast", "turn valve", "cover enough for little modesty"], [], ["push butto", "point at", "point", "fit in nose", "pointing at object", "pointing at", "point at object", "touch mouse"], [], [], [], [], ["short out"], [], []], "/r/AtLocation": [[], [], [], [], [], [], [], [], [], [], [], [], [], [], [], [], [], [], [], [], [], [], [], [], [], [], [], [], [], [], [], ["fast food chai", "country"], [], [], [], [], [], [], [], [], [], [], [], [], [], [], [], [], [], [], [], [], [], [], [], [], [], [], [], [], [], [], [], [], [], [], [], [], [], [], [], [], [], [], [], [], [], [], [], ["muscle", "bone", "hair", "air", "house", "coat", "huma", "small dog", "wound"], ["body", "bottle", "guillotine", "main artery", "pai", "woods", "giblets", "scarf"], ["bucket of chicke", "pair", "chair", "body", "furniture store", "table"], ["finger", "pocket", "cigarette", "molecule", "briefcase", "toothbrush handle", "writing instrument", "harmonica", "opera ticket", "stylus"], [], ["ring", "hand", "fingerprint", "fingernail", "scar", "glove", "wrinkles", "nail", "ski", "knuckle", "fingerprints", "baby poo", "wedding band", "hair", "diamond ring", "finger nail", "wart", "ring i", "wedding ring", "lady bug", "knuckels", "dirt", "nose"], ["graph", "bus stop", "post office", "store", "bank", "good book", "play"], ["hair", "ear", "morgue", "hat", "submarine", "mouth"], [], [], ["connectio", "coil"], [], ["webpage"]], "/r/HasProperty": [[], [], [], [], [], [], [], [], [], [], [], [], [], [], [], [], [], [], [], [], [], [], [], [], [], [], [], [], [], [], [], [], [], [], [], [], [], ["messages on message machines", "hippies"], [], [], [], [], [], [], [], [], [], [], [], [], [], [], [], [], [], [], [], [], [], [], [], [], [], [], [], [], [], [], [], [], [], [], [], [], [], [], [], [], [], [], [], ["necessary for walking and running"], [], [], [], ["infinite"], ["unclear"], [], [], [], [], []], "/r/CreatedBy": [[], [], [], [], [], [], [], [], [], [], [], [], [], [], [], [], [], [], [], [], [], [], [], [], [], [], [], [], [], [], [], [], [], [], [], [], [], [], [], [], [], [], [], [], [], [], [], [], [], [], [], [], [], [], [], [], [], [], [], [], [], [], [], [], [], [], [], [], [], [], [], [], [], [], [], [], [], [], [], [], [], [], [], [], [], [], [], [], [], [], [], []], "/r/Synonym": [[], [], ["incoherent"], [], ["adjacent", "a neighboring ", "a conterminous ", "immediate a "], [], [], ["dislocated a ", "a disconnected ", "separated a ", "garbled", "incoherent"], [], [], ["a netlike "], [], [], [], [], [], [], [], ["band body"], [], ["unconnected a ", "illogical a ", "abrupt a ", "scattered a ", "disjointed a ", "confused a ", "disordered a ", "a fragmented ", "garbled a ", "a musicstaccato music", "incoherent", "remote", "abrupt", "desultory", "scrappy", "garbled"], [], [], [], ["a coupled "], [], [], [], [], [], [], [" bodyarea body", " cognitiodomain cognitio", "neighborhood quantity", "part location locatio"], [], [], [], [], [], ["ainapposite"], [], [], [], ["split up social", "v socialdisassociate social", "divorcement law", "vsplit up", "divorcement", "disunio", "separation", "vsunder", "severance", "vdisassociate", "vdisunite", "parting", "vsever", "vput away", "vdisconnect", "partitio", "vunmarry", "disjunctio", "dissolutio", "vdissolve", ""], [], ["a pumped up ", "corded", "acorded", "wpmagazinewpmagazine"], [], [], [], [], ["v communicatiocommune communicatio", "pass along communication communicatio", "intercommunicate communication communicatio", "pass on communication communicatio", "pass communication communicatio", "put across communication communicatio", "v possessioconvey possessio", "reveal", "afford", "put across"], [], [], [], ["a disconnected ", "garbled"], ["detached a ", "spaced a ", "a set apart ", "a disjointed "], [" linkdefconnection linkdef", " stateconnection state", "wiredness"], [], [], [], [], [], [], [], [], [], [], [], [], [], [], [], [], [], ["rambling", "uncertain", "incoherent", "casual", "adisconnected"], ["separation attribute", " timetime interval time", "musical interval communication communicatio", "time interval", "betwee", "intermission", "distance", "spell", "way", "recess", "interstice", "skip", "space", "space of time", "interlude", "period"], [], [], [], [], [], ["fortify competition competitio", "build up competition competitio", " groupbranch group", "limb artifact", "gird competition competitio", " artifactweapon artifact", "branch artifact", " artifactsleeve artifact"], ["make out contact", "cervix body", "neck opening artifact", "rack", "gap", "nape"], [" artifactpeg artifact", " actstage act", " shapebranch shape", "limb", "prop", "cathetus"], ["deal group", "helping hand act", "manus body", " persohired hand perso", " handwritinghandwriting handwriting", "v possessiopass possessio", "mitt body", "paw body", " persobridge player perso", "handle"], [], ["finger's breadth quantity", "digit quantity", "fingerbreadth quantity", "v contactfeel contact", "digit", "thumb contact", "jet bridge", "chicken finger", "vinform", "bird", "fingering", "bloke"], [" artifactcable artifact", "run along stative", "product line artifact", " artifactproduction line artifact", " possessiocredit line possessio", "line of merchandise artifact", " communicatiochannel communicatio", " actoccupation act", " quantityagate line quantity", "dividing line cognition cognitio", "line of business artifact", "railway line artifact", "business line artifact", " artifacttelephone line artifact", " communicatiotune communicatio", "v contacttrace contact", "demarcation cognition cognitio", "rail line artifact", "straight line", " shapewrinkle shape", " cognitioargumentation cognitio", "line of products artifact", "contrast cognition cognitio", " artifactpipeline artifact", " groupcourse group", " communicationote communicatio", " grouplineage group", "queue", "game"], [" persoprincipal perso", " objectpromontory object", " artifactdrumhead artifact", "toilet", " locatioforefront locatio", " cognitiomind cognitio", " eventheadway event", " computer scienceread write head science", "v motiolead motio", " communicatioheading communicatio", " plantcapitulum plant", "hood", " communicatiopoint communicatio", " eventpass event", "lead social", "head up stative", " actoral sex act", "head word grammar", "top dog person perso", " communicatioquestion communicatio", "mind", "caput body", "v motiosteer motio", "chief person perso", " locatiofountainhead locatio", "bedhead", "director", "summit", "header", "understanding", "blowjob", "fellatio", "origi"], ["perceptiveness feeling", "sixth sense cognition cognitio", " cognitiopenetration cognitio", "brainstorm cognition cognitio", "brainwave cognition cognitio", "perceptivity feeling", "light"], [], ["electrical circuit artifact", " acttour act", " locatiocircumference locatio", " actlap act", " artifactracing circuit artifact", "electric circuit artifact", "boundary", "dao", "province", "vcirculate", "wpadministrative divisionwpadministrative divisio"], ["v animal husbandryyoke husbandry", "v cognitioassociate cognitio", "v contactconnect contact", " communicatioliaison communicatio", "tie in artifact", "linkup artifact", "nexus linkdef", " stateconnection state", "v stativeconnect stative", "data link artifact", "tie artifact", " shapeconnection shape", " artifactradio link artifact", "member", "bond", "coupler", "piece", "connective", "linkage", "juncture"], [" artifactgolf links artifact", "wpweb browserwpweb browser"]], "/r/LocatedNear": [[], [], [], [], [], [], [], [], [], [], [], [], [], [], [], [], [], [], [], [], [], [], [], [], [], [], [], [], [], [], [], [], [], [], [], [], [], [], [], [], [], [], [], [], [], [], [], [], [], [], [], [], [], [], [], [], [], [], [], [], [], [], [], [], [], [], [], [], [], [], [], [], [], [], [], [], [], [], [], [], [], [], [], [], [], [], [], [], [], [], [], []], "/r/SimilarTo": [[], [], ["unconnected a ", "a unconnected ", "a orthogonal ", "orthogonal a ", "a misrelated ", "misrelated a ", "a uncorrelated ", "uncorrelated a "], [], ["a close ", "close a "], [], [], ["divided a ", "a injured ", "injured a ", "a divided "], [], ["a bound ", "bound a "], ["a palmate ", "palmate a "], [], [], [], [], [], [], [], [], [], ["a staccato music", "a off ", "off a ", "incoherent a ", "a incoherent ", "staccato music "], [], [], [], [], [], [], [], [], [], [], [], [], [], [], [], [], ["digressive a ", "inapplicable a ", "a moot law", "impertinent a ", "a digressive ", "moot law ", "a inapplicable ", "a impertinent "], [], [], [], [], [], ["connected a ", "a bound ", "a bugged ", "a connected ", "bugged a ", "bound a "], [], [], [], [], [], [], [], [], ["exploded a ", "disjoined a ", "a separated ", "a exploded ", "a isolated ", "a uncoupled ", "unattached a ", "a unattached ", "a disjoined ", "a unrelated ", "separated a ", "asternal anatomy ", "unrelated a ", "a asternal anatomy", "uncoupled a ", "isolated a "], ["distributed a ", "unconnected a ", "a unconnected ", "a distributed ", "estranged"], [], [], [], [], [], [], [], [], [], [], [], [], [], [], ["separative a ", "contrastive grammar ", "a contrastive grammar", "adversative a ", "alternative a ", "divisional a ", "a adversative ", "a alternative ", "a separative ", "a divisional "], [], [], [], ["purposeless a ", "a purposeless "], [], [], [], [], [], [], [], [], [], [], [], ["toe"], [], [], ["perceptio", "intuitio", "penetratio", "perspicacity"], [], [], [], []], "/r/MadeOf": [[], [], [], [], [], [], [], [], [], [], [], [], [], [], [], [], [], [], [], [], [], [], [], [], [], [], [], [], [], [], [], [], [], [], [], [], [], [], [], [], [], [], [], [], [], [], [], [], [], [], [], [], [], [], [], [], [], [], [], [], [], [], [], [], [], [], [], [], [], [], [], [], [], [], [], [], [], [], [], [], [], [], ["fist"], [], [], [], [], [], [], [], [], []], "/r/ReceivesAction": [[], [], [], [], [], [], [], [], [], [], [], [], [], [], [], [], [], [], [], [], [], [], [], [], ["space and time"], [], [], [], [], [], [], [], [], [], [], [], [], [], [], [], [], [], [], [], [], [], [], [], [], [], [], [], [], [], [], [], [], [], [], [], [], [], [], [], [], [], [], [], [], [], [], [], [], [], [], [], [], [], [], ["attached to shoulder", "attached to body"], [], ["covered by pants"], ["found in watch"], [], ["inserted into holes"], [], [], [], [], [], [], []]}, "/r/UsedFor": {}, "/r/LocatedAt": {}, "/r/FormOf": {"/r/RelatedTo": [["joi", "together", "dots", "put together", "put", "get onto", "connecteth", "lisfranc ligament", "reference", "conjunctival", "joint", "taper pin", "vjoi", "ligate", "pecker", "annectent", "velectrical", "vconnexio", "install", "connectest", "get on end of", "incoherence", "balun", "bosphorus", "linkup", "piston rod", "skyway", "supraclavicle", "join up", "unconnectable", "daisy chain", "boltwikten 1", "hook", "session", "harmonic balancer", "hard wire", "aerobridge", "put through", "fobwikten 1", "tidal island", "interbeing", "brace", "linkway", "connecting", "syndeticity", "hook up", "magenta box", "close knit", "mediary", "simplicial complex", "vline", "copula", "headshell", "null modem", "joyport", "vtravel", "hidden city", "vconnectio", "cystoperitoneal", "line of levels", "person to", "liken", "network topology", "misconnect", "nonconnection", "balloon animal", "grounded", "akill", "fasten", "affinitive", "jetway", "involve", "pitman", "crossto a", "wired", "catenate", "landing net", "spiritistic", "syndetic", "semapedia", "bus topology", "kick in", "lash together", "interconnect", "tick and tie", "connection", "jack in", "relevant", "associate", "microconsole", "jet bridge", "interstitch", "connective", "corridor train", "floating ground", "vconnector", "connects", "storz coupling", "dial up", "tied", "enlink", "penumbra", "astragal", "nexus", "vconnectability", "reconnect", "vnetwork", "connectivity", "connect up", "implicate", "wildlife corridor", "vtelephone", "set top box", "plugfest", "retinaculum", "attachment", "vcircuit", "connector", "airbridge", "irrelate", "memorabilia", "anchor", "vassociate", "ligative", "exclave", "glue code", "attach", "join together", "joining", "bridge", "internet", "bring", "bring together", "tie", "actio", "game", "tie together", "getting", "up", "two", "meet", "link", "leg", "joining things", "betwee", "between dots", "linking", "joining pieces", "pieces", "conjunctive actio", "conjunctive", "getting o", "meeting up", "meeting", "plug", "two wires", "plug i", "wires", "hooking", "hooking things", "dot", "internet thing", "dot game", "get together", "cross", "corner", "join dots", "unio", "board game", "board", "communicatio", "establishing", "establishing communicatio", "parts", "two parts", "plugs", "getting signal", "signal", "telephones", "appearance", "juxtapositio"], []], "/r/UsedFor": [["smell cognition communicatio", "telephone line artifact communicatio", "chain artifact contact", "link artifact contact"], []], "/r/LocatedAt": [[], []], "/r/FormOf": [["connected", "connecting", "connects"], []], "/r/IsA": [[], []], "/r/PartOf": [[], []], "/r/HasA": [[], []], "/r/CapableOf": [["cable"], []], "/r/AtLocation": [[], []], "/r/HasProperty": [[], []], "/r/CreatedBy": [[], []], "/r/Synonym": [["link stative", "tie contact", "unite stative", "v cognitioassociate cognitio", "v socialget in touch social", "join stative", "link up stative", "v contactplug in contact", "link up contact", "link contact", "connect up", "attach", "join", "plug in", "fasten", "conjugate", "vconjugate", "vjoi"], []], "/r/LocatedNear": [[], []], "/r/SimilarTo": [["vattach"], []], "/r/MadeOf": [[], []], "/r/ReceivesAction": [[], []]}, "/r/IsA": {"/r/RelatedTo": [[], []], "/r/UsedFor": [[], []], "/r/LocatedAt": [[], []], "/r/FormOf": [[], []], "/r/IsA": [[], []], "/r/PartOf": [[], []], "/r/HasA": [[], []], "/r/CapableOf": [[], []], "/r/AtLocation": [[], []], "/r/HasProperty": [[], []], "/r/CreatedBy": [[], []], "/r/Synonym": [[], []], "/r/LocatedNear": [[], []], "/r/SimilarTo": [[], []], "/r/MadeOf": [[], []], "/r/ReceivesAction": [[], []]}, "/r/PartOf": {}, "/r/HasA": {}, "/r/CapableOf": {}, "/r/AtLocation": {}, "/r/HasProperty": {}, "/r/CreatedBy": {}, "/r/Synonym": {"/r/RelatedTo": [[], [], [], [], [], [], [], [], ["acontinue", "a unbroken ", "unbroken a ", "continual", "tracking shot", "izmir", "halftone", "adverse possession", "circular arc", "imperfect", "disturb", "trickle", "cryptophthalmos", "dual space", "semitopological", "nonbroken", "continuation", "on tear", "homotopy", "topological field", "acontinuum", "auniformity", "arc", "chain gun", "renewable", "continuity", "filament", "imperfect tense", "hilbert curve", "turn by navigation", "bandsaw", "semicontinuous", "dirac comb", "spireme", "pli\u00e9", "synechism", "apreimage", "landmass", "sample", "posterize", "repetitive strain injury", "avary", "inosculate", "aeolo", "quasitopological", "acontinual", "listening watch", "quantization", "rubadub", "fibration", "discretize", "goldstone boson", "stream of consciousness", "multipart", "masyu", "running speech", "aope", "imperfective aspect", "continuum hypothesis", "serpentine belt", "topological group", "hot pursuit", "fluoroscope", "quotient map", "microtremor", "loopspace", "escalator", "continuum", "ithand", "unceasing", "diatessaron", "solution of continuity", "rollform", "hairy ball theorem", "jordan curve", "nonrenewable", "page wire", "superfunction", "polyline", "hadwiger's theorem", "vortex atom", "fartlek", "panorama", "disjointed", "cqi", "torsatron", "wedding ring", "caterpillar track", "acontai", "impulsive", "patchy", "hopfion", "phi phenomenon", "cyclorama", "positone", "conurbation", "urinary tract", "semicoercive", "ainterval", "cusp", "acessatio", "cleat", "contiguous", "acontinuatio", "glissette", "oscillator", "inverse fourier transform", "at stretchr", "money spinner", "corridor train", "fourdrinier", "ocean current", "t\u00f6rnqvist index", "loop pedal", "round clock", "continuouslyr", "music of spheres", "beta distribution", "retraction", "continuousness", "gaplesslyr", "sierpinski curve", "muscle tone", "pultrusion", "time study", "digitize", "chugalugr", "chad", "spectrum", "beaconing", "ainterruptio", "logseries", "gompertz distribution", "breakless", "contone", "geneva mechanism", "cadlag", "circular breathing", "conveyor belt", "kaizen", "acontinued", "batch process", "brake van", "blood flow", "unfaltering", "abreak", "surveillance", "constant", "tetanism", "gauge theory", "persistent", "freewriting", "polyserial", "row house", "digital", "discrete", "bicontinuous", "togetherr", "psychic driving", "ultradistribution", "present imperfect", "unbrokenlyr", "homeomorphism", "adomai", "flynn effect", "gamma distribution", "equicontinuous", "subintrant", "disjoint", "acontinuity", "nonwavering", "adeviate", "susurration", "exponential distribution", "quasicontinuous", "digital signal", "turbidostat", "aimage", "qtl", "analog signal", "progressive", "onholding", "rapid fire", "trance gate", "turbine", "rheoencephalography", "money spinning", "boundary condition", "slip ring", "vigilance", "always", "serial", "line", "much"]], "/r/UsedFor": [[], [], [], [], [], [], [], [], []], "/r/LocatedAt": [[], [], [], [], [], [], [], [], []], "/r/FormOf": [[], [], [], ["vaffine"], [], [], [], [], []], "/r/IsA": [[], [], [], [], [], [], [], [], []], "/r/PartOf": [[], [], [], [], [], [], [], [], []], "/r/HasA": [[], [], [], [], [], [], [], [], []], "/r/CapableOf": [[], [], [], [], [], [], [], [], []], "/r/AtLocation": [[], [], [], [], [], [], [], [], []], "/r/HasProperty": [[], [], [], [], [], [], [], [], ["evolutio"]], "/r/CreatedBy": [[], [], [], [], [], [], [], [], []], "/r/Synonym": [[], [], [], ["arelated", "connected", "aconnected", "akindred", "aaki"], [], [], [], [], ["uninterrupted a ", "aconstant", "incessant", "aconnected"]], "/r/LocatedNear": [[], [], [], [], [], [], [], [], []], "/r/SimilarTo": [[], [], [], ["a connected ", "connected a "], [], [], [], [], ["endless a ", "a around clock ", "a sustained ", "a free burning ", "sustained a ", "around clock a ", "a never ending ", "consecutive a ", "continual a ", "never ending a ", "free burning a ", "a continual ", "a endless ", "a consecutive ", "a persisting ", "persisting a "]], "/r/MadeOf": [[], [], [], [], [], [], [], [], []], "/r/ReceivesAction": [[], [], [], [], [], [], [], [], []]}, "/r/LocatedNear": {}, "/r/SimilarTo": {"/r/RelatedTo": [[], [], [], [], [], [], [], [], [], [], [], [], [], [], [], [], [], []], "/r/UsedFor": [[], [], [], [], [], [], [], [], [], [], [], [], [], [], [], [], [], []], "/r/LocatedAt": [[], [], [], [], [], [], [], [], [], [], [], [], [], [], [], [], [], []], "/r/FormOf": [[], [], [], [], [], [], [], [], [], [], [], [], [], [], [], [], [], []], "/r/IsA": [[], [], [], [], [], [], [], [], [], [], [], [], [], [], [], [], [], []], "/r/PartOf": [[], [], [], [], [], [], [], [], [], [], [], [], [], [], [], [], [], []], "/r/HasA": [[], [], [], [], [], [], [], [], [], [], [], [], [], [], [], [], [], []], "/r/CapableOf": [[], [], [], [], [], [], [], [], [], [], [], [], [], [], [], [], [], []], "/r/AtLocation": [[], [], [], [], [], [], [], [], [], [], [], [], [], [], [], [], [], []], "/r/HasProperty": [[], [], [], [], [], [], [], [], [], [], [], [], [], [], [], [], [], []], "/r/CreatedBy": [[], [], [], [], [], [], [], [], [], [], [], [], [], [], [], [], [], []], "/r/Synonym": [[], [], [], [], [], [], [], [], [], [], [], [], [], [], [], [], [], []], "/r/LocatedNear": [[], [], [], [], [], [], [], [], [], [], [], [], [], [], [], [], [], []], "/r/SimilarTo": [[], [], [], [], [], [], [], [], [], [], [], [], [], [], [], [], [], []], "/r/MadeOf": [[], [], [], [], [], [], [], [], [], [], [], [], [], [], [], [], [], []], "/r/ReceivesAction": [[], [], [], [], [], [], [], [], [], [], [], [], [], [], [], [], [], []]}, "/r/MadeOf": {}, "/r/ReceivesAction": {"/r/RelatedTo": [[], [], [], ["print", "logizomechanophobia", "e thumb", "digital library", "darknet", "cassette drive", "macolyte", "computerised", "cyberphobia", "high touch", "office", "desk", "bit", "dell", "apple", "font", "memory", "game", "paste", "engineer", "programme", "command", "future", "save", "file", "error"]], "/r/UsedFor": [[], [], [], ["work", "learn things", "do simulatio", "collect informatio", "accomplish tasks", "talk with people", "predict weather", "create informatio", "help solve problems", "do data processing", "help people", "generate complex graphics", "motherboard", "process data", "make humans lives easier", "entertai", "educate", "organize informatio", "dorks", "spread informatio", "gather informatio"]], "/r/LocatedAt": [[], [], [], []], "/r/FormOf": [[], [], [], ["computer"]], "/r/IsA": [[], [], [], ["not sentient beings", "getting smarter", "toolds", "not people", "complex systems requiring human learning", "fairly recent inventio", "electronic devices", "learning alot of informatio", "in microwave ovens", "way to reduce paper waste", "getting cheaper and better", "lot smaller tha", "office equipment", "apples", "reducing paper work", "manmade", "relatively new innovatio", "subset of electronics"]], "/r/PartOf": [[], [], [], ["computer class"]], "/r/HasA": [[], [], [], ["trouble understanding flamoyant speakers", "keyboards", "power supplies", "many different components", "sending e mail requires", "own language", "monitors", "no commonsense", "many components", "operating systems"]], "/r/CapableOf": [[], [], [], ["compute", "add numbers", "do work", "cost money", "monitor for fires", "learn from people", "connect to other computers", "calculate faster than humans", "count files", "think faster than humans", "need to kept cool", "belong to people", "learn concept of love", "boot from hard drive", "cost lot of money", "make things more complicated", "posses artificial intelligence", "networked", "produce audio", "take up alot of space", "run machines", "take over world day", "remember everything put into", "record compact discs", "stream video", "count very fast", "produce video", "produce sound", "crash", "multitask", "help people", "sort data", "follow instructions", "advance knowledge", "mail text", "share files", "teach", "divided numbers imperfectly", "do fast calculations", "except data", "control machines", "work", "sort information very fast", "serve to do many computational tasks", "do arithmetic", "store documents online or offline", "return result", "appear dumb", "use microchips"]], "/r/AtLocation": [[], [], [], ["office", "library", "space shuttle", "mit", "fraternity house", "college", "files", "motel", "cubicle", "university", "airport", "silicon aluminum copper and gold", "spaceship", "large city", "wiring", "post office"]], "/r/HasProperty": [[], [], [], ["expensive", "fu", "good at numbers", "powered by electricity", "good at arithmetic", "good at mathematics", "faster but not smarter than humans", "easy to use", "fast", "prone to crash", "hard to use", "man made", "very common at colleges", "popular", "complicated", "different from people"]], "/r/CreatedBy": [[], [], [], []], "/r/Synonym": [[], [], [], []], "/r/LocatedNear": [[], [], [], []], "/r/SimilarTo": [[], [], [], []], "/r/MadeOf": [[], [], [], []], "/r/ReceivesAction": [[], [], [], ["programmed", "built by humans", "misused just like other machine", "found in library", "used as automated navigational aid", "known for solving problems", "used as tools", "destroyed by magnents", "taught to think", "misused by nefarious people", "used in study of matter", "connected"]]}}}, "": {"N1": {"/r/RelatedTo": ["windowdoor", "worklabor", "butchermeat", "gallomeasure", "woundgash", "punishmentcrime and", "chickelaying", "thricerthree", "informed educated ", "closed obstructed ", "transpondianrightpondia", "mystifymystery", "audiovisualsaudiovisual"], "/r/UsedFor": ["flash artifactlight physics", "string bassplaying music"], "/r/LocatedAt": [], "/r/FormOf": ["air burstsair burst", "pot belliespot belly", "cross sectionscross sectio"], "/r/IsA": ["suburb locatioresidential district locatio", "western skink animalskink animal", "inertial mass physicsmass attribute", "leading man persoactor perso", "occasion timetime time", "tree toad animalfrog animal", "petaurista animalmammal genus animal", "torch singer persosinger perso", "drop arch artifactpointed artifact", "rottenstone substancelimestone substance", "scorpionfish animalscorpaenid animal", "temporary hookup artifactconnection artifact", "acrylic fiber substanceman made substance", "dependence statestate ", "overhand pitch actpitch baseball", "american spikenard plantsubshrub plant", "hedonist persosensualist perso", "homecoming actreunion act", "aldrovanda plantdicot genus plant", "ambystomatidae animalamphibian family animal", "assist ice hockeymaneuver act", "tithe barn artifactbarn artifact", "hypsometer artifactaltimeter artifact", "papyrus communicatiodocument communicatio", "cacodyl substancegroup chemistry", "penance actsacrament act", "rule of evidence lawrule communicatio", "usherette persousher perso", "hooks bodyhand body", "bilabial communicatiolabial consonant communicatio", "kurdish communicatioiranian communicatio", "theism cognitioreligion cognitio", "aristocrat persoleader perso", "bundesbank groupcentral bank group", "skirtform of female attire", "yardarm artifactend locatio", "supreme court lawfederal group"], "/r/PartOf": ["satachristian myth", "old testament communicatiobible communicatio", "styloid process bodytemporal bone body", "voider artifactbody armor artifact", "tower of london artifactlondon locatio"], "/r/HasA": ["baywater"], "/r/CapableOf": ["blanketscover bed", "chefbone chicke", "authorswrite books"], "/r/AtLocation": ["windowhouse", "dustcarpet", "action figuretoy department", "barbershopmall", "mouselab maze"], "/r/HasProperty": [], "/r/CreatedBy": [], "/r/Synonym": ["hawaiian honeycreeper animalhoneycreeper animal", "thing cognitiomatter cognitio", "dprk locationorth korea locatio", "gas tight air ", "get into possessioget in possessio", "west persocicily isabel fairfield perso", "sapindus drumondii plantwild china tree plant", "abls communicatiobachelor of arts in library science communicatio", "homburg artifactfedora artifact", "choking coil artifactchoke artifact", "sewerage artifactsewer artifact", "fish bowl stategoldfish state", "caddy golfcaddie golf", "moray eel animalmoray animal", "family zygnemataceae animalzygnemataceae animal", "severity attributeaustereness attribute", "hors d oeuvre foodhors food", "chukka artifactchukka boot artifact", "immunise competitioimmunize competitio", "kindling pointautoignition temperature", "corruptlyr corruptedlyr ", "lazy faineant ", "copernicia prunifera plantcarnauba plant", "log z's bodysleep body", "sworn pledged ", "palestine authority grouppalestine national group", "polyodon spathula animalpaddlefish animal", "linnaea borealis americana plantamerican twinflower plant", "stylise artstylize art", "thank youthank you very much", "infirm decrepit ", "uriniferous tubule bodynephron body", "passing actpassage act", "rio nunez coffee plantrobusta plant", "experimentation cognitioexperiment cognitio", "powerful knock do a ", "lichgate artifactlychgate artifact", "take advantage socialtrespass social", "pyrethrum plantpainted daisy plant", "take turns changealternate change", "water level locatiowaterline locatio", "fuddle stateclutter state", "insisting communicatioinsistence communicatio", "vibrate perceptioresonate perceptio", "viridity attributegreen attribute", "yarn dye changeimpress change", "balaenoptera borealis animalsei whale animal", "electron orbit locatioorbit locatio", "lillie persobeatrice perso"], "/r/LocatedNear": [], "/r/SimilarTo": ["large leafed leafy ", "captious critical ", "exaggerated increased ", "effective militaryoperational military", "tasty winey ", "fast breaking news article", "second rate inferior ", "disputatious argumentative ", "private nonpublic ", "coated glazed ", "free clear "], "/r/MadeOf": [], "/r/ReceivesAction": []}, "N2": {}}}