{"dig": {"N1": {"/r/RelatedTo": ["digs", "ditcher", "wikten 1plodding", "cast up", "irr", "delver", "fossorious", "tin penny", "deg", "fodient", "holk", "ditchdigger", "shovel", "macroblock", "gaulter", "vwikten 1excavatio", "undermine", "digging", "wikten 1attack", "gravedigging", "kick step", "delve", "wikten 1digs", "vwikten 1drill", "burrow", "crabhole", "hollow", "gold digger", "coalworks", "dsph", "moundsman", "dugway", "twiscar", "becket", "borrow pit", "getter", "canal", "wikten 1tool", "sm", "redig", "fork", "gravedigger", "quahog", "digger", "french navvy", "vwikten 1ore", "diggable", "shovel out", "cutting", "rootwikten 2", "clamdigger", "fossor", "ditchdigging", "clammer", "pitting", "rootle", "effossion", "sladewikten 2", "piggle", "grub", "suffossion", "verticutter", "unbury", "excavator", "arent", "vwikten 1bed", "beanhole", "dug", "de", "sand", "mole", "degree", "oil", "drill", "plant", "pup"], "/r/UsedFor": ["machine", "explosive"], "/r/LocatedAt": [], "/r/FormOf": ["digs", "digging", "diggeth", "diggedst", "diggest", "duggest", "dug"], "/r/IsA": [" archeologysite locatio", " attributedent attribute", " acttouch act"], "/r/PartOf": [], "/r/HasA": [], "/r/CapableOf": ["archeologists"], "/r/AtLocation": ["mammoth"], "/r/HasProperty": [], "/r/CreatedBy": [], "/r/Synonym": ["delve", "v cognitioget picture cognitio", "v sociallabor social", "v contactexcavate contact", "turn over contact", " actexcavation act", "dig out contact", "v perceptiodig up perceptio", "jab act", " communicatioshot communicatio", "v contactjab contact", "excavation archeology", "cut into contact", "delve contact", "archeological site archeology", "make out", "di", "getwikten 1"], "/r/LocatedNear": [], "/r/SimilarTo": [], "/r/MadeOf": [], "/r/ReceivesAction": []}, "N2": {"/r/RelatedTo": {"/r/RelatedTo": [["dig", "diggings", "lodgings", "shovelbum", "vdig", "mole"], ["abando", "ditch", "dig", "diker", "ditchers"], [], [], ["dig", "rial", "sm"], ["dig", "delve"], ["adig", "fossorial"], [], ["dsph", "elg", "di", "rad", "dig", "grad", "degs", "ge"], ["adig", "fodientia"], ["vpoke", "vpierce", "vdig out", "cavity", "vpenetrate", "vexcavate", "vdig up", "vinvestigate", "vhollow out", "vdig into", "hollow", "vdig", "vhollow"], ["ditch", "dig"], ["spade", "languet", "tramble", "shoveling", "hand tool", "vanning", "dig", "shovelful", "shovellike", "shovel out", "snow shovel", "vshove", "shovels", "spadesman", "sludger", "shovelled", "spadewikten 1", "spadeful", "banjo", "scoop", "shoveler", "shovel hat", "delve", "shoveled", "fireman", "shovellable", "strockle", "unshovelled", "shovelest", "fireset", "mollebart", "shoveleth", "entrenching tool", "tool", "digging", "garde", "digging tool", "instrument", "tablespoo", "garden tool", "garden work", "work", "for digging", "pail", "metal", "pick", "digging instrument"], ["pixel", "excavatio", "macroblocks", "dig", "microblock"], ["dig", "gault", "clay"], [], ["soften someone's cough", "underminer", "undermininglyr", "fifth columnist", "vdig", "dolly zoom", "subversive", "vhinder", "undercut", "undermining", "undermined", "suffossion", "vsabotage", "vsap", "white ant", "fifth column", "soften", "defeat purpose", "antipositional", "underminable", "destabilise", "undermines"], ["mole", "regio", "dig up", "ore", "california", "dig", "diggings", "dig out", "backhoe", "fossorial", "locality", "actio", "gold", "australia", "break ground", "mamoty", "vdig", "shovel", "miner", "mine", "pick", "garde", "dirt", "bury", "toil", "burrow"], [], ["gravedigger", "dig", "grave"], [], ["vfathom", "vdolve", "undelved", "vshovel", "delver", "vdig", "vthoroughly", "vsearch", "vpenetrate", "indelve", "furtle", "vresearch", "undelve", "vcarefully"], [], [], ["burrows", "burroweth", "scolithus", "burrowest", "faunalturbation", "shieldtail", "razor shell", "warren", "refuse", "latibulum", "nonburrowing", "rabbit", "rabbit hole", "mining bee", "womble", "cuniculus", "cururo", "rubbish", "go underground", "tunnel", "vdig", "caecilian", "riddance", "go to ground", "krotovina", "vhole", "crabhole", "ichnofossil", "heap", "carpenter bee", "fiddler", "coterie", "wormfish", "earth", "endogeic", "geoduck", "arenicolous", "burrower", "wormil", "vtunnel", "burrowlike", "earth stopping", "burrowless", "pocket gopher", "screaming hairy armadillo", "burrowing", "garden eel", "ichnotaxon", "anecic", "graphoglytid", "hole", "trapdoor spider", "armadillo", "paleoburrow", "trace fossil", "cahow", "inquiline", "unburrow", "burrowed", "pichiciego", "animal", "home", "animal hole", "rabbit home", "animal home", "for rabbit", "digging"], ["crab", "dig", "burrow"], ["a empty ", "awikten 2gaunt", "tube", "ring gag", "doline", "awikten 2reverberate", "holk", "hollow earther", "bowelled", "unhollowed", "cleavage", "hollowing", "noctule", "cavernouslyr", "vaporium", "fistulose", "ball flower", "anchihaline", "daruma", "enteroception", "concave", "incavated", "odontostyle", "trumpetweed", "cheelam", "hole saw", "domatium", "canal", "tree burial", "osteoglophonic", "syconium", "headbolt heater", "hamster ball", "cavin", "pipy", "blowing agent", "achoresis", "ipu", "solenoglyphous", "trumpetwood", "dowf", "dawkwikten 1", "hollowness", "pool at crook", "cup shaped", "bedform", "cavity", "piston", "nonhollow", "awikten 2empty space", "lemang", "roman dodecahedron", "fresnel lens", "downlight", "buckminsterfullerene", "gauge", "vdig", "incavation", "locule", "larrakitj", "chimney", "spasm", "draintile", "hollowlyr", "caver", "fullerene", "bowden cable", "introitus", "extinguisher", "hollows", "sand trap", "invaginate", "funnel", "bight", "cream puff", "clam gun", "blackbody", "semihollow", "shell", "carve out", "chemitypy", "bubble", "hew out", "cavicorn", "hollowfibre", "den", "mridangam", "brazen bull", "airometer", "ventricle", "kecksy", "dig", "ear candle", "field tile", "coelodont", "barrel", "monogon", "fossette", "scrobiculate", "vexcavate", "pipestem", "sepulchral", "dimple", "sphenophyte", "eccentric hypertrophy", "basi", "resonance", "lavage", "awikten 2distant", "biolung", "fistulous", "crown saw", "hollow out", "moldwikten 1", "horsetail", "endoscope", "bosomy", "swaybacked", "anemophyte", "clawfoot", "archiblastula", "socket", "coeloblastula", "awikten 2substance", "maraca", "channel", "pleurocoel", "solid", "tubulous", "upfilling", "concavoconcave", "extincteur", "lance", "saxicavous", "choanoid", "steinkern", "onionweed", "cave", "niche", "blowgun", "breakthrough", "inquiline", "glenoid fossa", "trojan horse", "angelica", "temple block", "yueqin", "nozzle", "hollowed", "didgeridoo", "semicirque", "haversian canal", "georama", "combe", "angelique", "rwikten 2beat all hollow", "ring", "squirrel", "box", "bell", "macaroni"], [], ["machinery", "coal", "raise", "dig"], ["deg", "ge", "di", "dsphs", "de", "elg", "dig"], ["pit", "erect", "marker", "pitcher", "survey", "dig", "mound", "reference"], ["dig", "hill"], ["tool", "dig", "peat"], ["rope", "eye", "loop", "dig", "turf", "clevis", "spade", "circle", "splice", "knot", "brooch", "beckets"], [], ["get", "putter", "miner", "vremove", "sorptio", "vgas", "object", "vacuum", "property", "coal", "setter", "dig", "removing", "functio", "vsorptio", "retrieve", "gas"], ["water", "waterway", "river", "panama", "suez", "venice", "passage", "channel", "erie", "narrow", "made", "way", "water way", "ma", "man made", "artificial", "puddle", "tubulidentate", "proctuchous", "canalizatio", "weighlock", "lockage", "towpath", "canalside", "feeder", "tailgate", "round ligament", "lockmaster", "headworks", "trekschuit", "intercanal", "viatecture", "canalise", "canalisation", "pectinate line", "counterdrain", "diversion", "winding hole", "regula", "barge", "tubular", "quoin post", "ship canal", "blueway", "feeder reservoir", "enteron", "garage", "crevasse", "minicanal", "lockhouse", "chone", "neuropore", "beak", "pyloric valve", "ayacut", "stenochoria", "vaginoplasty", "canaliform", "endoscopy", "lock weir", "ductus", "shipway", "lowellian", "bilander", "geomembrane", "towboat", "canalman", "intracanal", "tainter gate", "cutting", "fallway", "myelocoele", "canaller", "navigation", "narrowboat", "berm", "anoderm", "vdig", "tail bay", "lockful", "locksman", "canalicule", "freycinet gauge", "flyboat", "enterotome", "lay by", "ampulla of lorenzini", "noncanal", "lockwikten 1", "reach", "vdrainage", "canaliferous", "endoscope", "panproctocolectomy", "sluice", "anoscopy", "zanja", "vtravel", "heelpath", "canaliculus", "giudecca", "palatovaginal", "channelizatio", "cupulothiasis", "dilatation", "water vascular system", "storm sewer", "ganz system", "riverwalk", "service road", "lock gate", "wasteweir", "vaginal vault", "khlong", "puddling", "acequia madre", "osteon", "channelize", "catchdrain", "lengthsman", "metagaster", "trough", "canalize", "gongoozle", "zanje", "canaloplasty", "gray commissure", "raceway", "introitus", "precibarium", "terreplein", "hollow", "pumphouse", "leat", "occlusion", "nanocanal", "anal fissure", "ventro inguinal", "navvy", "infrainguinal", "syringocoele", "reissner's membrane", "lockkeeper", "passageway", "narrow waterway", "water passage", "boats", "water channel", "city", "artificial river", "ditch", "stream", "body", "water body", "amsterdam", "ear", "boat", "small river", "small", "inland", "city river", "carrying", "panama waterway", "in panama", "suez panama", "in venice", "road", "straight", "artificial waterway", "inland waterway", "narrow way", "little river", "little", "panama suez", "boat passage", "lane", "throughway", "tooth", "tooth surgery", "surgery", "watery", "water passageway", "city waterway", "water stream", "huma", "human river", "water carrying", "locks", "highway", "dentistry", "waterways", "in amsterdam", "carrying boats", "alimentary", "manufactured", "long boats", "long", "manufactured river", "manufactured waterway", "oceans", "linking", "linking oceans", "erie waterway", "gondolas", "erie seaway", "seaway", "river passage", "fake waterway", "made river", "fake", "tunnel", "tunnel underwater", "venice waterway", "route", "inland river", "underwater", "water route", "barges", "walls", "water course", "course", "travel", "water travel", "shipping", "shipping channel", "manual river", "stream channel", "manual", "narrow channel", "path", "water path", "edges", "straight edges", "system", "irrigatio", "irrigation system", "mars geography", "geography", "mars", "pipe", "pass", "operatio", "teeth", "teeth operatio", "venice river", "or panama", "venice road", "erie panama", "big", "after panama", "after", "straight river", "eerie", "across", "land", "across land", "france", "moat", "dug waterway", "dug", "root", "erie suez", "deep", "amsterdam waterway"], [], ["lm", "irr", "service mark", "dig", "im", "lem", "irg"], ["vdig"], ["plate", "trident", "spoo", "vduplicate", "free software", "salad fork", "separate", "crotch", "multifircating", "trifurcate", "knife", "solid", "runcible spoon", "silver service", "development", "forks", "forker", "forkful", "tuning fork", "forkable", "forked", "bifurcate", "furcation", "do dishes", "forkmaker", "two", "knork", "gear shift", "intersectio", "vkick", "waterway", "swallowtailed", "three forked", "sea thongs", "attack", "frameset", "utensil", "open source", "steer", "forking", "road", "vblade", "forklift", "execute", "furcate", "eelspear", "splade", "dipygus", "denture", "dungfork", "candlestick telephone", "fish fork", "program", "food", "swallowtail", "mainline", "tool", "spork", "spike", "path", "one", "adversary", "headset", "multifork", "prefork", "fork f", "process", "crotched", "furcular", "tributary", "bifurcation", "vsplit", "simultaneous", "dig", "vspa ", "multiforked", "unforking", "pitchfork", "head tube", "wfk", "project", "multifurcate", "fourch\u00e9", "eating irons", "steerer tube", "hacker", "cutlery", "furciform", "forkless", "chip fork", "software", "mouth", "split", "bicycle", "vcor", "trichotomous", "fork over", "prong", "forklike", "branch", "rake", "eating", "tablespoo", "tines", "eating utensil", "napki", "table utensil", "table", "spoon mate", "mate", "has", "has tines", "farmer", "teeth"], ["gravedigging", "grave", "sexto", "fossor", "necrophore", "dig", "burying beetle", "gravediggers", "sexton"], ["round clam", "topneck", "clam", "mercenaria", "littleneck", "vdig", "quahogger", "stuffie", "quahogs", "hard clam", "cherrystone", "ocean quahog", "tea clam", "venus mercenaria"], ["soldier", "excavator", "agraria", "diggers", "protestant", "english", "spade", "diggerese", "dig", "communist", "term of endearment", "nickname", "miner", "mole"], [], [], ["adig", "undiggable"], [], ["chop", "saw", "blade", "edge", "cut and run", "excision", "asize", "branch", "wit", "hacksaw", "canal", "runcible spoon", "tool rest", "root", "negative cutter", "nibbler", "quickset", "corticotomy", "snip", "tomo", "truing", "he a", "writte", "haircutting", "cut out", "swidden", "coupage", "electrotome", "clipping", "ski", "passage", "stallon", "applique", "two edged", "cuttingness", "abeverage", "on bias", "keenness", "shears", "abridge", "cuttinglyr", "ablate", "snipey", "layering", "all bark and no bite", "tomy", "selectio", "road", "osteotomy", "vivisection", "sharpness", "stem", "genital cutting", "haymaking", "woodcutting", "cuttings", "performance", "railway", "ahalf", "apotentially", "piping", "sectorial", "switchbladed", "electrotomy", "outcut", "sectio", "hot saw", "hairdressing", "rapier", "forecutter", "oxyacetylene", "billhook", "section", "leaf", "biting", "cut", "pyramidotomy", "nicking", "plant cane", "caustic", "scission", "exsanguination", "vcut", "undercut", "runcination", "lase", "dig", "truncate", "cultivated", "adhesiolysis", "axe head", "ahurtful", "snithy", "callus", "transect", "scissors", "operatio", "slice", "axe", "board", "crop", "sale", "fell", "nip", "dissectio", "severance", "prune", "knife", "grass", "butcher", "shear", "hatchet"], [], ["dig", "clam"], ["mole cricket", "ancient rome", "catacomb", "gravedigger", "fossors", "dig"], ["dig", "ditch"], ["clam", "dig"], ["vpit", "dig", "foveation", "pit", "corrosio"], ["vcloset", "vdig out", "vsearch", "vdrawer", "vdig", "rootles", "vsnout", "rootling"], ["dig"], [], ["vtoy", "vdig", "higgledy piggledy", "vscrape", "vniggle", "vfiddle", "vuproot", "vworry"], ["scran", "vscrounge", "insect", "stage", "worm", "caseworm", "flagworm", "grubber", "lowlife", "food", "grubworm", "immature", "vscavenge", "strawworm", "life cycle", "dirty", "veat", "grubby", "grugru worm", "caterpillar", "larva", "hornbug", "vdig", "grublike", "leathery jacket", "canegrub", "maggot", "despicable", "grubling"], ["dig", "underneath", "undermine"], ["blades", "device", "lawnmower", "rotating", "dethatch", "vertical", "dig"], ["unburying", "unburies", "vunburial", "vdig"], ["excavate", "pathological", "backhoe", "digger", "dredging", "bucketwheel", "curette", "discoid", "vehicle", "mini digger", "ditch", "shovelbum", "excavators", "excavation", "dragline excavator", "dig", "track", "excavatio", "cavity", "french navvy"], ["mix", "soil", "anthropogenic", "plough", "dig"], [], ["bea", "cook", "hole", "coal", "dig"], ["undug", "dugs", "foxhole", "fire step", "vdig", "mammary gland", "mammo", "hole", "ditch", "canal", "coal"], ["elg", "dis", "united states of america", "i", "undoing", "destroyer escort", "a", "removing", "di", "des", "dig", "destroyer", "dsph", "u", "ge", "reversal", "dwarf elliptical galaxy", "off", "intensify", "de ice", "no", "bengali", "frigate", "from", "confusio", "defeat", "mist"], ["beach", "grains", "desert", "dirt", "beaches", "glass", "rock", "rocks", "small", "grai", "tiny", "material", "on beach", "ground", "ocea", "grainy", "grit", "soil", "beach grains", "sea", "beach material", "fine", "particles", "granules", "sands", "yellow", "white", "coast", "dust", "silica", "castles", "silico", "tiny rocks", "beach grit", "beach dirt", "gritty", "beach soil", "stuff", "particle", "at beach", "granular", "on beaches", "beach ground", "in desert", "covering", "tiny grains", "little", "mineral", "beach grai", "small rocks", "gravel", "mud", "quartz", "small grains", "floor", "beach particle", "appendix:colors", "plaster", "abradant", "chenier", "asian dust", "microconglomerate", "oolacunta", "bungaroosh", "sand monkey", "hamada", "geocontainer", "cave pearl", "sand winning", "inundator", "sandcastle", "parting sand", "sanding", "sandpaper", "sandball", "mesopsammon", "borrow pit", "arenization", "saburral", "gnathostomulid", "fesh", "wikten 1micro", "gagger", "hoggin", "hook", "malm", "areno", "sandplay", "bonseki", "faceprint", "dune", "storyknifing", "wormcast", "psamment", "arenicolite", "corrasion", "desander", "peperino", "cyclopsam", "fettle", "fire bucket", "sandcrete", "kame", "exoscopy", "cobblestone ice", "glasspaper", "longshore drift", "investment", "sandpipe", "strockle", "hydraulic fracturing", "sanded", "unsanded", "psammology", "sandish", "argilloarenaceous", "sandstorm", "sandbox", "conistra", "quicksand", "sandbag", "parting", "paystreak", "sandspit", "sowback", "green sand", "sandsucker", "sandblast", "sandy", "sandable", "sand trap", "arenophile", "roman cement", "epipelon", "burgrass", "sandridge", "ammo", "shot blasting", "dust bath", "cascalho", "khamsin", "wood flour", "outwash", "sandiness", "sandbar", "cat box", "bed", "follow board", "aggregate", "sandpile", "sandlighter", "ayre", "silicon dioxide", "meteoroid", "resand", "cover sand", "loam", "cohesionless", "sandplain", "sleepy sand", "sandflat", "draft", "arenation", "bankwikten 2", "arkose", "epipsammic", "arenophilic", "cay", "wet sand", "sandwardr", "psammoma", "dunesand", "lime mortar", "chakpur", "nanomineral", "wikten 1beige", "copper barilla", "wharp", "footprint", "sand wave", "beach soccer", "lithotypy", "calcarenite", "emery", "sandpainting", "tayammum", "sandscape", "wikten 1diameter", "sand dune", "arenose", "sandbank", "sand art", "litter box", "crowd art", "tidemark", "hempcrete", "wikten 1silt", "proppant", "sandheap", "glacial till", "vwikten 1blot", "driftwind", "xenophya", "sandless", "sandpit", "shemagh", "sandlike", "sander", "sandbed", "concrete", "singing sand", "polytrack", "headprint", "pig bed", "arenite", "mortar", "sandstone", "desand", "beach nourishment"], ["animal", "underground", "rodent", "rat", "ground", "blind", "ski", "digging", "burrowing", "mark", "small", "mammal", "underground animal", "spy", "black", "spot", "underground rodent", "gopher", "bro ", "burrowing animal", "beauty", "bad", "mouse", "body", "beauty mark", "wart", "dot", "birthmark", "burrower", "dirt", "tunnels", "holes", "dark", "claws", "eyes", "eyesight", "coloradito", "seabank", "devo", "wikten 7dessert", "moudiewort", "moleomancy", "subfemtomolar", "molal", "einstein", "wikten 2mole plow", "thames", "equimolar", "femtomole", "wikten 2mole rat", "molelike", "molehunt", "mouldwarp", "katal", "heat of reaction", "molar solution", "attomole", "wikten 7central america", "wikten 2drai", "femtomolar", "molarity", "avogadro's number", "taw", "wikten 2governmental", "molality", "wikten 2pipeline", "star nosed mole", "desman", "moudiewart", "molecast", "picomole", "molar volume", "england", "wikten 4ancient roma", "derived unit", "wikten 2channel", "moles", "attomolar", "carbon 12", "micromolar", "nanomole", "moleskin", "surrey", "wikten 5avogadro's number", "japanese mole", "decimole", "pier", "gram molecule", "talpid", "karrkaratul", "molehunter", "gressorial", "hairytail mole", "golden mole", "fossorial", "millimolar", "micromole", "standard electrode potential", "wikten 2underground", "platypus", "osmole", "mole shrew", "tyrrhenian mole", "metric system", "notoryctemorphian", "mole eyed", "molecatcher", "amount of substance", "creature", "facial", "burrowing rodent", "small animal", "blemish", "gardens", "hills", "fur", "bad eyesight", "burrows", "on body", "face", "underground mammal", "blind rodent", "freckle", "digs", "skin blemish", "blind rat", "hill", "dark spot", "digging animal", "shrew", "blind animal", "growth", "see", "cant see", "cant", "brown spot", "hedgehog", "informant", "under ground", "under", "ground animal", "small mammal", "groundhog", "blindness", "furry", "making", "big", "rabbit", "garde", "melanoma", "facial mark", "digger", "hairy", "body mark", "digging rodent", "defect", "cancer", "skin growth", "animal underground", "weasel", "small rodent", "ugly", "tv", "tv show", "show", "visio", "bad visio", "digging claws", "bad eyes", "underground habitat", "yard", "habitat", "small eyes", "digging paws", "paws", "on faces", "faces", "burrowing mammal", "critter", "golf", "teeth", "pimple", "black pimple", "tiny", "digging holes", "snitching", "on face", "black spot", "digging abilities", "abilities", "making mountains", "mountains", "claws blindness", "dark wart", "animal burrower", "black fur"], ["temperature", "measurement", "college", "diploma", "unit", "university", "qualificatio", "measure", "certificate", "masters", "bachelors", "angle", "temperature measurement", "paper", "celsius", "graduatio", "heat", "circle", "temperature unit", "fahrenheit", "thermometer", "college diploma", "award", "temperature measure", "doctor", "educatio", "angles", "angle measurement", "university qualificatio", "bur", "bachelors masters", "phd", "doctorate", "number", "reducible", "koukoulion", "academic", "educability", "gradable", "acidulate", "excess", "graduate", "exponent", "kilogram calorie", "super", "second of arc", "tripos", "subtend", "leastawaysr", "academic institution", "deathr", "term", "law trained", "adventitiousness", "cleanability", "disassortative", "llm", "summatr", "incept", "extent", "undergraduate", "antoeci", "degree of comparison", "mil", "o.d", "nostrification", "urbanicity", "drinking man's degree", "authentic cadence", "crisp", "graduand", "coterminal", "semisextile", "locatio", "zodiac", "passman", "cohesion", "quartic", "culpability", "tinge", "centigrade", "equivalence", "so mickler", "howrwikten 1", "deficiency", "curve deficiency", "separable polynomial", "laplacian matrix", "so muchr", "responsion", "hygrostatics", "veryr", "laureation", "polymerizability", "wattless", "nostrificate", "opponency", "licentiate", "value", "collegeless", "molniya orbit", "beknottedness", "sibling in law", "notch", "phaser", "explementary angles", "noncredit", "electroglottograph", "ph.d", "beck's scale", "valency", "act", "semiquintile", "intensity", "minute of arc", "backscatter", "gradian", "piecemealr", "minimal polynomial", "noddinglyr", "antiregular", "crank angle degree", "multidegree", "ambigram", "optimum", "york rite", "college wage premium", "farthest", "howeverr", "semester hours", "bogosity", "hyleg", "degreed", "moore graph", "terrible", "grindwikten 1", "nostrify", "great go", "extremelyr", "mba", "accent mark", "steradian", "radia", "cointense", "proportionallyr", "generation", "consistence", "variability", "encaenia", "in spades", "drapability", "zero chill", "postdoctoral", "rank", "standard of care", "earth", "equibiased", "dimensional stability", "legal blindness", "vertex", "indicator", "interstice", "muchness", "bidegreed", "transitivity", "beyond measurer", "relationship", "bachelor of laws", "moderator", "achievement", "shit out ofr", "pandiatonic", "lambeth degree", "compounder", "beat bandr", "degrees", "doctor of humane letters", "conjugate angles", "lugubrious", "dr.des", "as all get outr", "insofarr", "semisquare", "trioctile", "duniv", "severity", "sensitivity", "uncommonlyr", "catalog", "graduated", "supplicate", "locally finite", "gulf", "little go", "first degree", "inestimable", "intelligibility", "as day is long", "in way", "betwee", "inceptor", "assortativity", "quintic", "reasonable doubt", "latitude", "strictly proper", "furthest", "trigon", "master's degree", "far and awayr", "milligrade", "sharp", "edge", "postgraduate", "somethingr", "bachelor", "usability", "obtuse angle", "obtuse", "commence", "ineptness", "cap product", "ore's theorem", "fidelity", "gram calorie", "quadratic field", "degree sequence", "subdegree", "doctor of philosophy", "comparison", "millidegree", "veridicality", "least count", "descent", "desmond", "thatr", "exceptionallyr", "literate", "bachelor's degree", "british thermal unit", "longitude", "porphyrinogenicity", "gradual", "caterpillar tree", "dissertation", "imperfectlyr", "heavilyr", "magister juris", "enoughr", "associate's degree", "microdegree", "third degree", "abeamr", "graduate engineer", "stalkumentary", "strength", "supplementary angles", "co", "bidegree", "state", "intellect", "attenuate", "compass rose", "medical doctor"], ["liquid", "black", "fuel", "petroleum", "crude", "gasoline", "gas", "gold", "lubricant", "cars", "black gold", "cooking", "grease", "car", "energy", "olive", "expensive", "paint", "texas", "petrol", "slick", "greasy", "fossil", "slippery", "lanter", "fossil fuel", "product", "lubricatio", "barrels", "substance", "tea", "texas tea", "water", "source", "black liquid", "castor", "fluid", "barrel", "engines", "motor", "petroleum product", "ground", "engine", "unrefined", "greaseless", "theobromic acid", "petrichor", "pan fry", "dodecanal", "linoleic", "oilproof", "capnomor", "deoil", "yusho disease", "poak", "vitta", "malvalic acid", "wildcatter", "emulsion paint", "textured vegetable protein", "oil change", "cuminol", "mobil", "butylphthalide", "total base number", "milkshake", "white horse", "earl grey", "gingilli", "retinol", "fatliquoring", "tert butylhydroquinone", "dry", "offtake", "wellbore", "slick back", "isobutyric acid", "vlubricate", "asbolin", "destructive distillation", "hesperidene", "monoi", "kettle chip", "sabinol", "cerate", "sesame oil", "oilnut", "oleic", "oilseed radish", "oily", "neatsfoot", "zachun", "shallow fry", "petroleous", "oilery", "oiling", "inunction", "expeller", "slick do v", "bunkering", "valerin", "daubing", "diya", "rerefiner", "paystreak", "lamp fount", "french dressing", "colza", "unguinous", "crotonic acid", "lubritorium", "ghani", "seedcake", "oilskin", "madder lake", "alabastron", "maceral", "lipiodol", "cream", "salad oil", "tenmoku", "babassu", "hydraulic fracturing", "palmitic acid", "oiler", "oleophilic", "motor oil", "synthol", "deep frying", "biohydrometallurgy", "focaccia", "chermoula", "oil up", "sedanolide", "aryballos", "ointment", "sealine", "lekythos", "concession", "cocamide", "dao", "lipid", "dubbin", "bhoona", "abhyanga", "petro", "try pot", "drip gas", "lebenswecker", "coridine", "worm oil", "soot", "oleodistillate", "crude oil", "cespitine", "squalene", "sesame", "wormseed", "petrodollar", "cod liver oil", "norpatchoulenol", "oilcup", "formation water", "hypogaeic acid", "oil pipeline", "kettle corn", "monograde", "oleyl", "ben oil", "fish scrap", "lamp", "yalah", "gymnasiarch", "vegetable oil", "underoil", "fish oil", "petroyuan", "ampulla", "fourble", "oilpaper", "tbhq", "urushiol", "oil tanker", "dagget", "stir fry", "instant noodle", "elaidic acid", "packaged petroleum product", "phthalo green", "land agent", "olpe", "absorbent ground", "gear case", "asphaltene", "visbreaking", "desorber", "vcook", "whale oil", "penetrating oil", "nonoiled", "rain lamp", "grease up", "elemin", "petrostate", "saybolt universal second", "top kill", "agarofuran", "cajuput oil", "olefiant", "oil platform", "oilway", "sabinene", "oilfish", "leptometer", "myristicol", "diesel tree", "tied oil", "papri", "noshore", "nigellone", "saponification", "balm", "brown power", "oil of brick", "stirrup jar", "oleography", "hair oil", "linoleic acid", "deoiling", "unsaturated fat", "oil painting", "oil spot", "ramtil", "polyunsaturated fat", "oilless", "gurjun", "papboat", "nopec", "citropten", "astral lamp", "embrocate", "drying oil", "montanide", "nanocapsule", "oil do ", "spiedie sauce", "poonga oil", "tarragon", "unoil", "swarfega", "unguentarium", "footing", "wash leather", "sodium cocoate", "cannabene", "pemexgate", "paraffin", "brushwork", "oleophobic", "oils", "guttule", "ogoni", "polydimethylsiloxane", "danish oil", "dry fog", "visbreaker", "intraesterification", "abel test", "seismic stratigraphy", "spring", "dry hole", "taylor white process", "carcel lamp", "oilpressing", "static kill", "oleosaccharum", "wildcat", "spillionaire", "stacte", "baunscheidtism", "carvol", "lauric acid", "oleiferous", "makdous", "nonoil", "bunkerer"], ["bit", " artifactworker perso", "tool", "drillable", "vodka luge", "vwikten 1drai", "awkward squad", "traverse drill", "crisis actor", "drill bit", "pin drill", "trip out", "audiolingual", "square bashing", "bit shank", "semisubmersible", "drilling fluid", "drillproof", "drill ground", "twist drill", "drillmaster", "driller", "well logging", "drill do ", "dental drill", "unbored", "mohole", "kelly", "vwikten 1trai", "predrill", "nondrilling", "drilled", "drumwikten 1", "pneumatic drill", "hole saw", "drillhole", "drill hall", "wikten 1tool", "air drill", "drillstock", "wildcat", "palette", "wikten 2old world monkey", "salut des armes", "craterization", "vwikten 1hit", "turbodrill", "jackleg", "moon pool", "center punch", "wikten 1trap music", "redrill", "drill floor", "dentistry", "wildcatter", "dentist's drill", "bitwikten 1", "bowwikten 1", "buzzie", "baboon", "wellbore", "countersunk hole", "oil platform", "jackhammer", "machine shop", "handpiece", "boreable", "paddywikten 3", "match drill", "wikten 3bias", "wikten 1sow", "mill drill", "widener", "pilot hole", "drill press", "borefield", "trepanation", "microdrill", "power", "power tool", "oil", "hole", "awl", "spirals", "evacuatio", "maker", "hole maker", "for oil", "hair", "dryer", "hair dryer", "electric tool", "electric", "hole tool", "dig oil", "dig", "used", "bit used", "screwdriver", "wells", "oil wells", "cathedral", "tool chest", "chest", "dance"], ["seed", "tree", "flower", "gree", "cotto", "leaves", "grass", "growing", "crop", "garde", "cor", "flowers", "vegetatio", "living", "leaf", "vegetable", "seaweed", "life", "small", "living thing", "haoma", "bed artifact botany", "salvinorin", "plantation", "growing thing", "factory", "trees", "flora", "bush", "roots", "organism", "stem", "ground", "grow", "tobacco", "green growing", "greenery", "small tree", "gardens", "green thing", "has", "green leaves", "seeds", "growth", "leafy", "frondesce", "sandwort", "pigment", "pick", "phytoconstituent", "xenohormesis", "aetheogam", "agronomy", "zoomorphosis", "paleoethnobotany", "chloroplast", "tallophyte", "photomorphogenesis", "lignocellulose", "vegetative", "cuphea", "devil's claw", "cryptovirus", "somaclonal", "phyllosphere", "palaeoflora", "oxylophyte", "micropropagation", "monocotyl", "cryptogam", "carbohydrate", "black eyed susan", "diplobiontic", "japonica", "towel gourd", "tetraterpene", "plasmodiophorid", "resprouter", "haulm", "bryophyte", "alien", "littorine", "edaphophyte", "coronilla", "etolin", "phytoindole", "polytunnel", "linaria", "calla lily", "cutin", "etiolate", "rhizoid", "bikont", "knotgrass", "hodgkinsine", "nandina", "ambary", "phytopharmacology", "potyvirus", "glyoxisome", "herbicidal", "haptotropism", "soldierwood", "cycasin", "ricinine", "cryptospora", "achimenes", "araceous", "hart's ear", "fanflower", "lupeol", "interplant", "isopimpinellin", "candelilla wax", "coprosma", "wongi", "polygamomonoecious", "hapaxanth", "norlignan", "gromwell", "protodioscin", "hedge mustard", "sex chromosome", "bodenvag", "laticiferous", "digitalis", "begomovirus", "adipostatin", "natural reserve", "cress", "frutex", "deer's tongue", "bitterweed", "unifoliolate", "chlorophyll b", "cecidium", "chaconine", "water lily", "botanizer", "euphorbia", "allseed", "honewort", "moss", "oleogenesis", "hammerwort", "decinine", "agrophyte", "plantivorous", "yellow sigatoka", "ascidium", "ricegrass", "tryptophan synthase", "carpet bedding", "reseeder", "carbonification", "systemin", "urceolus", "mycotrophic", "club rush", "brand", "phytonism", "snowflake", "amphiphyte", "phosmet", "crown cactus", "geniposidic acid", "cottonweed", "frondescence", "sea holly", "costmary", "ursolic acid", "blessed thistle", "heterothallic", "pennycress", "areolated", "photoperiodism", "primary cell wall", "betasatellite", "chlormequat", "polysporangiophyte", "wardian case", "bennettitalean", "silvicide", "chemotype", "scylloinositol", "organic matter", "frost blite", "false banana", "lamb's quarters", "ostryopsitrienol", "tutin", "caulescence", "horsemint", "bird pepper", "krubi", "vernalin", "apospory", "paludal", "saltbush", "tetterwort", "phytosanitary", "matico", "hanging basket", "angienchyma", "revegetate", "anaerophyte", "lycopsid", "coralbells", "ravenala", "lepra", "geomycin", "bed", "phytodegradation", "roothole", "heterophyte", "virginia creeper", "standergrass", "marker degradation", "overplant", "plantae", "monoecious", "cocoa bean", "oligophagy", "phytotherapy", "watersheep", "crotalaria", "subirrigation", "alfalfa", "cockscomb", "hare's lettuce", "eddo", "brassicacean", "stigmaria", "trichome", "prangos", "chionophile", "lactescence", "oxypeucedanin", "baby's tears", "largeleaf", "horsenettle", "prairie clover", "funkia", "millefleur", "stylopodium", "club moss", "rampion", "dahlia", "dieffenbachia", "soboles", "japanese spikenard", "phagomyxid", "sport", "lentil", "holocellulose", "photosynthesis", "biodiversity", "plastid", "sempervive", "vernalization", "phytobacterium", "macroplant", "belladonna", "malanga", "heterophyllous", "viroid", "sciophyte", "yucca", "bufotoxin", "bruisewort", "ectomycorrhiza", "food plant", "piscina", "vegetable lamb", "cuticle", "harefoot", "ecdysteroid", "rockery", "motherwort", "chamaephyte", "mesembryanthemum", "xylogalacturonan", "dianthus", "planted", "snoutbean", "zephyr lily", "peltasperm", "rumex", "coontie", "plastome", "phytopathogenesis", "root pressure", "phylum", "peristeria", "resow", "underplant", "plants", "plantwide", "microflora", "cellulose", "archaeophyte", "abyssal zone", "saccolabium", "artificial selection", "hungarian chamomile", "watermilfoil", "fertilizer", "nature preserve"], ["dog", "seal", "fox", "shark", "doggie", "pangopup", "pupylation", "inexperienced", "vgive birth", "pup tent", "pups", "sell someone pup", "cute", "trailer", "pupping", "dolly", "puppy", "young", "pupped", "wolf", "software", "semi trailer", "paid up", "adware", "young dog", "baby", "small", "small dog", "tent", "baby dog", "mother", "mother dog", "smallest", "baby animal", "animal", "tiny dog", "dog child", "tiny", "baby dig", "child", "dig"]], "/r/UsedFor": [["slang to describe dwelling"], [], [], [], [], [], [], [], [], [], [], [], ["digging hole", "dig grave", "digging", "dig holes"], [], [], [], [], ["spade", "knife", "shovel"], [], [], [], [], [], [], [], [], [], [], [], [], [], [], [], [], [], [], ["connect two bodies of water", "divisio", "barges to travel o", "canal boats", "giving passage", "transportation via boat", "diverting excess water to safe areas", "travel in venice", "connecting two bodies of water", "parking boat", "getting around venice", "moving water between two places", "irrigatio", "moving water", "travel", "delivering irrigation water to crops", "holidays", "transporting goods", "riding in gondolas"], [], [], [], ["eating food", "eat food", "eat meal", "picking up food", "eat dinner", "lifting food from plate to mouth", "eating meat", "dividing road in two", "lift food to mouth", "providing choice", "eat", "eat meat", "holding food", "turning soil", "eating pie", "piercing food", "eating food off plate", "eat vegetables", "moving food to mouth", "eating food with", "eating vegetables", "eating", "eat steak"], [], [], [], [], [], [], [], ["diamond", "blade", "scalpel", "razor", "knife", "saw", "knowledge", "double edged razor", "pencil sharpener", "pair of shears", "sword", "pair of scissors", "cleaver", "scissors", "hair"], [], [], [], [], [], [], [], [], [], [], [], [], [], [], ["making excavatio"], [], [], [], [], [], ["make glass", "bottom of ocea", "filling sandbags", "sandboxes", "getting traction on ice", "playing with", "create glass", "part of hour glass", "sandcastles", "kids to play i", "making glass", "fill hourglass", "hourglasses", "extinguish fire", "making cement", "beaches", "clean brick wall"], [], ["university"], ["cars", "lubricate", "frying food i", "spout", "lubricate moving metal parts", "make gas", "making salad dressing", "trucks", "car", "keeping house warm", "lubracate thing", "putting in car engine", "cooking food i", "manufacturing plastic", "lubricate lock", "lubricate machine parts", "geting rich"], ["drilling holes in things", "diamond", " artifactcut contact", " artifactbore contact", " artifacthole artifact", " artifacthole object", "drilling", "drill hole in wall", "whistle", "fix cavities", "practicing marching", "dowel joint", "opening small holes on walls", "drill hole", "spinning bit", "make hole in wall", "make hols", "removing screws", "drill hole i", "cut holes in objects", "screwing in screws"], [], []], "/r/LocatedAt": [[], [], [], [], [], [], [], [], [], [], [], [], [], [], [], [], [], [], [], [], [], [], [], [], [], [], [], [], [], [], [], [], [], [], [], [], [], [], [], [], [], [], [], [], [], [], [], [], [], [], [], [], [], [], [], [], [], [], [], [], [], [], [], [], [], [], [], [], [], [], [], [], [], [], [], []], "/r/FormOf": [["dig", "vdig"], ["ditchers"], [], [], ["irrs"], ["delvers"], [], [], ["degs", "degged", "degging"], ["fodients"], ["holks", "holked", "holking"], ["ditchdiggers"], ["shovelling", "shovels", "shoveling", "shoveled", "shovelled"], ["macroblocks"], ["gaulters"], [], ["undermining", "undermines", "undermined"], ["diggings", "vdig"], [], [], [], ["delved", "delves", "delvest", "delveth", "delving"], [], [], ["burrowing", "burrowed", "burrows"], ["crabholes"], ["hollower", "hallowwikten 4", "hollows", "hollowed", "hollowest", "hollowing", "hollo", "holloweth"], [], [], ["dsphs"], ["moundsmen"], ["dugways"], ["twiscars"], ["beckets"], [], ["getters", "gettering", "gettered"], ["canals", "canaling", "canaled", "canalled", "canalling"], [], ["sms"], ["redigs", "redigging", "redug"], ["forking", "forked", "forks"], ["gravediggers"], ["quahogged", "quahogging", "quahaug", "quahogs", "quohog"], ["diggers"], [], [], ["digable"], [], ["cuttings", "cut", "vcut"], [], [], ["fossors"], [], ["clammers"], ["pittings", "vpit"], ["rootles", "routle", "rootled"], [], [], ["piggled", "piggles", "piggling"], ["grubs", "grubbing", "grubbed"], ["suffossions"], ["verticutters"], ["unburying", "unburied", "unburies"], ["excavators"], ["arents"], [], ["beanholes"], ["dugs", "vdig"], ["des", "diz", "dein", "dyun"], ["sands", "sanding", "sanded"], ["mol", "moles"], ["degrees"], ["oiling", "oils"], ["drilled", "drills"], ["planted", "planteth"], ["pups", "pupping", "pupped"]], "/r/IsA": [[" artifactexcavation artifact"], [], [], [], ["rate of monetary flow", "redemption yield"], [], [], [], [], [], [], [], ["hand shovel artifact", "posthole digger artifact", " artifactfire iron artifact", " quantitycontainerful quantity", " artifacthand tool artifact", "scoop artifact", "shaped thing", "hardware tool", "gardening tool", "rigid portable object", "material movement hand tool", "industrial equipment"], [], [], [], [], [], [], [], [], [], [], [], [" objecthole object", "warren object", "wpshort storywritten work"], [], [" objectvalley object", "dell object", " shapecavity shape", "book"], [], [], [], [], [], [], [" seafaringline artifact"], [], ["accessor"], ["industrial watercourse artifact", " astronomychannel river", "ship canal artifact", "cut artifact", "raceway artifact", " artifactwatercourse artifact", "channel", "abandoned canal", "constructed route", "water way", "irrigation canal", "body of water", "drainage canal", "watercourse", "piece of technology", "navigation canal", "suez canal", "grand canalwpchina", "saint lawrence seaway", "caledonian canal", "panama canal", "erie canal"], [], [], [], ["eating utensil", "toasting fork artifact", "salad fork artifact", "carving fork artifact", "hayfork artifact", " artifactcutlery artifact", "tablefork artifact", " artifacttool artifact", "kitchenware", "salad fork", "cutlery", "silverware", "tableware", "utensil can stab", "kitchen utensil", "dinner fork"], [" persolaborer perso"], [" animalclam animal", "cherrystone animal", "littleneck animal"], ["trencher person perso", "ditch digger person perso", " persolaborer perso"], [], [], [], [], ["pruning object", " actdilution act", " plantstalk plant", " objectpart object", "quickset plant", "opencyccutting hitting objecthitting", "cutting into pieces", "making incision", "using scalpel", "cut of body parts", "opencycstriking with ones fistmovementopencycmovement event", "opencyccutting creation eventcreation event", "human cutting", "manicuring", "opencyctooth growing through gumsbiological growth", "engravingopencycengraving event", "chopping", "separatingopencycseparation event", "cutting fabric", "cutting incomplete separation", "punching", "cross cutting", "action on object", "use of devices"], [], [], [], [], [], [" processcorrosion process"], [], [], [], [], [" animallarva animal", "leatherjacket animal", "maggot animal", "larva", "beetle", "living thing"], [], [], [], [" persoworkman perso", "crawler excavator", "excavator shovel", "dragline", "dragline excavator"], [], [], [], [" animalmammary gland body"], [], ["also", "soil", " substancesoil substance", "sand trap", "very small rocks", "group of sand particles", "find underwater", "blowout topographical", "delta", "sand dune", "ground", "color", "pulverised stone", "granular thing"], ["golden mole animal", " attributeblemish attribute", "brewer's mole animal", "shrew mole animal", "starnose mole animal", " animalinsectivore animal", " foodsauce food", "opencycmole animalanimalopencycnon human animal", "unit of measurement", "opencycmole animalnon person animal", "skin growth", "animal", "opencycmole animalplacental mammal", "find underground", "wpzden\u011bk miler characterfictional character"], ["highness attribute", "state of art", "low attribute", "first degree cognition cognitio", " statestate", "degree centigrade quantity", "sun protection factor attribute", "degree fahrenheit quantity", " cognitioexponent communicatio", "resultant state", "extreme attribute", "extent state", "grind attribute", "degree of term cognition cognitio", "acme state", "climax state", "quickening state", " quantityangular unit quantity", "quality attribute", "intensity attribute", " attributeproperty attribute", "plane state", "standard of living state", "moderation attribute", "immoderation attribute", "ultimacy state", "degree of polynomial cognition cognitio", "high attribute", "ladder state", " quantitytemperature unit quantity", "lowness attribute", "amplitude level attribute", "depth attribute", " attributemagnitude attribute", "certification of apprenticeshipopencyceducational degree", "mcdbaopencyceducational degree", "opencycgeneric value predicatetime independent relation", "vocational technical degreeopencyceducational degree", "high school diplomaopencyceducational degree", "mcsdopencyceducational degree"], ["mineral oil substance", "fluid", "petroleum substance", "shale oil substance", "animal oil substance", "linseed oil substance", "hydnocarpus oil plant substance", " substancelipid substance", "croton oil plant substance", "essential oil substance", " artifactoil paint artifact", "calamus oil plant substance", "mustard oil plant substance", "sassafras oil plant substance", "pennyroyal oil plant substance", "fusel oil substance", "chaulmoogra oil substance", "neroli oil substance", "hyssop oil plant substance", "house hold oil", "camphor oil substance", "tung oil substance", "olive oil", "stand oil substance", "grease substance", "tall oil substance", "cooking oil", "lemongrass oil substance", "cohune nut oil plant substance", "almond oil plant substance", "fixed oil substance", "motor oil", "babassu oil plant substance", "fuel oil substance", "spike lavender oil plant substance", "safflower oil plant substance", "rape oil plant substance", "motor oil substance", "organic matter", "greasy liquid", "inanimate object", "liquidopencycliquid tangible thing", "lubricant for engine", "find underground", "dirt", "condensate", "edible oil", "combustible natural resource", "liquid", "wheat germ oil", "shale oil"], ["core drill artifact", "bore bit artifact", "dentist's drill artifact", "trepan artifact", "reamer artifact", " animalbaboon animal", " militarytraining act", "breast drill artifact", "hand drill artifact", "brace and bit artifact", " artifacttool artifact", "auger artifact", "power drill artifact", "manual drill", "device", "hardware tool", "firestick", "tool", "auger", "electric drill", "cutting implement", "hole making tool", "wpanimalmammal"], ["cabbage", "poison ivy", "cotto", "seaweed", "organism", "grass", "tree", "verbena", "pine", "colorado blue spruce", "peppermint", "neophyte plant botany", "monocarp plant botany", "factory artifact", "dark green spreader yew", "rheingold arborvitae", "recycling plant artifact", " persoactor perso", "pot plant botany", "canadian hemlock", "holophyte plant botany", "cannabis", "little gem arborvitae", "blue star juniper", "calgary carpet juniper", "apomict plant botany", " cognitiocontrivance cognitio", "kallay's juniper", "euonymus", "embryo botany", "vascular plant botany", "sporophyte plant botany", "bottling plant artifact", "air plant botany", "densiformis gem yew", "saltworks artifact", "hygrophyte plant botany", "brewery artifact", "phytoplankton animal botany", "houseplant plant botany", "packinghouse artifact", "annual botany", "refinery artifact", "emarld beauty arborvitae", "vine", "poisonous plant botany", "escape plant botany", "acrogen plant botany", "myrmecophyte plant botany", "aloe vera", "venus flytrap", "atropina belladona", "endemic plant botany", "winery artifact", "cryptogam plant botany", "gametophyte plant botany", "plantlet plant botany", "sewage disposal plant artifact", "aquatic plant botany", "perennial botany", "biennial botany", "garden plant botany", "wilding plant botany", "gold thread falsecypress", " artifactbuilding complex artifact", "mint artifact", "ornamental plant botany", "distillery artifact", "crop plant botany", "smelter artifact", "rock plant botany", "hetz midget arborvitae", "non flowering plant botany", "autophyte plant botany", " botanyorganism", "microflora plant botany", "blue tip juniper", "helichrysum", "nigra dark green arborvitae", "hughes juniper", "andorra juniper", "rhododendro", "wardi yew", "northern lights azalea", "osteospermum", "dwarf alberta spruce", "diascia", "runyan yew", "hicksi yew", "dark green pyramidal yew"], ["young dog", "puppy animal", " animalyoung mammal animal"]], "/r/PartOf": [[], [], [], [], [], [], [], [], [], [], [], [], ["handle"], [], [], [], [], [], [], [], [], [], [], [], [], [], [], [], [], [], [], [], [], [], [], [], ["lock artifact", "lockage artifact", "lock"], [], [], [], ["prong artifact", "tine artifact", "dining set"], [], ["quahaug food animal"], [], [], [], [], [], [], [], [], [], [], [], [], [], [], [], [], [], [], [], [], [], [], [], [], [" animalfemale mammal animal"], [], [], [], [" quantitysextant quantity", " quantityoxtant quantity", "minute quantity"], [], ["chuck artifact", "bit artifact", "bit"], ["transport system", "plant part botany", "hood object botany", "leaf"], []], "/r/HasA": [[], [], [], [], [], [], [], [], [], [], [], [], [], [], [], [], [], [], [], [], [], [], [], [], [], [], [], [], [], [], [], [], [], [], [], [], ["water"], [], [], [], ["prongs", "tines"], [], [], [], [], [], [], [], [], [], [], [], [], [], [], [], [], [], [], [], [], [], [], [], [], [], [], [], [], [], [], [], ["many uses", "high viscosity"], [], [], []], "/r/CapableOf": [["slang for place of business"], [], [], [], [], [], [], [], [], [], [], [], ["dig hole", "clear snow"], [], [], [], [], ["add dirt to pile"], [], [], [], [], [], [], ["hamster", "aardvark"], [], [], [], [], [], [], [], [], [], [], [], [], [], [], [], ["move food to mouth", "in road", "hold things"], ["fill open grave"], [], [], [], [], [], [], [], [], [], [], [], [], [], [], [], [], [], [], [], [], [], ["dig hole"], [], [], [], [], [], ["put out fire", "irritate ski", "flow", "fill sandbag"], ["dig hole"], [], ["quiet squeeky wheel", "still stormy waters", "still troubled waters", "condition leather", "separate from water", "still boiling water", "free stuck hinge"], ["electril or manual"], ["grow in garde", "flower in spring", "suffering dehydratio", "bloom", "bottle drinks"], []], "/r/AtLocation": [["archaeological ruins", "egypt"], [], [], [], [], [], [], [], [], [], [], [], [], [], [], [], [], [], [], [], [], [], [], [], ["marmot", "marmoset", "fox", "crab", "sloth", "snake"], [], ["fox"], [], [], [], [], [], [], [], [], [], ["venice", "amsterdam", "bridge", "panama", "michiga", "arid or semi desert areas"], [], [], [], ["kitche", "table", "drawer", "plate", "road", "plane", "kitchen drawer", "resturant", "cutlery drawer", "cen", "housewares store", "untensil drawer", "silverware drawer", "back", "napki"], [], [], [], [], [], [], [], [], [], [], [], [], [], [], [], [], [], [], [], [], [], [], [], [], [], [], [], [], ["crab", "desert", "sandbox", "surface of earth", "bottom of sea", "ground", "street", "shoes", "concrete", "ocea", "bottom of ocea", "builders merchants", "tree", "earth", "swimsuit", "pail", "moo"], [], ["university"], ["ground", "engine", "street", "iraq", "texas", "car engine", "combustion engines", "lamp", "repair shop", "kitche", "pocket in earth", "car"], ["garage", "dentist office", "repair shop", "tool shed", "toolbox", "home improvement store", "cabinet", "basement", "work shop"], ["windowsill", "pot", "outside"], []], "/r/HasProperty": [[], [], [], [], [], [], [], [], [], [], [], [], [], [], [], [], [], [], [], [], [], [], [], [], [], [], ["tube", "tennis balls", "door", "barrels", "pipes", "pumkins"], [], [], [], [], [], [], [], [], [], ["man made"], [], [], [], [], [], [], [], [], [], [], [], [], [], [], [], [], [], [], [], [], [], [], [], [], [], [], [], [], [], [], [], [], ["gritty", "dry and small", "white", "black"], [], [], ["toxic", "edible", "slippery", "important to developed countries", "refined", "important for modern world"], [], ["alive"], []], "/r/CreatedBy": [[], [], [], [], [], [], [], [], [], [], [], [], [], [], [], [], [], [], [], [], [], [], [], [], [], [], [], [], [], [], [], [], [], [], [], [], [], [], [], [], [], [], [], [], [], [], [], [], [], [], [], [], [], [], [], [], [], [], [], [], [], [], [], [], [], [], [], [], [], [], [], [], [], [], [], []], "/r/Synonym": [["diggings artifact", " artifactdiggings artifact", "boarding house", "lodgings"], [], [], [], ["irg"], [], [], [], ["de"], [], [], [], ["spadeful quantity", " artifactpower shovel artifact", "shovelful quantity"], [], [], [], ["v contactcave contact", "v socialsabotage social", "weaken", "undercut"], [" actexcavation act", "spadework"], [], [], [], ["v contactdig contact", "vinvestigate", "vdig", "explore"], [], [], ["tunnel motion motio", "tunnel object", "warren", "lairwikten 1", "wpshort storywpshort story"], [], ["a vacuous ", "holler object", "v contactexcavate contact", " objecthole object", "hollow out contact", "core out contact", "pocket", "dint", "apharisaical", "excavatio", "pit", "cavity", "ahollow hearted", "dent", "ainsincere", "valley", "concavity", "afalse hearted", ""], [], [], [], [], [], [], [" roman catholicsaint thomas becket catholic"], [], ["vget", "accessor"], ["canalise possession possessio", "canalize possession possessio", " bodyduct body", ""], [], [" communicatiomaster of science communicatio", " substancesamarium substance"], [], [" actbranching act", " bodycrotch body", "v contactpitchfork contact", "v changebranch change", " shapecrotch shape", "tuning fork"], [], ["mercenaria animal", "round clam animal", "hard shell clam animal", " foodquahaug food", "venus mercenaria animal", "hard clam animal", "quahaug animal", "hard clam"], [" artifactpower shovel artifact", "spade"], [], [], ["aexcavatable"], [], ["slip plant", "a stinging ", "a lancinating ", "raw a ", " actfilm editing act", " communicatioclipping communicatio", " actcut act", "thinning act", "bleak a ", " actcarving act", "section", "cut", "clipping", "wpplantwpplant"], [], ["clammer"], ["scudder"], [], ["clamdigger"], ["indentation process", "roughness process"], ["v contactrout contact"], [], [], [], ["v possessiomooch possessio", " foodchow food", "maggot"], [], [], [], [" artifactpower shovel artifact", "backhoe"], [], [], [], [], ["deg", " locatiodelaware locatio", "u"], [" attributebackbone attribute", " persoamandine aurore lucie dupin perso", "v contactsandpaper contact", "beach"], [" artifactbreakwater artifact", " quantitygram molecule quantity", " persocounterspy perso", "nevus", "molehead", "naevus", "jetty", "jettywikten 1", "mound", "dike", "breakwater", "wpzden\u011bk miler characterwpzden\u011bk character"], ["level state", "arcdegree quantity", "level attribute", "point state", "stage state", " communicatioacademic degree communicatio", "grade attribute", "doctorate", "station", "order", "\u00b0", "valency"], ["oil color artifact", " foodvegetable oil food", "oil colour artifact", "v bodyanoint body", " substancepetroleum substance", "petroleum"], ["v contactbore contact", "practice cognition cognitio", "practise cognition cognitio", "mandrillus leucophaeus animal", "exercise cognition cognitio", " actexercise act", "discipline", "borer", "bore", "wpanimalwpanimal"], ["flora botany", "set contact", "v contactimplant contact", "industrial plant artifact", "works artifact", "v creatioestablish creatio", "plant life botany", "implant cognition cognitio"], ["whelp animal", "puppy", " persopuppy perso", "v bodywhelp body"]], "/r/LocatedNear": [[], [], [], [], [], [], [], [], [], [], [], [], [], [], [], [], [], [], [], [], [], [], [], [], [], [], [], [], [], [], [], [], [], [], [], [], [], [], [], [], [], [], [], [], [], [], [], [], [], [], [], [], [], [], [], [], [], [], [], [], [], [], [], [], [], [], [], [], [], [], [], [], [], [], [], []], "/r/SimilarTo": [[], [], [], [], [], [], [], [], [], [], [], [], ["spade"], [], [], [], [], [], [], [], [], [], [], [], [], [], ["tube shaped a ", "deep set a ", "a deep set ", "a insubstantial ", "insubstantial a ", "a tube shaped ", "a fistulate pathology", "a reverberant ", "a cavernous ", "reverberant a ", "fistulate pathology ", "cavernous a ", "cavity"], [], [], [], [], [], [], [], [], [], [], [], [], [], ["bifurcation"], [], [], [], [], [], [], [], ["a cold ", "cold a "], [], [], [], [], [], [], [], [], [], [], [], [], [], [], [], [], [], [], [], [], [], ["beauty mark"], ["scale"], [], [], [], []], "/r/MadeOf": [[], [], [], [], [], [], [], [], [], [], [], [], [], [], [], [], [], [], [], [], [], [], [], [], [], [], [], [], [], [], [], [], [], [], [], [], [], [], [], [], ["metal"], [], [], [], [], [], [], [], [], [], [], [], [], [], [], [], [], [], [], [], [], [], [], [], [], [], [], [], [], ["glass", "little pieces of seashells"], [], [], ["lubricatio"], [], [], []], "/r/ReceivesAction": [[], [], [], [], [], [], [], [], [], [], [], [], ["used in garde"], [], [], [], [], [], [], [], [], [], [], [], [], [], [], [], [], [], [], [], [], [], [], [], [], [], [], [], ["used when eating", "needed when eating meal"], [], [], [], [], [], [], [], [], [], [], [], [], [], [], [], [], [], [], [], [], [], [], [], [], [], [], [], [], ["found at beach", "found on beaches", "made up of tiny ground rocks", "found on beach", "found in desert", "made into glass"], [], [], ["found in pantry", "found in refineries", "found in car", "drilled from below ground", "used in many ways", "found in texas", "found under ground", "found in cars", "found in engine", "found in mayonaise", "found in well", "used as source of heat"], [], [], []]}, "/r/UsedFor": {"/r/RelatedTo": [["mechanical", "take up", "rube goldberg machine", " artifactoperator perso", "device", "scale", "motor", "copy", "robot", "haywire", "cheek", "vending machine", "contraption", "mechanophobe", "machineless", "microoperation", "tomograph", "movement", "transplanter", "dud", "multimachine", "crane", "caml", "intermixer", "harvester", "machinelike", "airplane", "call originator", "washplant", "coil winder", "electricity", "spinning frame", "hydroseeder", "turbine", "stock picker", "mechanician", "manual labor", "fingerguard", "concher", "street sweeper", "pulp engine", "pascaline", "photocomposer", "nonmachine", "aberuncator", "turboencabulator", "reel to", "supermachine", "fourdrinier", "microphonograph", "repaver", "linisher", "repressurizer", "automobile", "autopen", "cornsheller", "mixer", "biorobotics", "remachine", "sequencer", "haymaker", "moderator", "swather", "vinificator", "masheen", "cycloscope", "drawbench", "pile driver", "machinic", "stack machine", "prime mover", "spinning jenny", "circulatory system", "stop motion", "automaton", "sling cart", "polyphaser", "pasteurizer", "burster", "weight", "guard", "blancher", "mechanist", "nonmachined", "reap", "impactor", "guidewheel", "turbomachine", "stonebreaker", "machinate", "nanorobotics", "artificial intelligence", "orograph", "sawmill", "split leather", "steam hammer", "headstock", "brussels net", "machinery", "replenisher", "steam shovel", "corncutter", "meter stamp", "bottlewasher", "micromachine", "teleautomaton", "flipper", "multipolar", "metadyne", "packager", "bring up", "perfecting press", "roboroach", "xerographer", "machinable", "machined", "scrimping bar", "pulper", "briquettor", "tumbling mill", "roller", "enrober", "governor", "depalletizer", "guillotine", "machine readable", "bolt bucket", "gadget", "manhandle", "photoduplicator", "moving part", "musical instrument", "scribbler", "feedhole", "carder", "classifier", "nipper", "spinning mule", "delinter", "household appliance", "degreaser", "instantizer", "spin dryer", "squirrel", "barcode", "recoater", "state machine", "polyvinylsiloxane", "brain", "pulsator", "stretching frame", "tenter", "cash register", "carrier", "photoplotter", "deus ex machina", "kneader", "envelope stuffer", "metacompilation", "robochef", "bundler", "ice cream maker", "point net", "self binder", "simulator", "responsiveness", "varitypist", "conditioner", "ctrl alt delete", "corrugator", "wire bonder", "machinist", "catadrome", "peelerwikten 2", "encephalograph", "quartz crusher", "machining", "mechanistic", "masticator", "smutter", "drawbar", "overwrapper", "copier", "speeder", "zamboni", "chevrette", "flocculator", "pentapod", "toys to life", "fragmentizer", "vm", "macerator", "deambulation", "food waste disposer", "erecting shop", "trumpet", "controller", "installation", "bodok seal", "corn cracker", "planter", "air compressor", "trencher", "turing machine", "plaiter", "intermachine", "typesetter", "neuroscanning", "votator", "kinetophone", "raker", "self test", "bolster", "spotface", "cytoanalyzer", "guideway", "swift", "windmill", "lithotype", "riveter", "telltale", "ball machine", "efficient", "gig mill", "mechanology", "screw machine", "autocook", "billy", "slubber"], ["aexplode", "explosion", "nitrogen tribromide", "hydroxylamine", "trinitrobenzene", "hydrazoic acid", "safeblowing", "fulminic acid", "superexplosive", "nitroglycerine", "aanger", "trip cord", "nitromagnite", "megatonnage", "tetrazene", "lithofracteur", "ascaridole", "hexogen", "pyrotol", "jelly powder", "grenade", "pyrosulfuric acid", "tetrasulfur tetranitride", "fulminuric acid", "explosive gelatin", "nitrocellulose", "volatile", "blam", "potentite", "azidoazide azide", "explosivelyr", "detonator", "nitrosaccharin", "crutter", "underburdened", "fulminous", "explosivity", "ammonal", "abelite", "controlled explosion", "smoke bomb", "tetraazidomethane", "explodey", "ammonium nitrate", "nitrogen trichloride", "sofar", "nonexplosive", "sulfur nitride", "blast away", "autodecomposition", "trinitrotoluene", "nose cap", "melenite", "diborane", "powder keg", "soft launch", "cresylite", "pipe bomb", "ecrasite", "gelignite", "lyddite", "blaster", "raise borer", "carbonite", "hmx", "phlegmatizer", "peracetic acid", "melinite", "diiodoacetylene", "plosophoric", "perchloric acid", "firesetting", "displosive", "antidisturbance", "paixhans gun", "negro powder", "diphenylamine", "spellfire", "lignose", "reactive armor", "safeblower", "nitroglycol", "singularity", "shothole", "cyclotol", "chlorine dioxide", "trinitroaniline", "volcanic", "blastworthy", "ethylaniline", "nitrosaccharose", "nitroguanidine", "fulminate", "waterloo cracker", "dangerous goods", "kilotonnage", "ozonide", "presplit", "explode", "aperso", "grisoutite", "brompicrin", "letter bomb", "fulminating", "pyroclastic rock", "grisoutine", "haloxyline", "nitrotoluene", "nitro", "explosiveness", "cellulose", "dimethylaniline", "improvised explosive device", "phenanthrene", "nitrogen triiodide", "cannonball fungus", "pentazole", "sodium nitrate", "hydroperoxydase", "octogen", "propellant", "sodium azide", "unexplosive", "shoeicide bomber", "airbag", "inexplosive", "roburite", "sprengel explosive", "infernal machine", "panjandrum", "azotine", "polyazide", "explosives", "party popper", "supervolcano", "blurp", "anfo", "paroxysm", "aexplosio", "laugh", "nitroform", "fougasse", "tetryl", "blastproof", "rocket propelled grenade", "nitric acid", "cyclonite", "amvis", "dualin", "hazardous material", "deflagrable", "ammonite", "gunpowder", "dioxygen difluoride", "styphnic acid", "naval mine", "blastine", "torpedo", "cluster bomb", "nitrourea", "proximity fuse", "primerwikten 2", "roadside bomb", "vigorite", "diazomethane", "nitrogelatin", "gun paper", "pentrite", "cheddite", "rackarock", "dynamite", "nail bomb", "explosible", "tripwire", "dye pack", "chemical bomb", "explosimeter", "glyoxyline", "sabulite", "baratol", "smokeless powder", "mail bomb", "dirty bomb", "powder monkey", "hexanitrobenzene", "oxyliquit", "firedamp", "dinitrotoluene", "sniffer dog", "picramide", "crusher gauge", "igniter", "fulminating silver", "high explosive", "blowoff", "hexanitrodiphenylamine", "glukodine", "detonability", "picric acid", "petard", "nitrostarch", "shell", "heracline", "mannitol hexanitrate", "neptune powder", "bomb", "mine", "sneeze", "bullet"]], "/r/UsedFor": [["work", "exercise muscles", "crush ice", "manufacture", "vend newspapers", "play chess", "wax floor", "brush teeth", "refrigerate", "filter", "count coins", "pop popcor", "televise", "seal", "lift skiiers", "rotate tires", "create electricity", "harvest", "bind books", "wash dirty clothes", "load ship", "make bread", "play tape", " artifactperform creatio", "mix concrete", "lubricate", "dig", "generate electricity", "record messages", "simulate airplane", "mold", "make cotton candy", "create parts", "apply coatings", "clip sheep", "sprinkle la ", "simulate automobile", "develop strength", "weave cloth", "repair car bodies", "power trai", "take tire off rim", "deliver luggage", "cremate", "pump water", "entertai", "survey", "burn trash", "beat eggs", "count money", "iron clothes", "make artificial snow", "fry", "see stars", "enlarge print", "vend products", "move vehicle", " artifactfunction contact", "dispense cigarettes", "scrub floor", "write", "lay railroad track", "pack cartons", " artifactwork act", "dump", "make juice drinks", "circulate water", "paint house", "water field", "test astronauts", "water flowers", "make copies", "test body temperature", "lift", "fill orders", "lift car", "combine", "play checkers", "dry clothes", "grind grains", "press clothes", "deliver insecticide", "print", "test blood", "power plane", " artifactwork artifact", "drive nails", "fly", "grind garbage", "take picture", "cut paper", "plow", "transport goods", "glaze", "clean sonically", "scan product codes", "make popcor", "simulate human thinking", "dispense gum", "dispense candy", "burn wood", "vacuum", "measure", "dispense snacks", "burn into leather", "grasp part", "smooth ice", "drain swamp", "power boat", "answer phone", "bend metal", "pump oil", "paint car", "pour grains", "build health in gym", "cook", "fry donuts", "heat tar", " artifacthelp social", "scan body", "incinerate", "drill teeth", "mechanized processes", "test pilots", "phone", "crosscut wood", "verify checks", "pump gas", "fan air", "bake bread", "wash clothes", "wash carpet", "kill", "power car", "drill hole", "dispense water", "bake goods", "calculate", "wash car", "dispense popcor", "record meetings", "shave metal", "dive deep into ocea", "mold plastic", "play cds", "mix drinks", "open cans", "store and retrieve computer storage media", "clean aquarium", "extend hearing power", "conveyor things", "punch holes", "print newspapers", "wash dishes", "power saw", "saw wood", "pasteurize milk", "cut hair", "receive signals", "extend human senses", "unscrew screw", "jig saw cut", "distill liquor", "pump liquids", "staple", "screw in", "fill bottles", "process cheese", "act as bank teller atm", "air conditio", "spray paint", "smooth wood", "x ray body", "sand wood", "solder metal", "inflate tires", "bond parts", "make fasteners", "rotate tower restaurant", "shave beard", "pump oxyge"], ["blowing things up", "destructio", "blow up things", "blow things up", "terrorist acts", "moving lot of material quickly", "wreak havoc", "bombs", "dig", "blowing up dams", "move", "blast", "creating tunnels through mountains", "kaboom", "removing tree stumps", "perfore tunnels", "build such as road", "war", "mining purposes", "illegal fishing", "move rocks", "kill", "demolutio", "demolishing large objects", "explote", "kill people", "blow things or people up", "calling attentio"]], "/r/LocatedAt": [[], []], "/r/FormOf": [["machines"], ["explosives"]], "/r/IsA": [["refrigerator", "pump", "plane", "rocket", "assembly artifact", "bagger artifact", "hop picker artifact", "perpetual motion machine artifact", "stapler artifact", "cash machine artifact", "typewriter", "power shovel artifact", "workhorse artifact", "complex tool", "riveting machine artifact", "vehicle", " grouporganization group", "pulley artifact", "sorter artifact", "calculator artifact", "slicer artifact", "robot", "lever artifact", "farm machine artifact", "televisio", "wheel artifact", "trimmer artifact", "stamp artifact", "automato", "machinery artifact", "cotton gin artifact", "calender artifact", "self feeder artifact", "pile driver artifact", "washing machine", "franking machine artifact", "staple gun artifact", "computer", "snow thrower artifact", "bidet", "car", "power tool artifact", "decoder artifact", "motor artifact", "pavior artifact", "slot machine artifact", "toaster", "machine tool artifact", "cyborg person perso", "press artifact", " artifactdevice artifact", "milking machine artifact", "concrete mixer artifact", "textile machine artifact", "record player artifact", "corker artifact", "inclined plane artifact", "simulator artifact", "computer science artifact", "comber artifact", "clock", " persoperson", "printer artifact", " artifactmechanical device artifact", "time machine artifact", "backhoe", "transmitter", "centrifuge", "answering machine", "helicopter", "phone", "vaccum cleaner", "dishwasher", "tank", "artifact", "man made object", "watch", "windmill", "photocopier"], ["dynamite", " artifactchemical substance", "charge artifact", "warhead artifact", "bomb", "explosive mixture artifact", "hydrazoic acid substance artifact", "propellant explosive artifact", "nitramine substance artifact", "high explosive substance artifact", "fireworks", "warhead", "explosive compound artifact", "low explosive substance artifact", "gunpowder substance artifact", "opencycexplosive materialinanimate object", "low explosiveopencycexplosive material", "nitro glyceri", "ammonium nitrateopencycexplosive material", "attackopencycattack on object", "high explosiveopencycexplosive material", "ied", "opencycexplosive materialpotential explosive threat", "opencycexplosive materialdangerous thingopencycdangerous tangible thing", "weapo"]], "/r/PartOf": [[], [" artifactexplosive device artifact"]], "/r/HasA": [[], ["effect of destroying things"]], "/r/CapableOf": [["construct", "dispense", "vend", "wash dishes", "sort letters", "bottle soda", "sew seam", "dig hole", "ball cotto", "box product in container", "sort numbers", "do task"], []], "/r/AtLocation": [["ball bearing", "push button artifact", "museum", "bar", "house", "laboratory", "office", "industrial area", "own home", "every hom in united states", "cars"], ["bomb", "construction site", "war", "fireworks display", "landmine", "fireworks", "construction hut", "military facility", "army"]], "/r/HasProperty": [["mechanical"], ["dangerous", "cannonball", "very dangerous"]], "/r/CreatedBy": [["people"], []], "/r/Synonym": [["political machine group", " artifactcar artifact", "simple machine artifact", "facsimile", "organizatio", "engine", "machinery", "apparatus", "puppet"], ["volatile a "]], "/r/LocatedNear": [[], []], "/r/SimilarTo": [[], ["sudden a ", "a detonative ", "a sudden ", "unstable a ", "detonative a ", "a unstable "]], "/r/MadeOf": [[], []], "/r/ReceivesAction": [[], ["used in war"]]}, "/r/LocatedAt": {}, "/r/FormOf": {"/r/RelatedTo": [["dig", "diggings", "lodgings", "shovelbum", "vdig", "mole"], ["mole", "regio", "dig up", "ore", "california", "dig", "diggings", "dig out", "backhoe", "fossorial", "locality", "actio", "gold", "australia", "break ground", "mamoty", "vdig", "shovel", "miner", "mine", "pick", "garde", "dirt", "bury", "toil", "burrow"], [], [], [], [], ["undug", "dugs", "foxhole", "fire step", "vdig", "mammary gland", "mammo", "hole", "ditch", "canal", "coal"]], "/r/UsedFor": [["slang to describe dwelling"], ["spade", "knife", "shovel"], [], [], [], [], []], "/r/LocatedAt": [[], [], [], [], [], [], []], "/r/FormOf": [["dig", "vdig"], ["diggings", "vdig"], ["vdig"], ["vdig"], ["vdig"], ["vdig"], ["dugs", "vdig"]], "/r/IsA": [[" artifactexcavation artifact"], [], [], [], [], [], [" animalmammary gland body"]], "/r/PartOf": [[], [], [], [], [], [], [" animalfemale mammal animal"]], "/r/HasA": [[], [], [], [], [], [], []], "/r/CapableOf": [["slang for place of business"], ["add dirt to pile"], [], [], [], [], []], "/r/AtLocation": [["archaeological ruins", "egypt"], [], [], [], [], [], []], "/r/HasProperty": [[], [], [], [], [], [], []], "/r/CreatedBy": [[], [], [], [], [], [], []], "/r/Synonym": [["diggings artifact", " artifactdiggings artifact", "boarding house", "lodgings"], [" actexcavation act", "spadework"], [], [], [], [], []], "/r/LocatedNear": [[], [], [], [], [], [], []], "/r/SimilarTo": [[], [], [], [], [], [], []], "/r/MadeOf": [[], [], [], [], [], [], []], "/r/ReceivesAction": [[], [], [], [], [], [], []]}, "/r/IsA": {"/r/RelatedTo": [[], [], []], "/r/UsedFor": [[], [], []], "/r/LocatedAt": [[], [], []], "/r/FormOf": [[], [], []], "/r/IsA": [[], [], []], "/r/PartOf": [[], [], []], "/r/HasA": [[], [], []], "/r/CapableOf": [[], [], []], "/r/AtLocation": [[], [], []], "/r/HasProperty": [[], [], []], "/r/CreatedBy": [[], [], []], "/r/Synonym": [[], [], []], "/r/LocatedNear": [[], [], []], "/r/SimilarTo": [[], [], []], "/r/MadeOf": [[], [], []], "/r/ReceivesAction": [[], [], []]}, "/r/PartOf": {}, "/r/HasA": {}, "/r/CapableOf": {"/r/RelatedTo": [["archeologist"]], "/r/UsedFor": [["seeing artifacts", "seeing old things"]], "/r/LocatedAt": [[]], "/r/FormOf": [["archeologist"]], "/r/IsA": [[]], "/r/PartOf": [[]], "/r/HasA": [[]], "/r/CapableOf": [["dig"]], "/r/AtLocation": [[]], "/r/HasProperty": [[]], "/r/CreatedBy": [[]], "/r/Synonym": [[]], "/r/LocatedNear": [[]], "/r/SimilarTo": [[]], "/r/MadeOf": [[]], "/r/ReceivesAction": [[]]}, "/r/AtLocation": {"/r/RelatedTo": [["paleolithic", "elephant", "columbian mammoth", "mammoths", "genus", "carcass", "mammuthus", "pleistocene", "steppe mammoth", "mastodontic", "ice age", "incognitum", "glacier", "mastodon", "mammothlike", "weremammoth", "tusk"]], "/r/UsedFor": [[]], "/r/LocatedAt": [[]], "/r/FormOf": [["mammoths"]], "/r/IsA": [["extinct animal", " animalelephant animal", "woolly mammoth animal", "imperial mammoth animal", "columbian mammoth animal", "elephantidae", "herd animal", "placental mammal", "pachyderm"]], "/r/PartOf": [["proboscis animal"]], "/r/HasA": [[]], "/r/CapableOf": [[]], "/r/AtLocation": [["ice age", "frozen tundra", "ancient times", "forest", "fossil bed", "ground", "tar pit", "museum exhibit", "wild", "zoo", "movie", "siberian tundra", "prehistoric times", "prehistory", "museum of natural history", "ground in alaska", "iceage", "field", "pre historic past", "siberian permafrost", "outside", "cave paintings", "encyclopedia", "history book", "animal museum", "artic", "hair", "pits", "nature", "frozen arctic tundra", "mammal family", "storybook", "turkey", "antarctica", "history", "book", "cave", "iceburg", "buried in ice", "museam", "north dakato", "drawings", "icew", "russia", "la brea tar pits", "northern ice sheets", "musium", "pst", "glacial ice", "cold lands", "smithsonian institutio", "prehistoric past", "painting", "ground in siberia", "archeological site", "jungle", "fossil", "kid's picture book", "alaskan tundra", "bedrock", "musuem", "dig", "caveman's drawings", "nowhere", "archeological museum", "pre historic times", "fairy tail", "picturebook", "archeological dig", "pleistocene", "alaska", "siberian site", "south dakota", "arctic", "iceberg", "jurassic park", "paleolithic era", "great outdoors", "cold climate", "old ice", "stone age", "hell", "fossil collectio", "alaska frozen dead", "toy store", "excavations", "ancient siberia", "tundra", "last ice age", "frozen siberian tundra", "ancient history", "peat", "stories", "books", "antartica", "paleontology dig"]], "/r/HasProperty": [[]], "/r/CreatedBy": [[]], "/r/Synonym": [["a gigantic ", "acolossal", "mastodonic", ""]], "/r/LocatedNear": [[]], "/r/SimilarTo": [[]], "/r/MadeOf": [[]], "/r/ReceivesAction": [[]]}, "/r/HasProperty": {}, "/r/CreatedBy": {}, "/r/Synonym": {"/r/RelatedTo": [["vfathom", "vdolve", "undelved", "vshovel", "delver", "vdig", "vthoroughly", "vsearch", "vpenetrate", "indelve", "furtle", "vresearch", "undelve", "vcarefully"], [], [], [], [], [], [], [], [], [], [], [], [], [], [], [], ["dis", "dsph", "duo", "supt", "heptakis", "digamy", "dci", "dwarf irregular galaxy", "de", "irg", "bis", "diana", "dehp", "phenylenediamine", "given name", "two", "glutaric acid", "tetrachlorvinphos", "trioxidane", "dnop", "diazole", "deg", "drill instructor", "dwi", "twi", "didymium", "diisononyl phthalate", "bi", "double", "twice", "diminutive", "dimethoxyflavone", "cut", "oxide"], []], "/r/UsedFor": [[], [], [], [], [], [], [], [], [], [], [], [], [], [], [], [], [], []], "/r/LocatedAt": [[], [], [], [], [], [], [], [], [], [], [], [], [], [], [], [], [], []], "/r/FormOf": [["delved", "delves", "delvest", "delveth", "delving"], [], [], [], [], [], [], [], [], [], [], [], [], [], [], [], ["dis"], []], "/r/IsA": [[], [], [], [], [], [], [], [], [], [], [], [], [], [], [], [], [], []], "/r/PartOf": [[], [], [], [], [], [], [], [], [], [], [], [], [], [], [], [], [], []], "/r/HasA": [[], [], [], [], [], [], [], [], [], [], [], [], [], [], [], [], [], []], "/r/CapableOf": [[], [], [], [], [], [], [], [], [], [], [], [], [], [], [], [], [], []], "/r/AtLocation": [[], [], [], [], [], [], [], [], [], [], [], [], [], [], [], [], [], []], "/r/HasProperty": [[], [], [], [], [], [], [], [], [], [], [], [], [], [], [], [], [], []], "/r/CreatedBy": [[], [], [], [], [], [], [], [], [], [], [], [], [], [], [], [], [], []], "/r/Synonym": [["v contactdig contact", "vinvestigate", "vdig", "explore"], [], [], [], [], [], [], [], [], [], [], [], [], [], [], [], ["dig", "bi", "twi"], []], "/r/LocatedNear": [[], [], [], [], [], [], [], [], [], [], [], [], [], [], [], [], [], []], "/r/SimilarTo": [[], [], [], [], [], [], [], [], [], [], [], [], [], [], [], [], [], []], "/r/MadeOf": [[], [], [], [], [], [], [], [], [], [], [], [], [], [], [], [], [], []], "/r/ReceivesAction": [[], [], [], [], [], [], [], [], [], [], [], [], [], [], [], [], [], []]}, "/r/LocatedNear": {}, "/r/SimilarTo": {}, "/r/MadeOf": {}, "/r/ReceivesAction": {}}}, "": {"N1": {"/r/RelatedTo": ["windowdoor", "worklabor", "butchermeat", "gallomeasure", "woundgash", "punishmentcrime and", "chickelaying", "thricerthree", "informed educated ", "closed obstructed ", "transpondianrightpondia", "mystifymystery", "audiovisualsaudiovisual"], "/r/UsedFor": ["flash artifactlight physics", "string bassplaying music"], "/r/LocatedAt": [], "/r/FormOf": ["air burstsair burst", "pot belliespot belly", "cross sectionscross sectio"], "/r/IsA": ["suburb locatioresidential district locatio", "western skink animalskink animal", "inertial mass physicsmass attribute", "leading man persoactor perso", "occasion timetime time", "tree toad animalfrog animal", "petaurista animalmammal genus animal", "torch singer persosinger perso", "drop arch artifactpointed artifact", "rottenstone substancelimestone substance", "scorpionfish animalscorpaenid animal", "temporary hookup artifactconnection artifact", "acrylic fiber substanceman made substance", "dependence statestate ", "overhand pitch actpitch baseball", "american spikenard plantsubshrub plant", "hedonist persosensualist perso", "homecoming actreunion act", "aldrovanda plantdicot genus plant", "ambystomatidae animalamphibian family animal", "assist ice hockeymaneuver act", "tithe barn artifactbarn artifact", "hypsometer artifactaltimeter artifact", "papyrus communicatiodocument communicatio", "cacodyl substancegroup chemistry", "penance actsacrament act", "rule of evidence lawrule communicatio", "usherette persousher perso", "hooks bodyhand body", "bilabial communicatiolabial consonant communicatio", "kurdish communicatioiranian communicatio", "theism cognitioreligion cognitio", "aristocrat persoleader perso", "bundesbank groupcentral bank group", "skirtform of female attire", "yardarm artifactend locatio", "supreme court lawfederal group"], "/r/PartOf": ["satachristian myth", "old testament communicatiobible communicatio", "styloid process bodytemporal bone body", "voider artifactbody armor artifact", "tower of london artifactlondon locatio"], "/r/HasA": ["baywater"], "/r/CapableOf": ["blanketscover bed", "chefbone chicke", "authorswrite books"], "/r/AtLocation": ["windowhouse", "dustcarpet", "action figuretoy department", "barbershopmall", "mouselab maze"], "/r/HasProperty": [], "/r/CreatedBy": [], "/r/Synonym": ["hawaiian honeycreeper animalhoneycreeper animal", "thing cognitiomatter cognitio", "dprk locationorth korea locatio", "gas tight air ", "get into possessioget in possessio", "west persocicily isabel fairfield perso", "sapindus drumondii plantwild china tree plant", "abls communicatiobachelor of arts in library science communicatio", "homburg artifactfedora artifact", "choking coil artifactchoke artifact", "sewerage artifactsewer artifact", "fish bowl stategoldfish state", "caddy golfcaddie golf", "moray eel animalmoray animal", "family zygnemataceae animalzygnemataceae animal", "severity attributeaustereness attribute", "hors d oeuvre foodhors food", "chukka artifactchukka boot artifact", "immunise competitioimmunize competitio", "kindling pointautoignition temperature", "corruptlyr corruptedlyr ", "lazy faineant ", "copernicia prunifera plantcarnauba plant", "log z's bodysleep body", "sworn pledged ", "palestine authority grouppalestine national group", "polyodon spathula animalpaddlefish animal", "linnaea borealis americana plantamerican twinflower plant", "stylise artstylize art", "thank youthank you very much", "infirm decrepit ", "uriniferous tubule bodynephron body", "passing actpassage act", "rio nunez coffee plantrobusta plant", "experimentation cognitioexperiment cognitio", "powerful knock do a ", "lichgate artifactlychgate artifact", "take advantage socialtrespass social", "pyrethrum plantpainted daisy plant", "take turns changealternate change", "water level locatiowaterline locatio", "fuddle stateclutter state", "insisting communicatioinsistence communicatio", "vibrate perceptioresonate perceptio", "viridity attributegreen attribute", "yarn dye changeimpress change", "balaenoptera borealis animalsei whale animal", "electron orbit locatioorbit locatio", "lillie persobeatrice perso"], "/r/LocatedNear": [], "/r/SimilarTo": ["large leafed leafy ", "captious critical ", "exaggerated increased ", "effective militaryoperational military", "tasty winey ", "fast breaking news article", "second rate inferior ", "disputatious argumentative ", "private nonpublic ", "coated glazed ", "free clear "], "/r/MadeOf": [], "/r/ReceivesAction": []}, "N2": {}}}