{"disconnected": {"N1": {"/r/RelatedTo": ["unconnected", "linkless", "ano longer", "smithereens", "anonempty", "ptygmatic", "disconnectedness", "aempathy", "fragmentary", "disconnectedlyr", "apartitio", "bridge gap", "aassociatio", "aconnected", "abstracted", "remote", "asubset", "aope", "adisjointed", "quasiseparable", "vdisconnect", "unreconnected", "triconnected", "aincoherent", "biconnected", "inconnected", "aclosed", "asynartete", "detachment", "island maze", "dust", "detachable"], "/r/UsedFor": [], "/r/LocatedAt": [], "/r/FormOf": ["deconnected", "vdisconnect", "disconnect"], "/r/IsA": [], "/r/PartOf": [], "/r/HasA": [], "/r/CapableOf": [], "/r/AtLocation": [], "/r/HasProperty": [], "/r/CreatedBy": [], "/r/Synonym": ["unconnected a ", "illogical a ", "abrupt a ", "scattered a ", "disjointed a ", "confused a ", "disordered a ", "a fragmented ", "garbled a ", "a musicstaccato music", "incoherent", "remote", "abrupt", "desultory", "scrappy", "garbled"], "/r/LocatedNear": [], "/r/SimilarTo": ["a staccato music", "a off ", "off a ", "incoherent a ", "a incoherent ", "staccato music "], "/r/MadeOf": [], "/r/ReceivesAction": []}, "N2": {"/r/RelatedTo": {"/r/RelatedTo": [["a unrelated ", "adisconnected", "aconfused", "rhapsodic", "unconnectedlyr", "episodic", "unconnectedness", "disengaged", "abrupt", "ajoined", "aconnected", "disconnectio"], ["aisolated", "adisconnected", "alink"], [], ["piece", "disconnected", "numerous", "tiny", "smitheree", "splinter", "fragment", "smash"], [], ["airregular", "adisconnected"], ["disconnectedlyr", "disconnected"], [], ["afragment", "snippy", "adisconnected", "fragmentarilyr", "scrappy", "nonfragmentary", "ascattered", "fractional", "empractical", "fragmentariness", "noric", "presong", "fragmental"], [], [], [], [], [], ["aapart", "absentlyr", "ainattentive", "graph", "abstractedness", "quantum logic", "awithdra ", "nonabstracted", "abstractable", "adisconnected", "abstractedlyr", "aremove", "aabstract", "aabsent"], ["control", "corpse road", "internal exile", "magenta box", "tristan da cunha", "preremote", "presenter", "outback", "sideload", "foraneous", "dumb terminal", "teleprogramming", "backwood", "teleoperation", "bush pilot", "smoke jumper", "elvis country", "outside world", "jungle telegraph", "backwater", "aunlikely", "viewdata", "olympian", "linemode", "teleophthalmology", "north forty", "smartdust", "remoted", "back of beyond", "backhaul", "aremove", "remotes", "teleoperate", "hold candle", "telepsychology", "time preference", "telesurgery", "teleconsultation", "teleassessment", "sticks", "telemonitor", "telemetry", "remoteness", "adisconnected", "outstation", "way off", "infinity box", "phone home", "coastwatcher", "backblock", "boondock", "extreme", "outstreet", "telerobot", "outlying", "back blocks", "hinterland", "telerobotics", "depth", "adistant", "telepsychiatry", "secluded", "telemedicine", "far off", "depths", "aemotio", "lost to world", "remittance", "inland", "adistance", "fronthaul", "nonremote", "teleintervention", "outworld", "arse end of nowhere", "heli skiing", "teleteacher", "electronic car key", "teleoperator", "nodding acquaintance", "distantness", "far flung", "outskirt", "bush telegraph", "teleprogrammed", "backwaterish", "retreater", "armchair", "teleguide", "localhost", "hintermost", "out of way", "glimmer", "adetach", "farthermost", "teleworkshop", "mononeuritis multiplex", "ainaccessible", "north of watford", "aloof", "back of one's mind", "woop", "telepsychiatrist", "outlay", "backwoods", "telescience", "teleguidance", "isolation pay", "rfc", "east jesus", "telepresenter", "time sharing", "middle of nowhere", "telemanipulate", "farm", "pause"], [], [], [], ["anonseparable", "asubgraph", "adisconnected"], [], ["areconnected", "adisconnected"], ["avertex", "adisconnected", "aconnected graph"], [], ["adisconnected", "aconnected graph", "abiconnectivity", "biconnectivity", "block graph", "avertex"], ["adisconnected"], [], ["asynartetic", "adisconnected", "verse", "atrochee", "arhythm", "aiambus", "averse"], ["aloofness", "detach", "dispatch", "disengagement", "overdetachment", "revenge is dish best served cold", "separately", "autoamputation", "affectlessness", "decathexis", "unit", "derealization", "divorcement", "insulatio", "detached", "permanent", "dismemberment", "impartiality", "nonchalance", "nonengagement", "cryopexy", "rearguard", "disregard", "d\u00e9collement", "ureterocutaneostomy", "indifference", "distancer", "empathy fatigue", "distantlyr", "vairagya", "antistripping", "disinterest", "bias", "portio", "deadhesion", "disconnected", "objectivity", "detachments", "duty", "corporal's guard", "near death experience", "separatio", "military"], [], ["sand", "coreshine", "masked hunter", "set", "dustbowl", "van stockum dust", "cash", "dust bath", "dry", "fractal", "anthracosilicosis", "fesh", "soil", "dustpan", "brickdust", "interstellar medium", "zodiacal cloud", "comet", "milldust", "dust ridden", "parsemage", "slut's wool", "matter", "mill fever", "polle", "pollinose", "impinger", "kick up dust", "coaldust", "nutty slack", "bedust", "tayammum", "lens brush", "dustout", "dusting", "cloud", "pilm", "solar nebula", "dustproof", "fluff", "undust", "dedust", "coke breeze", "powder posted", "pluff", "hair", "dirty snowball", "deduster", "dustcloth", "dustmote", "konio", "pulverate", "dusteth", "dust bunny", "atom", "vlevigate", "baritosis", "suberosis", "antidust", "dusty", "protosatellite", "dustling", "sawdust", "pope's head", "granilla", "pyroclastic flow", "haemol", "fine", "khaki", "lithometeor", "black lung", "pulverous", "space reddening", "blinkers", "smelter dust", "wood putty", "dustlike", "bull dust", "dust off", "dustpile", "sneakage", "dust out", "microdust", "throw dirt", "vleave", "molecular cloud", "galactic halo", "dust mask", "koniology", "kordylewski cloud", "dusted", "stive", "disconnected", "asian dust", "iberulite", "dustcloud", "point", "elephant trunk", "money", "dustbrush", "el dorado", "precipitator", "sleepy sand", "dustmat", "dustest", "particle", "air filter", "latent", "safety glasses", "nebula", "amathophobia", "dustball", "dusts", "zodiacal dust", "vacuum cleaner", "interstellar extinction", "dustfree", "protostar", "dustbag", "dog", "koniscope", "dust up", "gold dust", "bulldust", "cosmic dust", "coniosis", "calcicosis", "vcover", "flurry", "konimeter", "dry fog", "feather duster", "nanodust", "powder", "planetary ring", "dustsheet", "dustless"], ["aunfastened", "fitting", "collar", "rato", "cord set", "travel system", "tipstock", "detachableness", "glochid", "jato", "detach", "adisconnected", "device", "pedestal fan", "bodice", "lily iron", "outboard motor", "car seat", "padlock", "detachability", "plowpoint", "nondetachability"]], "/r/UsedFor": [[], [], [], [], [], [], [], [], [], [], [], [], [], [], [], ["remotely control tv"], [], [], [], [], [], [], [], [], [], [], [], [], [], [], [], []], "/r/LocatedAt": [[], [], [], [], [], [], [], [], [], [], [], [], [], [], [], [], [], [], [], [], [], [], [], [], [], [], [], [], [], [], [], []], "/r/FormOf": [[], [], [], ["smitheree"], [], [], [], [], [], [], [], [], [], [], ["vabstract", "abstract"], ["remotes", "remoting", "remotest", "remoted", "remoter"], [], [], [], [], [], [], [], [], [], [], [], ["asynartetes"], ["detachments"], [], ["dusts", "dusting", "dusted"], ["detachables"]], "/r/IsA": [[], [], [], [" groupcollection group", "band"], [], [], [], [], [], [], [], [], [], [], [], [], [], [], [], [], [], [], [], [], [], [], [], [], ["rearguard military group", "provost guard group", "patrol group", "guard group", "press gang group", " grouparmy unit military", " actseparation act", "picket group"], [], ["interplanetary dust object substance", " substanceparticulate substance", "fallout substance", "chalk dust substance", " substancematerial substance", "opencycdustytangible thing"], []], "/r/PartOf": [[], [], [], [], [], [], [], [], [], [], [], [], [], [], [], [], [], [], [], [], [], [], [], [], [], [], [], [], [], [], [], []], "/r/HasA": [[], [], [], [], [], [], [], [], [], [], [], [], [], [], [], [], [], [], [], [], [], [], [], [], [], [], [], [], [], [], [], []], "/r/CapableOf": [[], [], [], [], [], [], [], [], [], [], [], [], [], [], [], ["control tv"], [], [], [], [], [], [], [], [], [], [], [], [], [], [], ["cause allergies", "cake in layers", "appear from nowhere", "settle on furniture"], []], "/r/AtLocation": [[], [], [], [], [], [], [], [], [], [], [], [], [], [], [], [], [], [], [], [], [], [], [], [], [], [], [], [], [], [], ["bed", "closet", "corner", "desk", "shelf", "fridge", "library", "table", "carpet", "moo", "loft", "attic", "air", "ground", "desktop", "suface of moo", "windowsill", "rug", "orbit", "waste bi", "bedroom", "surface of earth", "building", "backseat of car", "fork in road", "unswept house", "home", "cellar", "freeway", "floor", "outerspace", "televisio", "plate", "drawer", "sky", "most buildings", "room"], []], "/r/HasProperty": [[], [], [], [], [], [], [], [], [], [], [], [], [], [], [], [], [], [], [], [], [], [], [], [], [], [], [], [], [], [], [], []], "/r/CreatedBy": [[], [], [], [], [], [], [], [], [], [], [], [], [], [], [], [], [], [], [], [], [], [], [], [], [], [], [], [], [], [], [], []], "/r/Synonym": [["a disconnected ", "garbled"], ["aunlinked"], [], ["smithers", ""], [], [], [" statedisjunction state"], [], ["fragmental a "], [], [], [], [], [], ["a absentminded "], ["a removed ", "a distant ", "remote control", "a outside ", " artifactremote control artifact", "outback a ", "aabysmal", "clicker", "far off", "aaloof", "afar", "adisconnected"], [], [], [], [], [], [], [], [], [], [], [], [], [" stateinsulation state", " eventseparation event", " feelingwithdrawal feeling", "disengagement act", "squad"], [], [" substancedebris substance", "v contactscatter contact"], []], "/r/LocatedNear": [[], [], [], [], [], [], [], [], [], [], [], [], [], [], [], [], [], [], [], [], [], [], [], [], [], [], [], [], [], [], [], []], "/r/SimilarTo": [["exploded a ", "disjoined a ", "a separated ", "a exploded ", "a isolated ", "a uncoupled ", "unattached a ", "a unattached ", "a disjoined ", "a unrelated ", "separated a ", "asternal anatomy ", "unrelated a ", "a asternal anatomy", "uncoupled a ", "isolated a "], [], [], [], [], [], [], [], ["fractional a ", "a fractional "], [], [], [], [], [], [], ["inaccessible a ", "a inaccessible "], [], [], [], [], [], [], [], [], [], [], [], [], [], [], [], ["a clastic ", "clastic a "]], "/r/MadeOf": [[], [], [], [], [], [], [], [], [], [], [], [], [], [], [], [], [], [], [], [], [], [], [], [], [], [], [], [], [], [], [], []], "/r/ReceivesAction": [[], [], [], [], [], [], [], [], [], [], [], [], [], [], [], [], [], [], [], [], [], [], [], [], [], [], [], [], [], [], [], []]}, "/r/UsedFor": {}, "/r/LocatedAt": {}, "/r/FormOf": {"/r/RelatedTo": [[], [], ["disconnects", "vwithdra ", "scientology", "velectrical", "punter", "akill", "ring off", "vsource", "separate", "circuit", "vdetach", "disconnectable", "antagonistic", "sever", "cutpoint", "family", "unhitch", "vappliance", "vpower", "interruptio", "disconnectio", "vsever", "continuum", "uncouple", "detether", "unconnect", "clearing", "incomplete", "vinterrupt", "friend", "mismatch", "unplug", "disconnectedlyr", "disconnected", "tie", "process", "uncable", "vconnectio", "autokill", "generation gap", "break", "ghost", "electrical", "disconnecting", "switch", "connectio"]], "/r/UsedFor": [[], [], []], "/r/LocatedAt": [[], [], []], "/r/FormOf": [["adisconnected"], [], ["disconnecting", "disconnected", "disconnects"]], "/r/IsA": [[], [], []], "/r/PartOf": [[], [], []], "/r/HasA": [[], [], []], "/r/CapableOf": [[], [], []], "/r/AtLocation": [[], [], []], "/r/HasProperty": [[], [], []], "/r/CreatedBy": [[], [], []], "/r/Synonym": [[], [], ["v contactunplug contact", " attributegulf attribute", "vdetach", "part", "divorce", "disconnection", "detach", "vdissociate", "disconnector", "unplug"]], "/r/LocatedNear": [[], [], []], "/r/SimilarTo": [[], [], []], "/r/MadeOf": [[], [], []], "/r/ReceivesAction": [[], [], []]}, "/r/IsA": {}, "/r/PartOf": {}, "/r/HasA": {}, "/r/CapableOf": {}, "/r/AtLocation": {}, "/r/HasProperty": {}, "/r/CreatedBy": {}, "/r/Synonym": {"/r/RelatedTo": [[], [], [], [], [], [], [], [], [], [], ["a irrational ", "irrational a ", "a illogical ", "illogical a ", "roof brain chatter", "incoherence", "gibberish", "discoherent", "alogical", "aincoherently", "acoherent", "aincoherence", "raving", "acohere", "inchoate", "aunite", "rigmarole", "gobbledygook", "garbly", "slaphappy", "superradiance", "gibberer", "divagation", "incompact", "multichimera", "incoherentlyr", "incoherency", "aconsistent", "disconnected", "rant"], ["control", "corpse road", "internal exile", "magenta box", "tristan da cunha", "preremote", "presenter", "outback", "sideload", "foraneous", "dumb terminal", "teleprogramming", "backwood", "teleoperation", "bush pilot", "smoke jumper", "elvis country", "outside world", "jungle telegraph", "backwater", "aunlikely", "viewdata", "olympian", "linemode", "teleophthalmology", "north forty", "smartdust", "remoted", "back of beyond", "backhaul", "aremove", "remotes", "teleoperate", "hold candle", "telepsychology", "time preference", "telesurgery", "teleconsultation", "teleassessment", "sticks", "telemonitor", "telemetry", "remoteness", "adisconnected", "outstation", "way off", "infinity box", "phone home", "coastwatcher", "backblock", "boondock", "extreme", "outstreet", "telerobot", "outlying", "back blocks", "hinterland", "telerobotics", "depth", "adistant", "telepsychiatry", "secluded", "telemedicine", "far off", "depths", "aemotio", "lost to world", "remittance", "inland", "adistance", "fronthaul", "nonremote", "teleintervention", "outworld", "arse end of nowhere", "heli skiing", "teleteacher", "electronic car key", "teleoperator", "nodding acquaintance", "distantness", "far flung", "outskirt", "bush telegraph", "teleprogrammed", "backwaterish", "retreater", "armchair", "teleguide", "localhost", "hintermost", "out of way", "glimmer", "adetach", "farthermost", "teleworkshop", "mononeuritis multiplex", "ainaccessible", "north of watford", "aloof", "back of one's mind", "woop", "telepsychiatrist", "outlay", "backwoods", "telescience", "teleguidance", "isolation pay", "rfc", "east jesus", "telepresenter", "time sharing", "middle of nowhere", "telemanipulate", "farm", "pause"], ["abruptlyr", "vasunder", "aprecipitous", "anticlimax", "acut off", "ahasty", "blurt", "non sequitur", "handbrake turn", "spasmodic", "brick wall", "throw to wind", "duck out", "head on", "furcula", "interrupt", "asteep", "nonabrupt", "clonk", "aterminating", "backlash", "abyss", "roller coasterish", "deathbed conversion", "brusque", "aunceremonious", "vinterrupt", "crisis", "ictic", "pierce", "saltation", "mucro", "truncate", "aunconnected", "double take", "unabrupt", "blustery", "acraggy", "geniculation", "abruptic", "quantum leap", "clack", "abruptness", "irruption", "acurt", "asudde", "abruption", "atruncate", "bite off", "induplicate", "terse", "offhand", "atransitions", "smash cut", "twists and turns", "dartlike", "water hammer", "bathos", "catastrophe theory", "stop"], ["asequence", "half assed", "acourse", "desultoriness", "ajump", "half ass", "maunder", "aconnected", "desultorilyr", "desultorious", "apass", "adisappointing"], ["scrappiness", "scrappilyr", "aunity", "afragmentary", "afight", "astrive", "aconsistency", "aaggressive"], ["vgarble", "mouthful of marbles", "garbly", "adistorted", "ascrambled", "ungarble", "garbley gook", "ungarbled", "nonsense"]], "/r/UsedFor": [[], [], [], [], [], [], [], [], [], [], [], ["remotely control tv"], [], [], [], []], "/r/LocatedAt": [[], [], [], [], [], [], [], [], [], [], [], [], [], [], [], []], "/r/FormOf": [[], [], [], [], [], [], [], [], [], [], [], ["remotes", "remoting", "remotest", "remoted", "remoter"], ["abrupts", "abrupter", "abrupting", "abruptest", "abrupted"], [], ["scrappiest", "scrappier"], ["vgarble", "garble"]], "/r/IsA": [[], [], [], [], [], [], [], [], [], [], [], [], [], [], [], []], "/r/PartOf": [[], [], [], [], [], [], [], [], [], [], [], [], [], [], [], []], "/r/HasA": [[], [], [], [], [], [], [], [], [], [], [], [], [], [], [], []], "/r/CapableOf": [[], [], [], [], [], [], [], [], [], [], [], ["control tv"], [], [], [], []], "/r/AtLocation": [[], [], [], [], [], [], [], [], [], [], [], [], [], [], [], []], "/r/HasProperty": [[], [], [], [], [], [], [], [], [], [], [], [], [], [], [], []], "/r/CreatedBy": [[], [], [], [], [], [], [], [], [], [], [], [], [], [], [], []], "/r/Synonym": [[], [], [], [], [], [], [], [], [], [], ["a tongue tied ", "aunrelated", "adisconnected", "ajerky", "adesultory", "adisjointed", "adiscontinuous", "aunintelligible"], ["a removed ", "a distant ", "remote control", "a outside ", " artifactremote control artifact", "outback a ", "aabysmal", "clicker", "far off", "aaloof", "afar", "adisconnected"], ["a disconnected ", "a precipitous ", "ablunt", "abrusque", "terse", "curt", "adisconnected", "sharp", "abroke"], ["rambling", "uncertain", "incoherent", "casual", "adisconnected"], ["afeisty", "adisconnected"], ["a disconnected ", "disjointed", "aillogical", "adistorted", "aconfused", "disconnected", "adisconnected", "adisjointed", "confused", "adisordered", "disordered", "unconnected", "mixed up", "distorted", "ascattered", "illogical", "aunconnected", "amixed up", "scattered"]], "/r/LocatedNear": [[], [], [], [], [], [], [], [], [], [], [], [], [], [], [], []], "/r/SimilarTo": [[], [], [], [], [], [], [], [], [], [], ["fuzzy a ", "a fuzzy ", "a disconnected ", "disconnected a "], ["inaccessible a ", "a inaccessible "], ["a sudden ", "sudden a ", "discourteous a ", "a discourteous "], ["purposeless a ", "a purposeless "], ["aggressive a ", "a aggressive "], []], "/r/MadeOf": [[], [], [], [], [], [], [], [], [], [], [], [], [], [], [], []], "/r/ReceivesAction": [[], [], [], [], [], [], [], [], [], [], [], [], [], [], [], []]}, "/r/LocatedNear": {}, "/r/SimilarTo": {"/r/RelatedTo": [[], [], [], [], [], []], "/r/UsedFor": [[], [], [], [], [], []], "/r/LocatedAt": [[], [], [], [], [], []], "/r/FormOf": [[], [], [], [], [], []], "/r/IsA": [[], [], [], [], [], []], "/r/PartOf": [[], [], [], [], [], []], "/r/HasA": [[], [], [], [], [], []], "/r/CapableOf": [[], [], [], [], [], []], "/r/AtLocation": [[], [], [], [], [], []], "/r/HasProperty": [[], [], [], [], [], []], "/r/CreatedBy": [[], [], [], [], [], []], "/r/Synonym": [[], [], [], [], [], []], "/r/LocatedNear": [[], [], [], [], [], []], "/r/SimilarTo": [[], [], [], [], [], []], "/r/MadeOf": [[], [], [], [], [], []], "/r/ReceivesAction": [[], [], [], [], [], []]}, "/r/MadeOf": {}, "/r/ReceivesAction": {}}}, "": {"N1": {"/r/RelatedTo": ["windowdoor", "worklabor", "butchermeat", "gallomeasure", "woundgash", "punishmentcrime and", "chickelaying", "thricerthree", "informed educated ", "closed obstructed ", "transpondianrightpondia", "mystifymystery", "audiovisualsaudiovisual"], "/r/UsedFor": ["flash artifactlight physics", "string bassplaying music"], "/r/LocatedAt": [], "/r/FormOf": ["air burstsair burst", "pot belliespot belly", "cross sectionscross sectio"], "/r/IsA": ["suburb locatioresidential district locatio", "western skink animalskink animal", "inertial mass physicsmass attribute", "leading man persoactor perso", "occasion timetime time", "tree toad animalfrog animal", "petaurista animalmammal genus animal", "torch singer persosinger perso", "drop arch artifactpointed artifact", "rottenstone substancelimestone substance", "scorpionfish animalscorpaenid animal", "temporary hookup artifactconnection artifact", "acrylic fiber substanceman made substance", "dependence statestate ", "overhand pitch actpitch baseball", "american spikenard plantsubshrub plant", "hedonist persosensualist perso", "homecoming actreunion act", "aldrovanda plantdicot genus plant", "ambystomatidae animalamphibian family animal", "assist ice hockeymaneuver act", "tithe barn artifactbarn artifact", "hypsometer artifactaltimeter artifact", "papyrus communicatiodocument communicatio", "cacodyl substancegroup chemistry", "penance actsacrament act", "rule of evidence lawrule communicatio", "usherette persousher perso", "hooks bodyhand body", "bilabial communicatiolabial consonant communicatio", "kurdish communicatioiranian communicatio", "theism cognitioreligion cognitio", "aristocrat persoleader perso", "bundesbank groupcentral bank group", "skirtform of female attire", "yardarm artifactend locatio", "supreme court lawfederal group"], "/r/PartOf": ["satachristian myth", "old testament communicatiobible communicatio", "styloid process bodytemporal bone body", "voider artifactbody armor artifact", "tower of london artifactlondon locatio"], "/r/HasA": ["baywater"], "/r/CapableOf": ["blanketscover bed", "chefbone chicke", "authorswrite books"], "/r/AtLocation": ["windowhouse", "dustcarpet", "action figuretoy department", "barbershopmall", "mouselab maze"], "/r/HasProperty": [], "/r/CreatedBy": [], "/r/Synonym": ["hawaiian honeycreeper animalhoneycreeper animal", "thing cognitiomatter cognitio", "dprk locationorth korea locatio", "gas tight air ", "get into possessioget in possessio", "west persocicily isabel fairfield perso", "sapindus drumondii plantwild china tree plant", "abls communicatiobachelor of arts in library science communicatio", "homburg artifactfedora artifact", "choking coil artifactchoke artifact", "sewerage artifactsewer artifact", "fish bowl stategoldfish state", "caddy golfcaddie golf", "moray eel animalmoray animal", "family zygnemataceae animalzygnemataceae animal", "severity attributeaustereness attribute", "hors d oeuvre foodhors food", "chukka artifactchukka boot artifact", "immunise competitioimmunize competitio", "kindling pointautoignition temperature", "corruptlyr corruptedlyr ", "lazy faineant ", "copernicia prunifera plantcarnauba plant", "log z's bodysleep body", "sworn pledged ", "palestine authority grouppalestine national group", "polyodon spathula animalpaddlefish animal", "linnaea borealis americana plantamerican twinflower plant", "stylise artstylize art", "thank youthank you very much", "infirm decrepit ", "uriniferous tubule bodynephron body", "passing actpassage act", "rio nunez coffee plantrobusta plant", "experimentation cognitioexperiment cognitio", "powerful knock do a ", "lichgate artifactlychgate artifact", "take advantage socialtrespass social", "pyrethrum plantpainted daisy plant", "take turns changealternate change", "water level locatiowaterline locatio", "fuddle stateclutter state", "insisting communicatioinsistence communicatio", "vibrate perceptioresonate perceptio", "viridity attributegreen attribute", "yarn dye changeimpress change", "balaenoptera borealis animalsei whale animal", "electron orbit locatioorbit locatio", "lillie persobeatrice perso"], "/r/LocatedNear": [], "/r/SimilarTo": ["large leafed leafy ", "captious critical ", "exaggerated increased ", "effective militaryoperational military", "tasty winey ", "fast breaking news article", "second rate inferior ", "disputatious argumentative ", "private nonpublic ", "coated glazed ", "free clear "], "/r/MadeOf": [], "/r/ReceivesAction": []}, "N2": {}}}