{"empty": {"N1": {"/r/RelatedTo": ["space", "hollow a ", "nothing", "inanition", "helly family", "emptying", "vvoid", "message in bottle", "nightman", "emptyish", "vacuate", "unemptied", "vacuity", "dispeople", "gassing", "hydraulic belt", "dumpcart", "cartooney", "suck air out of", "evacuate", "emptilyr", "wishkah", "astring", "adevoid", "exsufflicate", "nullness", "overempty", "dead soldier", "dunny man", "all mouth and trousers", "aarray", "cockalorum", "grogging", "inane", "clean out", "jinny road", "zilde", "concave", "wood family", "emptiness", "arnk", "braggadocious", "cashed", "hot air", "area", "kerr geometry", "freehanded", "memberless", "jejune", "vacuous truth", "gasbag", "vacant", "terra nullius", "exinanition", "unemptiable", "unfill", "anull", "empties", "flummery", "shitless", "bag", "prittle prattle", "emptied", "emptiable", "holiday speeches", "vacancy", "devoid", "vaporsome", "odontostyle", "avacant", "vacuation", "lyndon word", "caked", "empty out", "rid out", "clear out", "dry riser", "free handed", "bottle rocket", "chao phraya", "lick clean", "clean", "aelement", "kicked", "rathole"], "/r/UsedFor": [], "/r/LocatedAt": [], "/r/FormOf": ["emptying", "emptied", "empties", "emptier", "emptieth"], "/r/IsA": [" artifactcontainer artifact"], "/r/PartOf": [], "/r/HasA": [], "/r/CapableOf": ["bladder"], "/r/AtLocation": [], "/r/HasProperty": ["space", "night table", "when person dies body", "houses", "salad bowl", "piggy bank", "glass", "liquor glass"], "/r/CreatedBy": [], "/r/Synonym": ["discharge change", "a vacuous ", "v motiovacate motio", "a empty bellied ", "v bodyevacuate body", "aunoccupied", "evacuate", "pour out", "airy"], "/r/LocatedNear": [], "/r/SimilarTo": ["a blank ", "a vacant ", "plundered a ", "a glassy ", "blank a ", "a stripped ", "a empty handed ", "drained a ", "a lifeless ", "a vacuous ", "a void ", "empty handed a ", "lifeless a ", "vacant a ", "vacuous a ", "glassy a ", "a plundered ", "void a ", "stripped a ", "a drained "], "/r/MadeOf": [], "/r/ReceivesAction": []}, "N2": {"/r/RelatedTo": {"/r/RelatedTo": [["room", "outer", "stars", "universe", "planets", "area", "atmosphere", "earth", "empty", "vacuum", "nothing", "moo", "void", "oort cloud", "final", "beyond", "galaxy", "emptiness", "outside", "frontier", "ope", "sky", "desk", "final frontier", "garde", "stars planets", "rocket", "outer atmosphere", "outside earth", "infinite", "black", "beyond atmosphere", "office", "home", "field", "stage", "above", "lot", "secondspace", "hydrobot", "cauchy space", "local fluff", "protostar", "spacepower", "extraterrestrial", "arc", "big bang", "space elevator", "office floor plate", "incode", "location", "simplex", "cul de lampe", "uniform space", "agentspace", "intercolumnation", "occupy", "rocketpunk", "eigendirection", "take up", "rotopulsator", "placemaking", "distance", "gravitational keyhole", "de broglie bohm theory", "dirac string", "vessel", "circumspatial", "borderspace", "sociospatial", "spaceborne", "interspatiallyr", "isro", "complex plane", "en space", "spacelore", "sputnik", "indention", "intervacuum", "breathing space", "place", "chashitsu", "splashdo ", "spear closet", "spime", "pointset", "back in", "alternate universe", "intercolumniation", "constant", "move", "limit", "boundaries", "lipohemarthrosis", "spaceplane", "geekosphere", "hilbert space", "despatialize", "k d tree", "ductway", "reading room", "loop quantum gravity", "eads", "ringworld", "stardust", "space of disse", "vspace suit", "magnetosheath", "non euclidean geometry", "unique", "french spacing", "tesseractic", "time", "hemispatial", "countdo ", "personal", "synechism", "spacy", "terf", "astromaterial", "spatious", "planet", "beamspace", "astrogeophysics", "untabify", "coordinate", "astroecology", "sea room", "astrophilately", "solar wind", "squeeze into", "permutohedron", "unspaced", "construct", "loopspace", "spacescape", "vacuist", "petty apartheid", "local", "ubiety", "electric field", "discitis", "interspace", "path loss", "e", "hartle hawking state", "spacelike", "local bubble", "earth return vehicle", "earthspace", "spatiotopic", "cyberspace", "space exploration", "brahman", "text", "aerospace", "conceptual physics", "spatialize", "planovolumetric", "translocal", "correlation function", "chamber", "fluxtube", "microlocal", "starburst", "heliosphere", "medium", "star", "coursey", "fit in", "spacewear", "treespace", "ergosphere", "grassmannian", "vacuum energy", "agate line", "mansionization", "far flung", "periplegmatic", "astromolecule", "codimension", "spaceless", "spacing", "generalized", "foremost", "isothermic", "prolonger", "interaxis", "geometrization", "between decks", "plenism", "spatial", "exoatmosphericallyr", "spatiotemporal", "space time", "spaces", "precinct", "word", "eigentone", "screenspace", "astrophobia", "procession", "quasibarrelled", "farthest", "footprint", "voltage", "cut out", "spacious", "interfenestration", "logspace", "robonaut", "bootspace", "radiopanspermia", "capacity", "camellate", "step", "realspace", "homaloidal", "diskspace", "recess", "muttnik", "wavefunction", "ost", "herpetarium", "prolong", "spacecraft", "espace", "orbispace", "space saving", "relationalism", "diffusion", "horoball", "recessed", "horosphere", "staff", "superbubble", "radix tree", "dimension", "space of destot", "spacewalk", "guard band", "spacely", "spectrahedron", "point cloud", "spacer", "curvaton"], [], ["none", "space", "zero", "emptiness", "empty", "absence", "air", "everything", "ordinary", "gornisht", "nottings", "defeat", "not worth brass farthing", "zilch", "contemn", "doodly", "hee haw", "thing", "nowhere", "silent as grave", "duck egg", "sweet nothings", "there's nowt so queer as folk", "nada", "bored", "bugger all", "nobody", "dwindlement", "nobbutr", "fuck all", "is allr", "my foot", "go by board", "bupkis", "sweet f", "mafeesh", "absent referent", "jack shit", "barefootr", "panatheism", "goose egg", "dindu nuffin", "trifling", "nothings", "nothingness", "down to", "dwindling", "something", "anything", "that's that", "fall through", "diddly squat", "nul points", "nixes", "square root of fuck all", "no one", "dick all", "barefoot", "out of work", "naught", "fanny adams", "nescience", "not sausage", "merelyr", "nish", "jurat", "null", "naff all", "know beans about", "annihilation", "sweet fa", "sod all", "noot", "nil", "hobson's choice", "annihilate", "eradicate", "damn all", "nought", "free", "clear", "all", "void", "thunder", "sound", "average", "jean paul sartre", "rest", "music", "waste", "away", "wind", "far", "smell", "heat", "noise", "neither", "sleep", "alone", "trouble", "sky", "always", "vacancy", "quantity", "gas", "lack", "absence everything", "pai", "need", "off", "breath", "glass", "time", "zip", "general", "lack of", "never", "mine", "faith", "age", "mind", "memory", "rap", "complete", "only", "minute", "river", "dead", "perfect", "vacuum", "double", "darkness", "song", "miracle", "language", "squirrel", "plai", "silence", "black", "amount", "feel", "writing", "science", "current", "touch", "sale", "bare", "descriptio", "dirt", "farm", "bleak"], ["inanitiated", "empty", "philosophy", "starvatio", "existentialist", "emptiness"], [], ["intact dilation and extraction", "bin tipper", "gastroparesis", "vempty", "cholecystokinetic", "slopping out"], [], [], ["worker", "empty", "cesspool", "sewer", "privy", "night", "night shift"], ["aempty"], ["vevacuate", "vacate", "vempty", "vvacuum", "vvacuous", "vvacuatio", "evacuate", "vvacuist", "vclear out"], ["aempty"], ["listlessness", "vacuously", "vacuous", "inane", "vacuouslyr", "empty", "idleness", "vacuum", "remark", "vacuousness", "emptiness"], ["vempty", "vinhabitant", "vpeople", "dispeopling", "dispeopler"], ["goods", "overcharged", "battery", "jet", "poisoning", "cotto", "gas", "singe", "vgas", "talk", "electrolysis", "hydroge", "noxious", "insincere", "empty", "fibre", "electrolyte", "boast", "roller"], [], ["two wheeled", "tilt", "cart", "empty"], ["overstated", "actio", "comically", "mock", "legal", "empty", "threat"], [], ["evacuation", "evacate", "evacuatest", "vevacuatio", "vwithdraw", "vacuate", "evacuates", "vempty out", "vdeprive", "vretire", "detrain", "nisus", "evacuating", "vnullify", "vdischarge", "evacuator", "evacuated", "vbowel", "shiftee", "vleave", "vvessel", "vvacate", "escape pod", "fire escape", "veject", "vquit", "pisslessr", "vvoid", "unevacuated", "vempty", "vvacuum", "vremove", "evacuateth", "vacate"], [], ["southwards", "us", "empty", "grays harbor county"], [], [], ["ainflated", "afrivolous", "aempty"], ["empty", "null"], ["vexhaust", "vempty"], [], [], [], [], ["self important", "menial", "crowing", "game", "cock hoop", "leapfrog", "boastful", "cock and bull story", "cockiness", "empty"], ["extract", "alcohol", "water", "empty", "cask", "wood"], ["apointless", "vacuity", "pointless", "aboredom", "aannoyance", "alack", "empty", "void", "inaniloquent", "inanelyr", "inanity", "ameaning", "asense", "bleating", "apurposeless"], [], [], ["programming language", "apl", "symbol", "empty", "zero", "vector", "tilde", "numeric"], ["intrusive a ", "a intrusive ", "rhombihexahedron", "dishing", "platycoelian", "tocororo", "ensellure", "periplegmatic", "acuminate", "burning mirror", "cucullus", "schmidt telescope", "pendentive", "ahollow", "amphicoelous", "cyma", "concavelyr", "nonconcave", "meniscus", "concavity", "falcata", "spoon lure", "asphere", "harvesting", "skateboard", "castanets", "aempty", "ptolemaic", "subconcave", "syncline", "cavetto", "iliac fossa", "anaclastic glass", "saddle seat", "ainner", "sphere", "louis heel", "mining", "broadseam", "laccolith", "watch glass", "aconvex", "roach backed", "cyma reversa", "surfboard", "cove molding", "lift", "inshave", "reflecting microscope", "concavo convex", "inflection", "newtonian telescope", "biconcave", "scotia", "afocal", "dialytic telescope", "cavity", "cymbiform", "dish", "compass plane", "camber beam", "convexoconcave", "concaveness", "concavoconcave", "trochilus", "cup", "concavation", "jolley", "geocentric", "opisthocoelous", "cyma recta", "synform", "lopolith", "camber arch", "tetrahemihexahedron", "dished", "coving", "vconcavity", "acurved", "amphicelous", "planoconcave", "bowl"], [], ["space", "nothing", "leerness", "equuleus", "vacivity", "empty", "black turtle", "lunar", "nothingness", "part", "inanition", "emptinesses", "vacantness", "one", "constellatio", "mansio", "vacuity", "aquarius", "chinese", "inanity", "lack"], ["unkno ", "arnks", "itinerary", "empty", "sector"], ["abraggadocio", "aboast", "aempty", "braggadocio"], ["aempty", "ause up", "afinish", "aexhausted"], [], ["garde", "field", "district", "room", "space", "city", "shade", "place", "department", "country", "exclusion zone", "bed", "stage", "farm", "course", "coast", "lot", "desert", "slope", "continent", "range", "around", "court", "regio", "stage left", "crease", "zone", "ploughgate", "quadratrix", "courtyard", "tarmac", "coastal waters", "deciare", "cardboard city", "superficies", "centare", "zhiqing", "west germany", "pleurostoma", "backstretch", "propagation", "scope", "guard", "equiaffinity", "vacate", "glob", "far and wider", "integraph", "extent", "curtilage", "insolation", "seaboard", "square inch", "solar constant", "chicken run", "chipyard", "field of vision", "ball pit", "landmass", "market square", "object", "alopecia areata", "market", "grief tourist", "greater london", "annulus", "water park", "cricket field", "actus", "atmospheric pressure", "schoenus", "equidissection", "golden horseshoe", "pressure", "boundary", "hyperbolic sector", "ecodistrict", "overpopulation", "oxgang", "ropani", "prelate", "penalty area", "magnetic flux", "heron's formula", "gunt", "square centimeter", "beachhead", "planimeter", "productivity", "feretory", "trolley park", "etendue", "widespread", "traffic calming", "quadrature", "cinemagraph", "labour", "section", "crotch", "areallyr", "stremma", "subgena", "panorama", "irish acre", "dumfries and galloway", "christmas tree", "diverse", "planimetry", "smoke jumper", "cruise", "slavia", "sea area", "island", "confines", "didonia", "surface area", "line of force", "babylonia", "uncharted water", "covers", "brahmagupta's formula", "people's commune", "subarea", "polyspecialist", "outland", "multiarea", "urbanicity", "cyberpark", "microstate", "oil field", "stack upon kill", "specific leaf area", "measure", "beacon hill", "myriarchy", "concept", "napoleon", "flatscape", "low line", "resident", "sky lounge", "badge", "acre", "porometer", "arpent", "exurbia", "pedlock", "environ", "focal", "marches", "specialization", "keystore", "microregion", "fanegada", "spot", "sepa", "interstitch", "solfatara", "cult following", "str", "student ghetto", "home team", "undershelf", "isodemographic", "franconia", "bald spot", "telephone directory", "utility trailer", "phytochorion", "concession", "macrozone", "content", "territory", "automap", "winner's circle", "visiting team", "visual pollution", "feddan", "dak bungalow", "genitography", "areal", "square mile", "solid", "biogeoclimatic", "north country", "carucate", "barbaricum"], [], ["aempty", "rgenerously", "aunconstrained", "runconstrained", "runassisted", "afreehand", "freehandedlyr", "aunassisted", "aasset", "freehandedness", "vfreehand"], ["anull", "aempty", "alimbless", "amember"], ["anutritious", "jejuneness", "aempty", "asimplistic", "anaive", "jejunelyr", "adevoid", "jejunum", "ajejunum"], [], ["bag", "vspeak", "vpompously", "reservoir", "windbag", "vfoolishly", "garrulous", "vat length", "vblather", "unsupportable", "empty", "hot air balloo", "gasbags", "bladder", "gas"], ["vacancy", "avoidance", "provide", "castle", "sedes vacans", "by election", "leadership spill", "zombie out", "aoccupied", "byelection", "ghost home", "avacate", "aempty", "aintelligence", "dead eyed", "zombied out", "vacate", "nonvacant", "ainterest", "electron hole", "vacuous", "empty", "intervacuum", "siege perilous", "vacantlyr", "provision", "unoccupied", "hole state", "antiwarehousing", "listless", "vague", "lot"], [], ["exhaustio", "humiliatio", "empty"], ["aempty"], ["unfillable", "unfills", "unfilling", "vempty"], [], ["vempty", "empty", "river"], ["speech", "sowens", "empty", "bluster", "deceptive", "sucan", "custard", "oatmeal", "meaningless"], ["spitless", "abowel", "witless", "fartless", "afrightened", "aempty"], ["sack", " artifactapparel artifact", " artifactmoney possessio", " artifactproperty possessio", "case", "kirbeh", "vbag valve mask", "vhunting", "gasbag", "bowling bag", "prebagged", "unbag", "workbag", "minisack", "litterbag", "paper case", "satchel", "debagger", "haversack", "bedtick", "douglas bag", "hangnest", "boil in bag", "rollbag", "vclaim", "sacking", "hockey bag", "schoolbag", "bagism", "brown bag", "subbag", "vload", "ink sac", "ugly", "bag wig", "vresuscitator", "shoebag", "bursiform", "kinchaku", "bogota bag", "pocket", "rebag", "bibo", "preference", "backpack", "purse", "bulse", "trash bag", "minibag", "winebag", "clothes bag", "gig bag", "bagboy", "bagwash", "breathalyzer", "giftbag", "ascon", "vventilatio", "showbag", "bucket bag", "bouget", "bagless", "flying toilet", "utriculus", "vfurnish", "sac", "bin liner", "modesty bag", "sleeping bag", "sachet", "rolliche", "base", "container", "vbring", "shoulderbag", "mailbag", "dustbag", "tillet", "poutchine au sac", "vcatch", "sickbag", "telescope bag", "handbag", "rubbish bag", "postbag", "carpetbag", "luggage", "dopp kit", "bag up", "bookbag", "emery bag", "gripsack", "baggy", "scrotum", "superadobe", "whoopie cushion", "carryall", "\u00e9tui", "bagged", "wineskin", "vempty", "dog bag", "ladies companion", "vmet", "packsack", "washbag", "cheeselep", "baggable", "utriform", "bagmaker", "hunt", "rhineurynter", "garbage bag", "uilleann pipes", "birkin bag"], [], ["vempty", "drain out", "evert"], ["aempty"], [], ["vacant", "crystal", "lattice", "staff up", "unoccupied", "vacate", "divacancy", "vacivity", "intercessor", "multivacancy", "atom", "available", "empty", "trivacancy", "lacuna", "vacancies", "absence", "defect", "nothing"], ["cheerless", "devoided", "aempty", "glabrous skin", "gadgetless", "unsneezing", "loneliness", "informationless", "compassionlesslyr", "desolate", "empty", "greekless", "romanceless", "devoidness", "nutritionless", "aschematic", "arid", "awithout", "bastardless", "destitute", "jejune", "free", "religious naturalism", "desert"], ["ashallow", "aempty", "avapor", "asubstance", "asteamy", "avaporous"], ["food", "empty", "hollow", "nematode", "tooth", "needle", "protrusible", "puncture"], [], ["empty", "vacuate"], [], ["aempty", "aash", "vcake", "asmoke"], [], [], [], [], [], [], [], [], ["wash", "soap", "tidy", "a religion ", "antiseptic a ", "a religiopure ", "a decent ", "a tidy ", "pure a religio", "tidy a ", "a antiseptic ", "decent a ", "polish", "napki", "spotless", "neat", "air cleaner", "nonclean", "jet machine", "vrock", "purge", "housecleaner", "pressurewash", "dry erase", "spongeable", "ultraclean", "get out", "aalcohol", "detergent", "cleanaholic", "vneat", "clean as hound's tooth", "fluffer", "vdirectory", "do out", "clean slate", "aural toilet", "irrigate", "charlady", "vline", "saddle soap", "boot catcher", "scavenger", "polishing snake", "preeming", "vsweep", "aprotrusio", "overclean", "community service", "scrub up", "vbrush", "washen", "sponge out", "grunge", "antiseptic", "handwipe", "cleanup", "rfully", "snake", "ablutomania", "aimpurity", "sweep up", "hoewikten 1", "afall", "gold finder", "decrassify", "tomb sweeping day", "acool", "auninterrupted", "sweep", "swabber", "screenwash", "way cleaner", "aunmarked", "asexually transmitted disease", "catharize", "bust dust", "vwash", "vclear", "fullery", "clean and jerk", "put one's house in order", "mouthwash", "clean up", "tidy up", "sponge", "sincere", "vsca", "deterge", "purification", "scratchbrush", "cleaned", "vice", "self cleaning", "adamage", "apure", "pot walloper", "rub off", "adrug", "scrubdo ", "swab", "brush", "palimpsest", "renovated butter", "scouring", "bottlebrush", "cleanerwikten 1", "martinize", "asmooth"], [], ["aash", "vkick", "asmoke", "breaststroke", "aempty", "ball"], ["vcircumferential", "passageway", "vremove", "vsilo", "vempty", "vhoard", "vchips", "rats", "mice", "vpoker", "squalid", "ratholing", "vhopper", "silo", "ratholes"]], "/r/UsedFor": [["seperatio", "counter artifact locatio", "separating words", "occupying", "parking", "do just about", "storage"], [], [], [], [], [], [], [], [], [], [], [], [], [], [], [], [], [], [], [], [], [], [], [], [], [], [], [], [], [], [], [], [], [], [], [], [], [], [], [], [], [], [], [], [], [], [], [], [], [], [], [], [], [], [], [], [], [], [], [], ["carrying things", "carrying groceries", " artifactwearer perso", "holding many small items together", " artifacthold stative", " artifacttraveler perso", " artifacttransport contact", "putting items in to carry", "holding cookies", "throw trash i", "containing stuff", "holding lots of medium sized objects", "hold bread"], [], [], [], [], [], [], [], [], [], [], [], [], [], [], [], [], [], [], [], [], ["cloth", "soap", "vent brush"], [], [], []], "/r/LocatedAt": [[], [], [], [], [], [], [], [], [], [], [], [], [], [], [], [], [], [], [], [], [], [], [], [], [], [], [], [], [], [], [], [], [], [], [], [], [], [], [], [], [], [], [], [], [], [], [], [], [], [], [], [], [], [], [], [], [], [], [], [], [], [], [], [], [], [], [], [], [], [], [], [], [], [], [], [], [], [], [], [], [], [], [], [], []], "/r/FormOf": [["spaces", "spacing"], [], ["nothings"], ["inanitions"], [], ["emptins", "vempty", "emptyings"], [], [], ["night man", "nightmen"], [], ["vacuating", "vacuates", "vacuated"], [], ["vacuities"], ["dispeopling", "dispeopled", "dispeoples"], ["vgas", "gassings", "gas"], [], ["dump cart", "dumpcarts"], ["acartoony", "cartoonies"], [], ["evacuating", "evacuated", "evacuates", "evacuateth"], [], [], [], [], [], [], ["overemptying", "overempties", "overemptied"], [], [], [], [], ["cockalorums"], [], ["inanest", "inaner", "inanes"], [], [], ["zildes"], ["concaving", "concaves", "concaved"], [], ["emptinesses"], ["arnks"], [], ["vcash"], [], ["are\u00e6"], [], ["free handedr", "vfreehand", "free handed"], [], [], [], ["gasbagged", "gasbags", "gasbagging"], [], [], ["exinanitions"], [], ["unfilling", "unfills"], [], ["vempty", "empty"], ["flummeries"], [], ["bags", "bagging", "bagged"], [], ["vempty"], [], [], ["vacancies"], ["devoids", "devoiding", "devoided"], [], ["odontostyles"], [], ["vacuations"], [], ["vcake"], [], [], [], [], [], [], [], [], ["cleans", "cleanest", "cleaning"], [], ["vkick", "kick"], ["ratholes", "rat hole", "ratholed", "ratholing"]], "/r/IsA": [[" locatioarea locatio", "airspace location locatio", "workspace location locatio", "separation location locatio", "no parking zone location locatio", "disk space computer science locatio", "angle shape", "opening object shape", "indentation communication communicatio", " attribute", "key basketball locatio", " communicatioarea attribute", "phase space physics ", "absolute space ", "swath quantity shape", "void shape", "expanse object shape", "outer space location ", "area", "first three dimensions", "cavity shape", "compartment artifact shape", "dangerous place", " shapelocation", "flies dramaturgy locatio", "hole shape", " communicatiocharacter communicatio", "margin communication communicatio", "crawlspace location locatio", "parking space location locatio", "terreplein location locatio", "vacuum", "mathematical space mathematics ", "subarachnoid space body shape", "pleural space body shape", " shapeamorphous shape", "enclosure object shape", "pocket bowling shape", "seat dramaturgy locatio", "crenel artifact shape", "vast vaccum of emptiness", "defined physical area", "sidereal", "what between else", "place i"], [], [" quantityrelative quantity", "nihil latin quantity", "bugger all quantity"], [" attributeweakness attribute", " attributeexhaustion state"], [], ["drain act", " actremoval act"], [], [], [], [], [], [], [" stateemptiness state"], [], [" actpoisoning act", " processchemical process chemistry"], [], ["tumbrel artifact", " artifactcart artifact"], [], [], [], [], [], [], [], [], [], [], [], [], [], [], [], [], [], [], [], [], [], [], ["vacancy state", "vacuity state", "blankness state", " statecondition state", "hollowness state", " statehunger state", "another way to say vacancy"], [], [], [], [], ["space location locatio", "nave artifact", "palm body", "erasure communication attribute", "middle body", "enclosure artifact", "storage space artifact", "arena location locatio", "rain shadow location locatio", "aisle artifact", "turnaround artifact", "room artifact", "groin body", "hearth location locatio", "breakfast area artifact", "panopticon artifact", " locatioregion locatio", "waist body", "parafovea body", "orchestra pit artifact", "balk location attribute", "haunt location locatio", " cognitiotopic cognitio", "dining area artifact", "press gallery artifact", "thenar body", "bed ground location locatio", "areola body", "pubes body", "trouble spot location locatio", "staging area military locatio", "shrubbery location locatio", "patio artifact", "perineum body", "territory cognition cognitio", "tank farm location locatio", "space", "corner artifact", "fovea body", "footprint attribute", "box artifact", "macula body", "high country location locatio", "epigastrium body", "second balcony artifact", "half moon body", "goalmouth field hockey artifact", "choir artifact", "hideaway artifact", "space communication attribute", " bodybody part anatomy", "no man's land location locatio", "scene location locatio", "side homo body", "open location locatio", "resort area location locatio", "anchorage location locatio", "pit auto racing artifact", "safety location locatio", "baggage claim artifact", "threshing floor artifact", "neighborhood location locatio", " attributeextent attribute", "arena", "auditorium artifact", "quad artifact", "section location locatio", "section geometry attribute", "disaster area location locatio", "cleavage body", "sole body", "hypochondrium body", "danger location locatio", "erogenous zone body", "area of cardiac dullness body", "court artifact", "no go area location locatio", "retreat location locatio", "chancel artifact", "pit artifact", "quadrant location locatio", "gray area cognition cognitio", "block location locatio", "place", "acreage attribute", "hunting ground location locatio", "pressure point body", "corner location locatio", "winner's circle location locatio", "bullpen artifact", "quick body", "free port location locatio", " artifactstructure artifact", "layby artifact", "cortical area body", "broadcast area location locatio", "dead air space artifact", "center location locatio", "another word for place", "dominion", "field of studyopencycregion underspecified", "tricuspid valve area", "window", "belief systemopencycregion underspecified", "soho", "non aspectual quantity"], [], [], [], [], [], [" persobore perso"], [], [], [], [], [], [], [], [" foodpudding food"], [], ["satchel", "portmanteau artifact", "ice pack artifact", "nosebag artifact", "drawstring bag artifact", "skin artifact", "schoolbag artifact", "clutch bag artifact", "purse artifact", "evening bag artifact", "carryall artifact", "plastic bag artifact", "backpack artifact", "body bag artifact", "sick bag artifact", "etui artifact", "sleeping bag artifact", "book bag artifact", "burn bag artifact", " artifactcontainer artifact", "overnighter artifact", "envelope artifact", "beanbag artifact", "dust bag artifact", "sweat bag artifact", "weekender artifact", " quantityindefinite quantity", "pannier artifact", "gamebag artifact", "bladder artifact", "air bag artifact", "shoulder bag artifact", "gripsack artifact", "gunnysack artifact", " quantitycontainerful quantity", "mailbag artifact", " artifactbaggage artifact", "golf bag artifact", "garment bag artifact", "saddlebag artifact", "pouch artifact", "toilet bag artifact", "sack artifact", "tool bag artifact", "shopping bag artifact", "ragbag artifact", "rosin bag artifact", "sandbag artifact", "carpetbag artifact", "sachet artifact", "tucker bag artifact", "tea bag artifact", "reticule artifact", " persounpleasant woman perso", "bindle", "container i", "handbag", "container commonly"], [], [], [], [], [" stateemptiness state", "situation"], [], [], [], [], [], [], [], [], [], [], [], [], [], [], [], ["opencyccleaning uo component semiconductor processingcleaning tool", "opencyccleaning uo component semiconductor processingsemiconductor processing tool chamber", "scrubberopencyccleaning uo component semiconductor processing", "dry cleanopencycdry cleaning uo component semiconductor processingopencyccleaning processing"], [], [], [" objecthole object", " artifactroom artifact"]], "/r/PartOf": [[" communicatiostaff music", " communicatioform communicatio", "aerospace location ", "location ", " communicatiomusical notation music"], [], [], [], [], [], [], [], [], [], [], [], [], [], [], [], [], [], [], [], [], [], [], [], [], [], [], [], [], [], [], [], [], [], [], [], [], [], [], [], [], [], [], [], [], [], [], [], [], [], [], [], [], [], [], [], [], [], [], [], ["clasp artifact"], [], [], [], [], [], [], [], [], [], [], [], [], [], [], [], [], [], [], [], [], [], [], [], []], "/r/HasA": [["zero pressure"], [], [], [], [], [], [], [], [], [], [], [], [], [], [], [], [], [], [], [], [], [], [], [], [], [], [], [], [], [], [], [], [], [], [], [], [], [], [], [], [], [], [], [], [], [], [], [], [], [], [], [], [], [], [], [], [], [], [], [], [], [], [], [], [], [], [], [], [], [], [], [], [], [], [], [], [], [], [], [], [], [], [], [], []], "/r/CapableOf": [["separate two objects"], [], [], [], [], [], [], [], [], [], [], [], [], [], [], [], [], [], [], [], [], [], [], [], [], [], [], [], [], [], [], [], [], [], [], [], [], [], [], [], [], [], [], [], [], [], [], [], [], [], [], [], [], [], [], [], [], [], [], [], ["carry groceries i", "carry groceries", "goal", "springing leak", "hold other bags"], [], [], [], [], [], [], [], [], [], [], [], [], [], [], [], [], [], [], [], [], ["hand sanitizer"], [], [], []], "/r/AtLocation": [["star", "moo", "planets", "vacuum", "black hole", "space shuttle", "satellites", "comets", "meteors", "world", "quasars", "box", "space junk", "galaxy", "stars", "photons", "black holes", "more space", "spaceships", "radiatio", "suitcase", "asteroid", "planet", "aliens", "pluto", "meteor", "jar", "hydroge", "sentence", "ufo", "hydrogen atoms", "daydream", "cold", "text", "vaccum", "novas", "comet", "mir", "gas", "reasion to explore", "universe", "asteroids", "hydrogen gas", "emptiness", "vaccuum", "black holes and quasars", "satellite", "milky way", "space statio", "front"], [], [], [], [], [], [], [], [], [], [], [], [], [], [], [], [], [], [], [], [], [], [], [], [], [], [], [], [], [], [], [], [], [], [], [], [], [], [], ["space", "backseat of car"], [], [], [], [], ["place"], [], [], [], [], [], [], [], [], [], [], [], [], [], [], [], ["cat", "supermarket", "drawer", "potato", "grocery store", "mall", "market", "mail box", "bed", "trash", "desk", "sugar", "sports bat", "shopping mall", "shelf", "fast food restaurant"], [], [], [], [], [], [], [], [], [], [], [], [], [], [], [], [], [], [], [], [], [], [], [], []], "/r/HasProperty": [["empty", "cold", "dark", "infinite", "silent"], [], [], [], [], [], [], [], [], [], [], [], [], [], [], [], [], [], [], [], [], [], [], [], [], [], [], [], [], [], [], [], [], [], [], [], [], [], [], [], [], [], [], [], [], [], [], [], [], [], [], [], [], [], [], [], [], [], [], [], [], [], [], [], [], [], [], [], [], [], [], [], [], [], [], [], [], [], [], [], [], ["glass", "first class seating areas", "chalk board", "if wash hands"], [], [], []], "/r/CreatedBy": [[], [], [], [], [], [], [], [], [], [], [], [], [], [], [], [], [], [], [], [], [], [], [], [], [], [], [], [], [], [], [], [], [], [], [], [], [], [], [], ["form"], [], [], [], [], [], [], [], [], [], [], [], [], [], [], [], [], [], [], [], [], [], [], [], [], [], [], [], [], [], [], [], [], [], [], [], [], [], [], [], [], [], [], [], [], []], "/r/Synonym": [["blank space communication communicatio", "infinite ", " printingquad printing", " timedistance time", "blank communication communicatio", "place communication communicatio", " locatioouter space locatio", "place", "blank", "ether", "gap"], [], ["zippo quantity", "aught quantity", "nil quantity", "cypher quantity", "goose egg quantity", "nix quantity", "nada quantity", "zilch quantity", "zip quantity", "naught quantity", "null quantity", "cipher quantity", "zero quantity", "my eye", "bugger all", "nix", "naff all", "nowt", "minor thing", "fuck all", "jack shit", "consequence", "nought", ""], ["lassitude attribute", "lethargy attribute", "slackness attribute"], [], ["evacuation act", "voidance act"], [], [], ["night soil man", "gong farmer"], [], [], [], [" locatiovacuum locatio", "vacuum state", " attributeinanity attribute", "vacivity"], ["vdepopulate"], [], [], [], [], [], ["empty body", "void body", "expel", "abandon", "vempty"], [], [], [], [], [], [], [], [], [], [], [], [], [], ["a asinine ", "asilly"], [], [], [], ["biconcave"], [], [" shapevoid shape", " attributevanity attribute", "vacuousness"], [], [], [], [], ["country location locatio", "region body", "surface area attribute", " statesphere state", "expanse attribute", "sphere", "zone"], [], ["freehand a ", "a bighearted "], [], ["puerile a ", "a inadequate ", "a insipid ", "juvenile a ", "adolescent a ", "apuerile", "unremarkable", "mundane", "ainsipid"], [], ["windbag person perso", " artifactenvelope artifact", "windbag", "blowhard"], ["avacuous", "aavailable"], [], [], [], [], [], [], [" communicatiomummery communicatio"], ["witless a "], ["v possessiopocket possessio", "traveling bag artifact", "travelling bag artifact", "old bag person perso", "pocketbook artifact", "purse artifact", "grip artifact", "bagful quantity", "handbag artifact", "suitcase artifact", "v stativebulge stative", " artifactbase artifact", " actcup of tea act", " animaludder animal", "wad", "dog", "multiset", "cup of tea"], [], [], [], [], [" shapevoid shape"], ["a destitute "], [], [], [], [], [], ["kicked", "akicked"], [], [], [], [], [], [], [], [], ["r fairlyr ", "pick change", "uncontaminating a ", "a clean living ", "v contacthouseclean contact", "a sportsmanlike ", "strip contact", "plumr r ", "plumbr r ", "fair a ", "a blank ", " actclean and jerk act", "a uninfected ", "make clean contact", "v bodycleanse body", "a unclouded ", "unobjectionable a ", "clear a ", "fresh a ", "a neat ", "v chemistryscavenge chemistry", "legible", "athesaurus:clea"], [], ["acaked", "caked"], []], "/r/LocatedNear": [[], [], [], [], [], [], [], [], [], [], [], [], [], [], [], [], [], [], [], [], [], [], [], [], [], [], [], [], [], [], [], [], [], [], [], [], [], [], [], [], [], [], [], [], [], [], [], [], [], [], [], [], [], [], [], [], [], [], [], [], [], [], [], [], [], [], [], [], [], [], [], [], [], [], [], [], [], [], [], [], [], [], [], [], []], "/r/SimilarTo": [[], [], [], [], [], [], [], [], [], [], [], [], [], [], [], [], [], [], [], [], [], [], [], [], [], [], [], [], [], [], [], [], [], [], [], [], [], ["boat shaped a ", "concavo convex a ", "acetabular a ", "a concavo concave ", "a pouch shaped ", "a recessed ", "a bowl shaped ", "urn shaped a ", "a planoconcave ", "recessed a ", "a cupulate ", "a concavo convex ", "saucer shaped a ", "a cuplike ", "a umbilicate ", "a saucer shaped ", "planoconcave a ", "bowl shaped a ", "pouch shaped a ", "concavo concave a ", "umbilicate a ", "a acetabular ", "a boat shaped ", "cupulate a ", "cuplike a ", "a dish shaped ", "dish shaped a ", "a urn shaped "], [], ["nothingness"], [], [], ["a paid ", "paid a "], [], [], [], ["a original ", "original a "], [], ["a immature ", "immature a "], [], [], ["a empty ", "empty a ", "afree", "aunoccupied"], [], [], [], [], [], [], [], ["intense a ", "a intense "], ["sack"], [], [], [], [], [], [], [], [], [], [], [], [], [], [], [], [], [], [], [], [], ["a pristine ", "unaddicted a ", "a unqualified ", "a perfect ", "water washed a ", "scrubbed a ", "a complete ", "pure a ", "a water washed ", "dry cleaned a ", "a scrubbed ", "a antiseptic ", "halal islam religio", "pristine a ", "a cleanly ", "a easy ", "a legible ", "easy a ", "a pure ", "a unaddicted ", "cosher judaism religio", "a spick and span ", "a religiohalal islam", "unspotted a ", "a unused ", "a unspotted ", "a cleanable ", "perfect a ", "complete a ", "antiseptic a ", "unused a ", "a unarmed military", "cleanable a ", "spick and span a ", "unarmed military ", "a religiocosher judaism", "unsullied a ", "unqualified a ", "a dry cleaned ", "legible a ", "a unsullied ", "cleanly a "], [], [], []], "/r/MadeOf": [["passageway"], [], [], [], [], [], [], [], [], [], [], [], [], [], [], [], [], [], [], [], [], [], [], [], [], [], [], [], [], [], [], [], [], [], [], [], [], [], [], [], [], [], [], [], [], [], [], [], [], [], [], [], [], [], [], [], [], [], [], [], [], [], [], [], [], [], [], [], [], [], [], [], [], [], [], [], [], [], [], [], [], [], [], [], []], "/r/ReceivesAction": [[], [], [], [], [], [], [], [], [], [], [], [], [], [], [], [], [], [], [], [], [], [], [], [], [], [], [], [], [], [], [], [], [], [], [], [], [], [], [], [], [], [], [], [], ["lived o"], [], [], [], [], [], [], [], [], [], [], [], [], [], [], [], [], [], ["liquid inside cans"], [], [], [], [], [], [], [], [], [], [], [], [], [], [], [], [], [], [], [], [], ["dog", "small dog", "ball", "dog can cry whe"], []]}, "/r/UsedFor": {}, "/r/LocatedAt": {}, "/r/FormOf": {"/r/RelatedTo": [["intact dilation and extraction", "bin tipper", "gastroparesis", "vempty", "cholecystokinetic", "slopping out"], ["vempty", "drain out", "evert"], ["vempty", "empty", "river"], [], []], "/r/UsedFor": [[], [], [], [], []], "/r/LocatedAt": [[], [], [], [], []], "/r/FormOf": [["emptins", "vempty", "emptyings"], ["vempty"], ["vempty", "empty"], ["aempty", "emptiers"], ["vempty"]], "/r/IsA": [["drain act", " actremoval act"], [], [], [], []], "/r/PartOf": [[], [], [], [], []], "/r/HasA": [[], [], [], [], []], "/r/CapableOf": [[], [], [], [], []], "/r/AtLocation": [[], [], [], [], []], "/r/HasProperty": [[], [], [], [], []], "/r/CreatedBy": [[], [], [], [], []], "/r/Synonym": [["evacuation act", "voidance act"], [], [], [], []], "/r/LocatedNear": [[], [], [], [], []], "/r/SimilarTo": [[], [], [], [], []], "/r/MadeOf": [[], [], [], [], []], "/r/ReceivesAction": [[], ["liquid inside cans"], [], [], []]}, "/r/IsA": {"/r/RelatedTo": [[]], "/r/UsedFor": [[]], "/r/LocatedAt": [[]], "/r/FormOf": [[]], "/r/IsA": [[]], "/r/PartOf": [[]], "/r/HasA": [[]], "/r/CapableOf": [[]], "/r/AtLocation": [[]], "/r/HasProperty": [[]], "/r/CreatedBy": [[]], "/r/Synonym": [[]], "/r/LocatedNear": [[]], "/r/SimilarTo": [[]], "/r/MadeOf": [[]], "/r/ReceivesAction": [[]]}, "/r/PartOf": {}, "/r/HasA": {}, "/r/CapableOf": {"/r/RelatedTo": [["emphysematous cystitis", "trilabe", "vesicovaginorectal", "cystocele", "hydrodistention", "cystourethroscope", "cystometrography", "abdominocystic", "vesicouterine", "vesicoanal", "cystorrhaphy", "skilandis", "urolith", "urine", "propiverine", "urothelial", "augmentation cystoplasty", "cystectomy", "pergal", "lithotrity", "urachus", "vesica", "prevesical", "vesico", "cask wine", "colposuspension", "bladders", "vinflate", "cystoureterogram", "strangury", "cystolithotomy", "cystourethritis", "foley catheter", "bladdery", "bladderless", "hysterocystic", "cecoureterocele", "ureteroneocystostomy", "mirabegron", "trigonitis", "lithic", "cervicovesical", "prevoid", "bladderwort", "nonbladder", "hemicystectomy", "cystometry", "vesicointestinal", "voiding cystourethrography", "detrusor", "rugby ball", "cystoprostatectomy", "urinary bladder", "piss oneself", "paravesical", "searcher", "cystolithotripsy", "appendicovesicostomy", "vesicoureteral", "ureterovesical", "vswell", "bladderlike", "wet oneself", "neobladder", "glomerulation", "bladderful", "postvoid", "cystolithiasis", "vesicoprostatic", "cystoscope", "ureterocutaneostomy", "oxybutynin", "neocystostomy", "cystourethroscopy", "flavoxate", "football", "enterovesical", "megacystis", "cystospasm", "utriculoid", "pyelography", "vesicocolic", "vesicoureteric", "elastance", "vesicovaginal", "utriculate", "box wine", "pyelocystitis", "vesicorectal", "lithotome", "ureterocele", "coup de maitre", "anuresis", "cystolithic", "colpocystotomy", "cystopexy", "cystoureterography", "trigone", "rectovesical", "pericystitis", "gasbag", "vesicovaginal fistula", "stress incontinence", "lithoclast", "urethral sphincter", "lithophone", "vesicoenteric", "colovesical", "cystocentesis", "extroversion", "pisslessr", "cystourethrography", "physoclisti", "cystalgia", "ileocystoplasty", "cystopyelonephritis", "rachischisis", "cystoplegia", "physostome", "calculifrage", "bladder cancer", "cystography"]], "/r/UsedFor": [["holding urine"]], "/r/LocatedAt": [[]], "/r/FormOf": [["bladdering", "bladders"]], "/r/IsA": [[" artifactbag artifact", "urinary bladder body", " bodysac body", "gallbladder body", "urinary bladder", "container"]], "/r/PartOf": [[" artifactfootball artifact", "human body", "body"]], "/r/HasA": [[]], "/r/CapableOf": [["empty", "filled", "full"]], "/r/AtLocation": [["pee", "body"]], "/r/HasProperty": [["stretchable", "flexible"]], "/r/CreatedBy": [[]], "/r/Synonym": [["vesica body", "urinary bladder", "vesica"]], "/r/LocatedNear": [[]], "/r/SimilarTo": [[]], "/r/MadeOf": [[]], "/r/ReceivesAction": [[]]}, "/r/AtLocation": {}, "/r/HasProperty": {"/r/RelatedTo": [["room", "outer", "stars", "universe", "planets", "area", "atmosphere", "earth", "empty", "vacuum", "nothing", "moo", "void", "oort cloud", "final", "beyond", "galaxy", "emptiness", "outside", "frontier", "ope", "sky", "desk", "final frontier", "garde", "stars planets", "rocket", "outer atmosphere", "outside earth", "infinite", "black", "beyond atmosphere", "office", "home", "field", "stage", "above", "lot", "secondspace", "hydrobot", "cauchy space", "local fluff", "protostar", "spacepower", "extraterrestrial", "arc", "big bang", "space elevator", "office floor plate", "incode", "location", "simplex", "cul de lampe", "uniform space", "agentspace", "intercolumnation", "occupy", "rocketpunk", "eigendirection", "take up", "rotopulsator", "placemaking", "distance", "gravitational keyhole", "de broglie bohm theory", "dirac string", "vessel", "circumspatial", "borderspace", "sociospatial", "spaceborne", "interspatiallyr", "isro", "complex plane", "en space", "spacelore", "sputnik", "indention", "intervacuum", "breathing space", "place", "chashitsu", "splashdo ", "spear closet", "spime", "pointset", "back in", "alternate universe", "intercolumniation", "constant", "move", "limit", "boundaries", "lipohemarthrosis", "spaceplane", "geekosphere", "hilbert space", "despatialize", "k d tree", "ductway", "reading room", "loop quantum gravity", "eads", "ringworld", "stardust", "space of disse", "vspace suit", "magnetosheath", "non euclidean geometry", "unique", "french spacing", "tesseractic", "time", "hemispatial", "countdo ", "personal", "synechism", "spacy", "terf", "astromaterial", "spatious", "planet", "beamspace", "astrogeophysics", "untabify", "coordinate", "astroecology", "sea room", "astrophilately", "solar wind", "squeeze into", "permutohedron", "unspaced", "construct", "loopspace", "spacescape", "vacuist", "petty apartheid", "local", "ubiety", "electric field", "discitis", "interspace", "path loss", "e", "hartle hawking state", "spacelike", "local bubble", "earth return vehicle", "earthspace", "spatiotopic", "cyberspace", "space exploration", "brahman", "text", "aerospace", "conceptual physics", "spatialize", "planovolumetric", "translocal", "correlation function", "chamber", "fluxtube", "microlocal", "starburst", "heliosphere", "medium", "star", "coursey", "fit in", "spacewear", "treespace", "ergosphere", "grassmannian", "vacuum energy", "agate line", "mansionization", "far flung", "periplegmatic", "astromolecule", "codimension", "spaceless", "spacing", "generalized", "foremost", "isothermic", "prolonger", "interaxis", "geometrization", "between decks", "plenism", "spatial", "exoatmosphericallyr", "spatiotemporal", "space time", "spaces", "precinct", "word", "eigentone", "screenspace", "astrophobia", "procession", "quasibarrelled", "farthest", "footprint", "voltage", "cut out", "spacious", "interfenestration", "logspace", "robonaut", "bootspace", "radiopanspermia", "capacity", "camellate", "step", "realspace", "homaloidal", "diskspace", "recess", "muttnik", "wavefunction", "ost", "herpetarium", "prolong", "spacecraft", "espace", "orbispace", "space saving", "relationalism", "diffusion", "horoball", "recessed", "horosphere", "staff", "superbubble", "radix tree", "dimension", "space of destot", "spacewalk", "guard band", "spacely", "spectrahedron", "point cloud", "spacer", "curvaton"], [], [], ["move", "window", "street", "paint", "room", "door", "wood", "floor", "garde", "es", "gleaning", "mansionization", "house", "vhouse", "subdivision", "hall", "property", "servant", "brick", "board", "bank", "city", "build", "family", "address", "home", "doll", "rent", "bed", "party", "cat", "pet", "robbery", "light", "stair", "roof", "dog", "safe", "wall", "library", "paper", "chair", "chicke", "neighbourhood", "poster", "basement", "fa", "heat", "neighbour", "pool", "fox", "fireplace", "colony", "hedge", "tree", "fraternity", "chick", "icicle", "step", "carpet", "land"], [], [], ["window", "clear", "material", "drinking", "transparent", "windows", "drink", "sand", "cup", "container", "pane", "window material", "see", "see through", "through", "water", "breakable", " artifactliquid substance", " artifactdrink food", "glassman", "fragile", "vessel", "clear material", "window pane", "drinking vessel", "plate", "silico", "jar", "melted", "melted sand", "solid", "break", "mirror", "panes", "crystal", "holder", "liquid", "in windows", "silica", "made", "tears of wine", "vreflect", "glazier", "ferretto", "lime", "barium copper silicate", "potash", "venetian glass", "vitreous", "lithium oxide", "potichomania", "glass cutter", "sugar glass", "semivitrified", "mullion", "vburnisher", "aquarium", "murrine", "illustrated song", "hyalograph", "gauge glass", "vitrophyre", "glasshouse", "backboard", "telescope", "glassmaker", "vglassy", "quartz halogen lamp", "looking glass", "glass delusion", "optical flat", "riesel iron", "test tube", "red lead", "hyalophagy", "pele's hair", "glarney", "protective", "ambitty", "wine bottle", "volcanic ash", "optical glass", "verrophone", "brouilleur", "shaker", "urinal", "scree", "grozing iron", "glazer", "tankard", "leyden jar", "quarrywikten 3", "milk bottle", "stemware", "mesoglass", "carafe", "sea glass", "cork borer", "chimney", "snow cone", "perlite", "sun room", "polishing slate", "vitrand", "latticinio", "pearlash", "volcanic glass", "flint glass", "bell jar", "tear catcher", "microwire", "boric oxide", "conciator", "vitrified", "schmelze", "verrine", "unglaze", "sandiver", "lattice window", "glass onion", "thermionic valve", "sash door", "lunette", "goldstone", "schwarzlot", "andisol", "rimmer", "wine glass", "glassworks", "polymethyl methyacrylate", "glazen", "caneworking", "limoncello", "vitrinite", "crystallophone", "glass soap", "moonroof", "hyalescence", "nonglass", "glass ceramic", "absinthe spoon", "petalite", "pepsi", "vitrify", "photographic plate", "glassmaking", "vial", "opalotype", "glasslike", "fulgurite", "nonvitrified", "lens blank", "abradant", "crystal ball", "house wine", "tanada effect", "retouching frame", "flacon", "anticoherer", "kelp", "lead crystal", "polymethyl methacrylate", "art glass", "glassless", "marver", "borosilicated", "dramseller", "glassformer", "petri dish", "jingle", "clich\u00e9 verre", "magnifying glass", "prunt", "plate glass", "vitriform", "blow mould", "lead oxide", "legs", "vglaze", "calvados", "knickerbocker glory", "silica glass", "vitrifacture", "casserole", "uviol glass", "water gauge", "strass", "reading stone", "absinthiana", "vaporole", "andic", "orotone", "vmirror", "vsmooth", "devitrification", "mexican breakfast", "tintinnabulation", "autochrome", "pitchstone", "unvitrified", "margarita", "bead proof", "cheval de frise", "glasscutter", "wine flight", "wreath", "fresnel's rhomb", "fibreglass", "substance", "beaufet", "melonade", "pint glass", "patio door", "bocca", "coupe", "double glazing", "crizzle", "glassy", "light mill", "annealing", "fluorite", "dribble glass", "windscreen", "pair of glasses", "paget process", "tumbler", "transparisteel", "interlayer", "bottle bank", "vitrifiable", "microscope slide", "pony glass", "fibre optics", "vlandscape", "frit brick", "glass pane"], []], "/r/UsedFor": [["seperatio", "counter artifact locatio", "separating words", "occupying", "parking", "do just about", "storage"], [], [], ["wood"], [], [], ["drinking", "holding liquid", "seeing through", "drinking liquid from", " artifacthold stative", "drinking from", "drinking out of", "making windows and for drinking cups", "drink from", "holding liquids and ice cubes", "drink margaritas out of", "holding water", "holding liquids", "holding drink"], []], "/r/LocatedAt": [[], [], [], [], [], [], [], []], "/r/FormOf": [["spaces", "spacing"], [], [], ["vhouse", "house"], [], [], ["glassing", "glassed", "glasses"], []], "/r/IsA": [[" locatioarea locatio", "airspace location locatio", "workspace location locatio", "separation location locatio", "no parking zone location locatio", "disk space computer science locatio", "angle shape", "opening object shape", "indentation communication communicatio", " attribute", "key basketball locatio", " communicatioarea attribute", "phase space physics ", "absolute space ", "swath quantity shape", "void shape", "expanse object shape", "outer space location ", "area", "first three dimensions", "cavity shape", "compartment artifact shape", "dangerous place", " shapelocation", "flies dramaturgy locatio", "hole shape", " communicatiocharacter communicatio", "margin communication communicatio", "crawlspace location locatio", "parking space location locatio", "terreplein location locatio", "vacuum", "mathematical space mathematics ", "subarachnoid space body shape", "pleural space body shape", " shapeamorphous shape", "enclosure object shape", "pocket bowling shape", "seat dramaturgy locatio", "crenel artifact shape", "vast vaccum of emptiness", "defined physical area", "sidereal", "what between else", "place i"], [], [], ["where people live"], [], [], ["solid", "natural glass substance", "optical glass substance", " substancesolid substance", "ground glass substance", "beer glass artifact", "water glass artifact", "wire glass substance", "rummer artifact", "liqueur glass artifact", "wineglass artifact", "highball glass artifact", "tumbler artifact", "schooner artifact", "bumper artifact", "stained glass substance", "lead glass substance", "snifter artifact", "safety glass substance", " artifactglassware artifact", "opal glass substance", "shot glass artifact", "crown glass substance", "parfait glass artifact", " artifactcontainer artifact", "seidel artifact", "soft glass substance", "soluble glass substance", "goblet artifact", " quantitycontainerful quantity", "solidopencycsolid state of matter", "liquid at room tempeature", "traditional covering for greenhouses", "inorganic substance", "clear glassopencycglass 413", "something you", "vehicle", "opencycglass 413brittle thing", "amorphous solid", "flying implies", "glass wool", "borophosphosilicate glassopencycsilicate glass", "amorpous solid at room temperature", "container", "physical substance"], []], "/r/PartOf": [[" communicatiostaff music", " communicatioform communicatio", "aerospace location ", "location ", " communicatiomusical notation music"], [], [], [], [], [], ["window", " substance artifact", "eyeglasses"], []], "/r/HasA": [["zero pressure"], [], [], ["walls", "doors", "roofs", "bedrooms", "window overlooking back yard", "garde", "two stories", "ceiling fans", "two or more levels", "seperate garages", "many people living i", "ghosts i", "basements", "foundatio", "pornography"], [], [], ["resonant frequency", "refractive index", "reflective qualitities"], []], "/r/CapableOf": [["separate two objects"], [], [], ["blow do ", "weather storm", "bur", "cost lots"], [], [], ["hold liquid", "break easily", "hold water", "appear empty", "harness power of su", "serve as mirror", "cup liquid", "many different colors"], []], "/r/AtLocation": [["star", "moo", "planets", "vacuum", "black hole", "space shuttle", "satellites", "comets", "meteors", "world", "quasars", "box", "space junk", "galaxy", "stars", "photons", "black holes", "more space", "spaceships", "radiatio", "suitcase", "asteroid", "planet", "aliens", "pluto", "meteor", "jar", "hydroge", "sentence", "ufo", "hydrogen atoms", "daydream", "cold", "text", "vaccum", "novas", "comet", "mir", "gas", "reasion to explore", "universe", "asteroids", "hydrogen gas", "emptiness", "vaccuum", "black holes and quasars", "satellite", "milky way", "space statio", "front"], [], [], ["windows", "carpeting", "dogs", "street"], [], [], ["water", "cabinet", "window", "kitche", "table", "cen", "dining room", "street", "dishwasher", "hand", "sink"], []], "/r/HasProperty": [["empty", "cold", "dark", "infinite", "silent"], [], [], ["sold bought owned rented or leased", "very large", "varied", "empty", "new", "pretty expensive to buy", "old"], [], [], ["clear", "recyclable", "very fragile", "dirty", "clea", "half empty", "gree", "non porous", "half full", "ceramic", "sharp", "opaque", "fragile", "solid", "empty"], []], "/r/CreatedBy": [[], [], [], ["builders"], [], [], [], []], "/r/Synonym": [["blank space communication communicatio", "infinite ", " printingquad printing", " timedistance time", "blank communication communicatio", "place communication communicatio", " locatioouter space locatio", "place", "blank", "ether", "gap"], [], [], [], [], [], [" artifactmethamphetamine artifact", "v changeglaze change", "glass in contact", " artifactfield glass artifact", "glaze possession possessio", "drinking glass artifact", " artifactlooking glass artifact", "glassful quantity", "mirror", "methamphetamine hydrochloride"], []], "/r/LocatedNear": [[], [], [], [], [], [], [], []], "/r/SimilarTo": [[], [], [], [], [], [], [], []], "/r/MadeOf": [["passageway"], [], [], ["bricks", "brick"], [], [], ["lenses", "lens", "sand", "crt", "tv", "many bottles", "many containers", "plate", "bowl", "vacuum tube", "glasses", "computer monitor", "abottle", "bins"], []], "/r/ReceivesAction": [[], [], [], ["made out of brick", "built on cul de sacs", "made up of rooms", "constructed of mud", "organized into subdvisions and have basements", "built of bricks", "found in subdivisions"], [], [], ["broke", "recycled", "made from sand", "found in kitche", "found in building", "blown into shapes", "coated", "sent for recycling", "found in bus", "tempered", "found in house", "wrapped in napki", "made from fused silicon dioxide", "found in taxi", "tinted", "melted", "blo "], []]}, "/r/CreatedBy": {}, "/r/Synonym": {"/r/RelatedTo": [[], [], [], [], [], [], ["evacuation", "evacate", "evacuatest", "vevacuatio", "vwithdraw", "vacuate", "evacuates", "vempty out", "vdeprive", "vretire", "detrain", "nisus", "evacuating", "vnullify", "vdischarge", "evacuator", "evacuated", "vbowel", "shiftee", "vleave", "vvessel", "vvacate", "escape pod", "fire escape", "veject", "vquit", "pisslessr", "vvoid", "unevacuated", "vempty", "vvacuum", "vremove", "evacuateth", "vacate"], [], ["avivacious", "abreezy", "meteor", "aereous", "floofy", "airiness", "aeriality", "cloud rap", "windscreen", "jaunty", "aput on airs", "windshield", "gossamerlike", "sparkish", "aaerial", "aerenchyma", "ethereal", "alight hearted", "aunsubstantial", "airilyr", "jauntilyr", "adjective", "cloud", "light", "dictionary", "light and", "breezy", "legendary", "flutter", "spacious", "smell"]], "/r/UsedFor": [[], [], [], [], [], [], [], [], []], "/r/LocatedAt": [[], [], [], [], [], [], [], [], []], "/r/FormOf": [[], [], [], [], [], [], ["evacuating", "evacuated", "evacuates", "evacuateth"], [], ["airier", "airiest"]], "/r/IsA": [[], [], [], [], [], [], [], [], ["wpmartian cratercrater"]], "/r/PartOf": [[], [], [], [], [], [], [], [], []], "/r/HasA": [[], [], [], [], [], [], [], [], []], "/r/CapableOf": [[], [], [], [], [], [], [], [], []], "/r/AtLocation": [[], [], [], [], [], [], [], [], ["wpmartian cratermars"]], "/r/HasProperty": [[], [], [], [], [], [], [], [], []], "/r/CreatedBy": [[], [], [], [], [], [], [], [], []], "/r/Synonym": [[], [], [], [], [], [], ["empty body", "void body", "expel", "abandon", "vempty"], [], ["a aeriform ", "a aired ", "a impractical ", "overground", "aflippant", "aaereous", "aethereal", "aempty", "airy fairy", "wpmartian craterwpmartian crater"]], "/r/LocatedNear": [[], [], [], [], [], [], [], [], []], "/r/SimilarTo": [[], [], [], [], [], [], [], [], ["a light ", "light a "]], "/r/MadeOf": [[], [], [], [], [], [], [], [], []], "/r/ReceivesAction": [[], [], [], [], [], [], [], [], []]}, "/r/LocatedNear": {}, "/r/SimilarTo": {"/r/RelatedTo": [[], [], [], [], [], [], [], [], [], [], [], [], [], [], [], [], [], [], [], []], "/r/UsedFor": [[], [], [], [], [], [], [], [], [], [], [], [], [], [], [], [], [], [], [], []], "/r/LocatedAt": [[], [], [], [], [], [], [], [], [], [], [], [], [], [], [], [], [], [], [], []], "/r/FormOf": [[], [], [], [], [], [], [], [], [], [], [], [], [], [], [], [], [], [], [], []], "/r/IsA": [[], [], [], [], [], [], [], [], [], [], [], [], [], [], [], [], [], [], [], []], "/r/PartOf": [[], [], [], [], [], [], [], [], [], [], [], [], [], [], [], [], [], [], [], []], "/r/HasA": [[], [], [], [], [], [], [], [], [], [], [], [], [], [], [], [], [], [], [], []], "/r/CapableOf": [[], [], [], [], [], [], [], [], [], [], [], [], [], [], [], [], [], [], [], []], "/r/AtLocation": [[], [], [], [], [], [], [], [], [], [], [], [], [], [], [], [], [], [], [], []], "/r/HasProperty": [[], [], [], [], [], [], [], [], [], [], [], [], [], [], [], [], [], [], [], []], "/r/CreatedBy": [[], [], [], [], [], [], [], [], [], [], [], [], [], [], [], [], [], [], [], []], "/r/Synonym": [[], [], [], [], [], [], [], [], [], [], [], [], [], [], [], [], [], [], [], []], "/r/LocatedNear": [[], [], [], [], [], [], [], [], [], [], [], [], [], [], [], [], [], [], [], []], "/r/SimilarTo": [[], [], [], [], [], [], [], [], [], [], [], [], [], [], [], [], [], [], [], []], "/r/MadeOf": [[], [], [], [], [], [], [], [], [], [], [], [], [], [], [], [], [], [], [], []], "/r/ReceivesAction": [[], [], [], [], [], [], [], [], [], [], [], [], [], [], [], [], [], [], [], []]}, "/r/MadeOf": {}, "/r/ReceivesAction": {}}}, "":{}}