{"hit": {"N1": {"/r/RelatedTo": ["smash", "slap", "miss", "punch", "hittable", "wikten 1backgammo", "vwikten 1point", "vwikten 1sex", "wikten 1gammo", "double kill", "sockdolager", "on deck circle", "play on", "scud", "massage", "hot button", "wikten 1base", "vwikten 1difficulty", "hits", "strike out", "wikten 1punch", "elbow", "extra", "drive", "whip", "mishit", "tapotement", "skud", "forlat", "groove", "hitmaking", "texas leaguer", "hammerstone", "batting average", "makiwara", "dead bird", "nutwikten 1", "base hit", "belt", "fustigate", "bashable"], "/r/UsedFor": ["arrow artifact contact", "projectile artifact contact"], "/r/LocatedAt": [], "/r/FormOf": ["hittest", "hitted", "hitting"], "/r/IsA": ["header soccer act", "scorcher act", "plunk baseball act", "base hit baseball", " artifactdose artifact", "crash act", "contusion act", "fly baseball act", "blockbuster act", " acttouch act", "grounder baseball act", " actmurder act", " baseballdeed act", "bunt baseball act", "sleeper act", " actjoining act", " actsuccess act"], "/r/PartOf": [], "/r/HasA": [], "/r/CapableOf": ["hammers"], "/r/AtLocation": [], "/r/HasProperty": [], "/r/CreatedBy": [], "/r/Synonym": ["smasher act", "smash act", " physicscollision physics", "v motioreach motio", "v socialmurder social", "strike motion motio", "hitting act", "v possessiostumble possessio", "come to perception perceptio", "strike perception perceptio", "v competitioscore competitio", "run into contact", "strike act", "v competitiostrike competitio", "striking act", "v contactstrike contact", "v competitioshoot competitio", "collide with contact", "bang act", "strike contact", "impinge on contact"], "/r/LocatedNear": [], "/r/SimilarTo": [], "/r/MadeOf": [], "/r/ReceivesAction": []}, "N2": {"/r/RelatedTo": {"/r/RelatedTo": [["break", "crush", "destroy", "actio", "hit", "breaking", "hulk", "pumpkins", "hitting", "voverwhelming", "smashed", "smashproof", "smashing", "unsmashable", "overhead", "wham", "vsexual intercourse", "smasher", "shatter", "bankruptcy", "smash up", "blooter", "squish", "hard", "crash", "squash", "destructio", "like", "flatte", "demolish", "beginning", "tennis", "pieces", "violent", "hit hard", "break something", "car", "violent actio", "mashing", "apart", "smithereens", "pulverize", "band", "pumpkins band", "breaking things", "movement", "punching", "pound", "crush destroy", "stuff", "dropping", "instant potato", "potato", "instant", "up", "break up", "break apart", "wreck", "violently", "glass", "break glass", "cans", "destructive", "break pieces", "pumpki", "tiny", "tiny pieces", "crushing", "loud", "like squash", "like crash", "accident", "car accident", "hitting club", "club", "knock together", "knock", "together", "hitting something", "bash", "like bash", "incredible hulk", "incredible", "like crush", "hitting hard", "destroying", "hulk activity", "activity", "clobber", "onomatopoeia", "violently break", "smooch", "painful", "forcefully", "breaking stuff", "break forcefully", "event", "hit break", "punching actio", "hitting event", "breaking plates", "term", "hulk actio", "big", "car wreck", "big hit", "wreck destroy", "tennis term", "plates", "hulk break", "flatten cans", "grab", "stroke", "hammer break", "tennis stroke", "hammer", "and grab", "tennis serve", "serve", "mashing pumpkins", "shatter break", "like pumpkins", "blanking", "blanking pumpkins", "crash heavily", "stomp crush", "stomp", "heavily", "hit something", "blow", "hard blow", "hand", "hand actio", "violence", "tennis shot", "shot", "mushing", "flat", "flat stuff", "mushing things", "mashing apart", "breaking actio", "records", "hit records", "potatoes", "little", "little pieces", "squashed", "killing bugs", "killing", "bugs", "hit song", "song", "car crash", "wreck break", "pounding", "collisio", "over", "run over", "ru", "break violently", "sledgehammer", "dropped", "breaking pumpkins", "windows", "breaking windows", "flattening cans", "onomatopoeic", "crushing onomatopoeic", "flattening", "forced", "forced breakage", "breakage"], ["hit", "slapped", "knapwikten 1", "technical tap", "vexcellent", "lobtail", "slappinglyr", "slappable", "spangrwikten 2", "blow", "slappee", "give someone slipper", "paddywhack", "give someone five", "flipper", "unslapped", "twat", "slapt", "back slap", "cosmetics", "rexactly", "slat", "box someone's ears", "mushroom stamp", "beslap", "schuhplattler", "slapping", "pimp slap", "slapsies", "spank", "kerslapr", "ferule", "makeup", "give some skin", "low five", "slappy", "bitch slap", "rprecisely", "slapper", "vimpose", "slipslop", "teppo oshi", "slaps", "slap someone five", "whack", "bap", "kerslap", "back of one's hand", "high five", "face", "hand", "ope", "hitting", "hit face", "face hit", "smack", "palm", "open palm", "someone", "open hand", "hand smack", "rick", "rick james", "james", "back hand", "back", "hitting someone", "hitting face", "cheek", "physical", "hit cheek", "physical hit", "hockey", "hockey hit", "hit someone", "hit hand"], ["woma", "mrs", "hit", "unmarried", "young", "female", "hit or", "lady", "unmarried woma", "title", "ms", "misser", "syeda", "come short", "missie", "underlook", "overpass", "forsloth", "misses", "sister", "woizerit", "unmissed", "vwikten 1wanting", "false attack", "air ball", "girl", "young ladies", "go hungry", "vwikten 1transportatio", "take wrong turn at albuquerque", "unmissable", "homesickness", "vwikten 1late", "wikten 1cache", "wikten 2girl", "desire", "desiderate", "wiktfr 2madam", "longing", "wikten 2respect", "wikten 2loo", "swing through", "missy", "juffrou", "unmissablyr", "information entropy", "miesies", "mislookwikten 1", "missis", "fishwikten 3", "oversight", "clear", "missed", "long for", "near miss", "skip beat", "wikten 2kept woma"], ["fist", "hit", "cross", "counterpunch", "unpunchable", "punchable", "pertusion", "pleased as punch", "sloshwikten 1", "fat lip", "pow", "bell punch", "right cross", "fight bite", "knuckle sandwich", "pack punch", "blog", "punched", "wallopwikten 1", "hub", "backfist", "smoke proof", "biff", "punchless", "karate", "punch out", "punch and judy", "paper tape", "giggle juice", "punchcutting", "knuckle duster", "punchlike", "jab artist", "glove puppet", "king hit", "tableting", "outpunch", "roman punch", "wikten 1joystick", "chadless punch", "vwikten 1make", "punching", "pritchel", "vwikten 2ticket", "prickpunch", "bifferwikten 1", "wikten 1impact", "corkscrew", "body blow", "ring binder", "wikten 2paper punch", "punchwork", "sucker punch", "punchy", "punchee", "puncher", "wikten 1video game", "below belt", "slugger", "wikten 3juice", "unpunched", "roundhouse", "soft boxing", "keypunch", "wikten 2material", "trip slip", "overpunch", "micropunch", "hook", "knockout", "pokewikten 1", "vwikten 1thrust", "pilot hole", "purple jesus", "wikten 2emboss", "punch drunk", "butterfly ballot", "card punch", "haymaker", "burrwikten 1", "bolster", "puncheon", "bunch of fives", "glogg", "nail set", "shotwikten 1", "one two", "wikten 2mechanism", "chad", "hitwikten 1", "punchbowl", "proud as punch", "mattoir", "fight", "boxing", "hitting", "drink", "blow", "kick", "box", "move", "fruit", "fruity", "fruity drink"], ["ahit", "hangwikten 1"], [], [], [], [], [], ["spring", "fish", "knockout", "hit", "bite", "sockdolagers", "conclusive", "argument", "whopper", "hook"], [], [], ["scab", "pornography", "vskim", "vsail", "fractus", "vhit", "wound", "vcloud", "rai", "gust", "ballistic missile", "wind", "scudding", "vswiftly", "vrace", "vspeed", "amphipod", "anaked", "vwind", "soviet", "scuds"], ["rub", "massage therapist", "breast ironing", "tapotement", "petrissage", "massage parlour", "massagelike", "turkish bath", "masseur", "bodyworker", "foulage", "anatripsis", "vfalsify", "nauheim treatment", "unmassaged", "shiatsu", "hit", "effleurage", "massaging", "massageable", "massotherapy", "shampoo", "malaxation", "electromassage", "hellerwork", "seismotherapy", "masso", "champissage", "rubdo ", "lomilomi", "foam roller", "footrub", "biodynamic", "nonmassage", "relax", "massotherapist", "watsu", "backrub", "vdata", "hachement", "rub do v", "remassage", "vmanipulate", "vrub", "rolf", "pneumomassage", "craniosacral", "foot massage", "rub up", "massage chair", "ashiatsu", "vpresentable", "hilot", "knuckle", "concussor", "massaginglyr", "massage therapy", "knead", "jacuzzi", "abhyanga", "rub and tug", "mechanotherapy", "metamorphic", "vknead", "masseuse", "automassage", "massage parlor", "massager", "vibrator", "massaged", "sobador", "blind massage", "tripsis", "ache", "massages", "massage table", "physiotherapy", "touch", "oil", "back"], [], [], [], ["station to", "hit", "hitless", "vhit", "wave", "bat", "hammer"], [], [], ["arm", "joint", "macaroni", "cubitus", "free throw lane", "toggle joint", "lower arm", "pool at crook", "forearm", "upper arm", "vpush", "supinated", "panner disease", "foresleeve", "cubit", "elbowedness", "appendix:parts of knot", "brachiocubital", "funny bone", "detective", "biceps", "vnudge", "gousset", "hunch", "kotenage", "evening glove", "ancon", "hit", "basketball court", "aero bar", "elbower", "flye", "antecubital", "coutere", "golfer's elbow", "crazy bone", "anconad", "elbow chair", "elbowed", "leg", "dracula sneeze", "elbowlike", "gusset", "miner's elbow", "brachioradialis", "bursitis", "elbows", "ulnar", "pronated", "olecranon", "overplate", "brachialis", "vjostle", "ulna", "akimbo", "anconeal", "elbowy", "pipefitting", "anconoid", "fat pad sign", "armbar", "vambrace", "epitrochlearis", "anconeus", "elbowing", "epicondylitis", "elbowless", "armchair", "wenis", "larsen syndrome", "cubitiere", "anconal", "free throw line", "coudee", "part", "bend", "hand", "arm part", "body part", "body", "middle arm", "middle", "arm joint", "point", "articulatio", "knee", "bone", "crazy", "ankle", "bendable", "in arm", "nearby arm", "nearby"], ["spare", "size", "more", "profit", "aover top", "bye", "adue", "aexpect", "excess baggage", "hit", "no ball", "ex", "buckshee", "leap day", "walk o", "leg bye", "charge", "bonus", "no frills", "sideline", "spear carrier", "leftover", "agood", "exo", "merci", "asuperior", "beauty sleep", "anecessary", "additional", "beyond", "morewikten 1", "leap year", "triple x syndrome", "adramatic", "aextraordinarily", "school", "wide", "left over", "ausual", "beer money", "bat", "australia", "outside", "rumble seat", "oxygen debt", "ball", "sundry", "credit spread", "aadditional", "supe", "surcharge", "stuff ballot box", "anormal", "supplementary", "built in", "extras", "ru", "supernumerary", "extraness", "abeyond", "asupernumerary", "single", "all singing dancing", "aextraneous", "upfit", "for good measure", "extry", "rest is history", "bill", "backup", "curriculum", "overspell", "grasser", "frobenioid", "field allowance", "striker", "tax", "tip", "change", "waste", "great", "frill", "encore", "affair", "copy", "college", "paperboy shout", "paperboy", "shout", "annex", "cold", "interest", "trailer", "quantity", "another", "patch", "in", "reward", "extraordinary", "mile", "salt"], ["car", "actio", "cars", "steer", "moving", "operate", "movement", "activity", "driver", "driving", "vehicle", "steering", "move", "road", "control", "travel", "car actio", "motio", "operate car", "go", "do", "transportatio", "in car", "steer car", "car movement", "move car", "automobile", "operating", "car activity", "car travel", "golf", "control car", "moving car", "what", "feeze", "device", "unperch", "outdrive", "unearth", "cartroad", "ability", "first do ", "corner", "propulsion", "header", "hackney", "overdriven", "vertical", "testosteronal", "dement", "invalid carriage", "driver fatigue", "bat", "data", "deadhead", "drivelike", "untappice", "motorvate", "pull up", "ambitio", "vmotivate", "wardrive", "stave", "cabdriver", "vincentive", "bake sale", "read", "exorcise", "straight", "matrix", "test drive", "slant", "redrive", "riplock", "vforcefully", "vcompel", "driveway", "sustained", "coupled", "drover", "tool around", "write", "leadfoot", "float", "arc", "tailgate", "flash drive", "psychohydraulics", "roust", "minicab", "stroke", "hyperboulia", "death drive", "serpentine belt", "truck driver", "vhit", "framebuffer", "vprovide", "impaired", "bayonet", "defragmentation", "objective", "midwicket", "outboard motor", "pootle along"], ["stockwhip", "overwhip", "urumi", "whips", "snakewhip", "braided", "hunting whip", "whank", "vgather", "flogger", "stripe", "whiplike", "whomp", "motorcycles", "ghost ride", "whipcrack", "cut", "vkick", "vthrash", "whip snake", "stingray", "vmix", "switch", "vsmall stuff", "quirt", "litupa", "whipped cream", "knout", "whipmaking", "vtwine", "vunlay", "lashlike", "vurge", "vovercast", "ratta", "baserunner", "vwater", "vthrow", "flagellantism", "whippinglyr", "whipless", "flick", "fouett\u00e9", "lash", "chabuk", "block", "rawhide", "whip in", "flagellate", "strap", "transportatio", "vhit", "coachwhip", "wippe", "unwhipped", "singletail", "purchase", "dogwhip", "vunravel", "falaka", "kurbash", "blacksnake", "plait", "mastigophoric", "rope", "marshmallow", "vrope", "inning", "vskater", "overrun", "whipmaker", "vfish", "whiplash", "whipstock", "vsew", "thong", "party", "vfraying", "flexible", "discipline", "bullwhip", "chicotte", "cat o nine tails", "sjambok", "flagelliform", "whipper", "whipping", "jab", "automobile", "whip scorpion", "whipping boy", "nagyka", "unwhippable", "whiskwikten 1", "vgrai", "whippable", "whipstick", "whipsman", "mechanical advantage", "flagellomania", "vfood", "whipman", "flagellum", "political", "vcast", "feeze", "pitcher", "cartwhip", "pliant", "mp", "statistic", "motorized", "policy", "riding crop", "double cream", "horsewhip", "whipper in", "ghost ride whip", "whipt", "whipper i", "rod", "self flagellation", "cowhide", "cane", "whipped", "cracker", "vdefeat", "scourge", "vote", "leather", "horse", "weapo", "handle", "long", "indiana", "jones", "indiana jones", "beating", "leather weapo", "crop", "horses", "horse control", "control", "cake", "snap", "torture", "device", "torture device", "cord", "long rope", "instrument", "punishment", "horse punishment", "motivator", "faster", "horse motivator", "horses faster", "jockey", "snake", "cat", "cat of", "for horses", "hitting horses", "beat egg", "hurting string", "string", "egg", "beat", "horse beating", "long leather", "hurting", "hitting"], ["hit", "fluff", "miscue", "mishitting", "toe", "incorrect", "vincorrectly", "mishits"], ["massage", "hand", "swedish massage", "hit"], ["vskim", "vspeed", "vhit", "skuds", "skuddin", "skudded"], ["vblow", "vhit", "vdeal"], ["gravewikten 1", "ingroove", "rit", "depressio", "nanogroove", "cope chisel", "meandrina", "cuntline", "quirk", "engineering", "multigrooved", "where", "top", "scoring", "scoriation", "polissoir", "groovelike", "graphophone", "excavatio", "mesospermalege", "polygrooved", "neck", "vlei rat", "making iron", "yo", "ecology block", "strike", "spline", "hip grinding", "groover", "gluteal cleft", "multifidus", "multisulcate", "grooved", "antiskating", "locatio", "endostyle", "gouge", "rhythm", "ectospermalege", "anal cleft", "tyre", "rebate", "middle", "kerf", "most", "campylospermous", "corrugated", "slipboard", "microgroove", "baseball", "score", "philtrum", "intergluteal cleft", "lirate", "grooving", "furrow", "regroove", "wilfley table", "abax", "outcut", "hemiglyph", "grooveless", "omostegite", "easily", "cannelure", "lissencephaly", "plough", "pronounced", "pseudosulcus", "control joint", "landwikten 1", "aulacopod", "glyph", "screw thread", "striation", "sastruga", "tongue", "pulley", "natal cleft", "fixed", "trisulcate", "routine", "zastruga", "nipple", "geological", "shaft", "rabbet", "contline", "opisthoglyphous", "pseudarthrosis", "hit", "coulisse", "schindylesis", "bust move", "ploughmark", "gorgewikten 1", "cullis", "component", "snipebill", "zone", "sulcus", "scrobe", "twelve inch", "rifled slug", "strigose", "colpus", "long", "corrugate", "chamfer", "foot", "ungrooved", "porcate", "narrow", "chamfret", "pitch", "channel", "sulcate", "slot", "fluting", "pregroove", "flexi disc", "keyseat", "balisong", "raggle", "engraving", "subcanaliculate", "notaulus", "croze", "striated", "vallecula", "aglyphous", "record"], ["ahitmaker", "ahit"], [], ["hit", "hammer", "stone"], [], ["hit", "post", "karate", "padded", "punchbag"], [], [], [], ["pants", "vfaste", "martial art", "pelletron", "patte", "sidearm", "santa suit", "vinvest", "ceinture", "vsomeone", "bucketwheel", "fanbelt", "hydraulic belt", "swordbelt", "lehr", "utility belt", "beltwork", "zoster", "seat belt", "geographical", "restraint", "waistbelt", "belt fed", "vscream", "tsuna", "rocket belt", "body", "transfer", "sword", "beltlike", "mawashi", "vhit", "belted", "baldric", "serpentine belt", "webbing", "sporran", "toolbelt", "beltmaker", "sam browne belt", "trophy", "lamp", "baldrick", "lap belt", "cincher", "motio", "vfast", "nanobelt", "leather", "gunbelt", "decorative", "montana", "belts", "vformal", "gu", "vmove", "crossbelt", "piece", "ungirt", "machine", "vsing", "automatic rifle", "blow", "vloud", "bandoleer", "beltful", "safari jacket", "canicross", "belting", "vpitch", "vencircle", "actibelt", "truss", "belt purse", "weapo", "drink", "vmanner", "chastity belt", "bandolier", "dressing go ", "vhome ru", "vceremony", "mule pulley", "cartridge belt", "unbelted", "fist", "jambiya", "belteth", "vgulp", "zoneless", "strike zone", "bebelted", "beltless", "help", "van de graaff generator", "zone", "belt loop", "shoulder belt", "zonula", "trench coat", "multitronic", "porte \u00e9p\u00e9e", "safety", "unbelt", "purpose", "parabelt", "cingle", "clothing", "waist", "shifter", "regio", "vsomething", "cincture", "hold", "power", "hindi", "vknighthood", "serve", "band", "powerful", "liquor", "beltest", "vdrink", "buckle", "around waist", "around", "trousers", "holding", "holder", "pant", "pant holder", "leather thing", "up", "accessory", "on pants", "suspending", "suspending pants", "hold pants", "skirt", "holes", "suspenders", "holding them", "holding pants", "motor", "for waist", "long", "sash", "string", "leather string", "snake", "trousers up", "clothing accessory", "pants up", "pants suspender", "suspender", "pants fastener", "leather tightener", "fastener", "tightener"], ["fustigator", "vclub", "fustigated", "fustigates", "vhit", "vfustigatio", "vfustigator", "vcriticize", "fustigating", "fustigation", "vharshly"], ["ahit", "abash"]], "/r/UsedFor": [[], [], [], [], [], [], [], [], [], [], [], [], [], [], [], [], [], [], [], [], [], [], [], ["storing data", "compact artifact motio", "international highway", "motorway", "ambulance artifact motio", "car artifact motio", "cabriolet", "park o", "use computer", "highway"], [], [], [], [], [], [], [], [], [], [], [], [], [], [], ["holding up pants", "hold up pants", "hold up skirt"], [], []], "/r/LocatedAt": [[], [], [], [], [], [], [], [], [], [], [], [], [], [], [], [], [], [], [], [], [], [], [], [], [], [], [], [], [], [], [], [], [], [], [], [], [], [], [], [], []], "/r/FormOf": [["smasht", "smashes", "smashing", "smashed"], ["slapped", "slaps", "slappeth", "slappest", "slapping"], ["misses", "missing", "mlles", "misseth", "missed"], ["punched", "punches", "punching"], [], [], [], [], [], [], ["sogdolloger", "sockdologer", "sockdolagers"], [], [], ["scudded", "scuds", "scudding"], ["massages", "massaging", "massaged"], [], [], [], ["wikten 2hit", "hit", "its"], [], [], ["elbows", "elbowing", "elbowed"], ["extras", "extree", "wuxtry"], ["driving", "driveth"], ["whips", "whept", "whipped", "whipt", "whipping", "whippeth", "whippest"], ["mishitting", "mis hit", "mishits"], ["tapotements"], ["skudded", "skuddin", "skuds"], ["forlats"], ["grooves", "grooving", "grooved"], [], [], ["hammerstones"], [], ["makiwaras"], [], [], [], ["belts", "belting", "belted"], ["fustigates", "fustigated", "fustigating"], []], "/r/IsA": [[" motor vehiclecollision event"], [" eventbump event", "cuff"], [" communicatiotitle communicatio", " eventfailure event", "action", "localized spatial thing"], [" foodmixed drink food", "wassail food", " boxingblow act", "milk punch food", "may wine food", "center punch artifact", "punch pliers artifact", "cup food", "jab act boxing", "eggnog food", "glogg food", "counterpunch act boxing", "haymaker act boxing", "fruit punch food", "hook act boxing", " artifacttool artifact", "uppercut", "sucker punch act boxing", "rabbit punch act boxing", "fish house punch food", "tool", "hook", "opencycpunch toolindustrial equipment", "shovel hook", "haymaker", "overhand", "punchingopencycpunching", "opencycpunchinghitting", "jab", "opencycpunch toolmanual tool", "cross", "wpmagazinemagazine"], [], [], [], [], [], [], [], [], [], [" actspeed act", "weapon", "missile"], ["therapy", "cardiac massage act", "rubdoact", "petrissage act", "tapotement act", "effleurage act", "reflexology act", " acttreatment act", "swedish massage act", "reflexology", "acupressure", "taking care of", "rubbing", "form of natural health care", "service event", "thai massage", "erotic massage"], [], [], [], ["album"], [], [], [" bodyhinge joint body", " artifactpipe artifact", " animaljoint anatomy", " artifactbend river", " artifactcloth covering artifact", "left elbow", "joint", "right cubital joint", "external anatomical part", "jointopencycjoint animal body part", "anatomical structure"], [" communicatioedition communicatio", " artifactartifact", "wpsupermarketcompany"], [" artifactroad artifact", "internal drive artifact computer science", " artifactmechanism artifact", " actgolf stroke act", "external drive artifact computer science", "energy attribute", "forehand drive squash", "spin act", "backhand drive act squash", "cattle drive act", "disk drive computer science", "cd drive artifact computer science", "thirst state", "firewall act", "sex drive state", "fusee drive artifact", " computer sciencedevice artifact", "impulse act", "joyride act", " statephysiological state", " actjourney act", "cd rom drive artifact computer science", "enterprise attribute", " acttransportation act", "aggressiveness attribute", "lift act", "hunger state", "ram disk computer science", " squashreturn act", " attributetrait attribute", "ambition attribute", "hypoxia state", "action attribute", " actpropulsion act"], [" fooddessert food", "horsewhip artifact", "quirt artifact", "knout artifact", "strap artifact", " golfflexibility attribute", "cat o nine tails artifact", " actblow act", "cowhide artifact", " artifactinstrument artifact", "prune whip food", " persolegislator law", "riding crop artifact", "scourge artifact", "bullwhip", "single user device", "coachwhip", "stockwhip", "snakewhip", "user powered device", "user guided device", "dogwhip", "horsewhip"], [], [" actmassage act"], [], [], ["fissure anatomy", "flute artifact shape", "track artifact shape", "dado artifact shape", "costal groove body anatomy", "quirk artifact shape", "stria shape", " shapedepression shape", " anatomybody part anatomy", "rabbet artifact shape", "rut shape", "washout shape", "long thin object", "concave thing"], [], [], [], [], [], [], [], [], ["conveyer belt factory artifact", "sam browne belt artifact", " artifactaccessory artifact", " artifactloop shape", "greenbelt location locatio", "cartridge belt artifact", "holster artifact", "asteroid belt location locatio", "money belt artifact", "fan belt artifact", "baldric artifact", "track artifact", "band artifact", "safety belt artifact", " locatioregion locatio", "driving belt artifact", "bike chainopencycbelt mechanical", "vehicle trackopencycbelt mechanical", "kuiper belt", "weightlifting beltopencycbelt clothing", "opencycbelt mechanicalmechanical device", "opencycbelt clothingaccessory", "opencycbelt mechanicalflexible thing", "opencycbelt regioregion", "conveyor beltopencycbelt mechanical", "opencycbelt clothingclothing item", "fan beltopencycbelt mechanical"], ["criticize"], []], "/r/PartOf": [[], [], [], [], [], [], [], [], [], [], [], [], [], [], [], [], [], [], [], [], [], [" animalforeleg animal", " artifactsleeve artifact", "funny bone body", "musculus articularis cubiti body", " bodyarm body", "arm"], [], ["spindle artifact computer science"], ["crop artifact", "stock artifact", "lash artifact"], [], [], [], [], [], [], [], [], [], [], [], [], [], ["belt buckle artifact", "outfit"], [], []], "/r/HasA": [[], [], [], [], [], [], [], [], [], [], [], [], [], [], [], [], [], [], [], [], [], [], [], [], [], [], [], [], [], [], [], [], [], [], [], [], [], [], ["buckle"], [], []], "/r/CapableOf": [[], ["amount to assault"], [], ["humans", "knock out teeth", "boxer", "create hole in wood"], [], [], [], [], [], [], [], [], [], [], ["relax perso", "help person feel good", "improve circulatio"], [], [], [], [], [], [], [], [], ["rotate disk"], [], [], [], [], [], [], [], [], [], [], [], [], [], [], [], [], []], "/r/AtLocation": [[], [], [], [], [], [], [], [], [], [], [], [], [], [], [], [], [], [], [], [], [], [], [], [], [], [], [], [], [], [], [], [], [], [], [], [], [], [], ["closet"], [], []], "/r/HasProperty": [[], [], [], [], [], [], [], [], [], [], [], [], [], [], ["soothing", "relaxing"], [], [], [], [], [], [], [], [], [], [], [], [], [], [], [], [], [], [], [], [], [], [], [], [], [], []], "/r/CreatedBy": [[], [], [], [], [], [], [], [], [], [], [], [], [], [], [], [], [], [], [], [], [], [], [], [], [], [], [], [], [], [], [], [], [], [], [], [], [], [], [], [], []], "/r/Synonym": [[" eventknock event", "v possessiobankrupt possessio", "blast contact", " actcrash act", "r smashinglyr ", "dash change", "boom contact", "v contactbang up contact", " acthit act", "v emotiocrush emotio", " actoverhead act", "smash up motor vehicle", "nail contact", "vpound", "crash", "smash hit", "vdash", "vshatter", "vslaughter", "lump"], [" actsmack act", "r slapdashr ", "smack event", "rjust", "slap bangr", "rright", "rslap bang", "rsmack dab"], ["v cognitioneglect cognitio", "lose perception perceptio", " locatiomississippi locatio", "escape communication communicatio", "misfire event", "lack stative", " persogirl perso"], ["plug contact", "clout boxing", "lick boxing", "poke boxing", "perforate contact", "slug boxing", "puncher artifact", "biff boxing", "wikten 1box", "zest", "beat", "wpmagazinewpmagazine"], [], [], [], [], [], [], [], [], [], ["rack navigation navigatio", "scudding act", "v motiodart motio", "pannus", ""], ["knead contact", "rub do v contact", ""], [], [], [], [""], [], [], ["articulatio cubiti body", "human elbow body", "cubitus body", "cubital joint body", "elbow joint body", ""], ["duplicate artifact", "a supererogatory ", " persosupernumerary perso", "a special ", "a additional ", "supplementary", "addition", "look here", "additio", "backup", "wpsupermarketwpsupermarket"], ["aim communication communicatio", "get communication communicatio", "parkway artifact", "driving act", "v socialtug social", " artifactdriveway artifact", "ride act", "take driving", "v contactrepel contact", "thrust act", " actcampaign act", "motor driving", "ride stative", "driving force act", "v contactforce contact", "line drive", "vimpel", "get up and go", "vcompel"], ["v contactflog contact", "v communicatioblister communicatio", "party whip", "v cookingwhisk cooking", "v competitioworst competitio", "whiplash act", "lash contact", "lash act", "party whip person perso", "cat", "vlash", "vthrash", "vthresh", "wippen", "flagellate", "vflog", "flagellum", "whip up", "vflail", "crop"], [], [], [], [], ["vallecula anatomy", " actrut act", "channel shape", "v contactfurrow contact", "grove", "track", "flangeway"], [], [], [], [], [], [], [], [], [" artifactbelted ammunition artifact", " objectswath object", " actknock act", "v creatiobelt out creatio", " eventknock event", "girdle", "vstrap", "vbuckle", "dram", "vcircle", "vbash", "blow", "restraint", "vbook", "vgulp"], ["v contactcudgel contact", "vflay", "vcastigate"], []], "/r/LocatedNear": [[], [], [], [], [], [], [], [], [], [], [], [], [], [], [], [], [], [], [], [], [], [], [], [], [], [], [], [], [], [], [], [], [], [], [], [], [], [], [], [], []], "/r/SimilarTo": [[], ["clap", "smack", "vsmack"], ["ma am", "sir"], [], [], [], [], [], [], [], [], [], [], [], [], [], [], [], [], [], [], [], [], [], ["lash"], [], [], [], [], [], [], [], [], [], [], [], [], [], ["strap"], [], []], "/r/MadeOf": [[], [], [], [], [], [], [], [], [], [], [], [], [], [], [], [], [], [], [], [], [], [], [], [], [], [], [], [], [], [], [], [], [], [], [], [], [], [], [], [], []], "/r/ReceivesAction": [[], [], [], [], [], [], [], [], [], [], [], [], [], [], [], [], [], [], [], [], [], [], [], [], [], [], [], [], [], [], [], [], [], [], [], [], [], [], ["worn around waist"], [], []]}, "/r/UsedFor": {"/r/RelatedTo": [[], []], "/r/UsedFor": [[], []], "/r/LocatedAt": [[], []], "/r/FormOf": [[], []], "/r/IsA": [[], []], "/r/PartOf": [[], []], "/r/HasA": [[], []], "/r/CapableOf": [[], []], "/r/AtLocation": [[], []], "/r/HasProperty": [[], []], "/r/CreatedBy": [[], []], "/r/Synonym": [[], []], "/r/LocatedNear": [[], []], "/r/SimilarTo": [[], []], "/r/MadeOf": [[], []], "/r/ReceivesAction": [[], []]}, "/r/LocatedAt": {}, "/r/FormOf": {"/r/RelatedTo": [[], [], ["bat", "smash", "hit", "header", "vhit", "inside outr", "with spi", "blow", "on drive", "hittings", "off drive", "slugging", "hot cockles", "punch", "hammer", "slap", "stick", "whack", "club", "cue", "beat", "fight", "attack", "slice", "spank", "mallet", "brutality", "whip"]], "/r/UsedFor": [[], [], ["percussion instrument", "snare drum", "baseball", "tennis ball", "fist", "ball", "rock", "frying pa", "sports bat", "stick", "typewriter key", "pavement", "drum"]], "/r/LocatedAt": [[], [], []], "/r/FormOf": [["vhit"], ["vhit"], ["vhit", "hittings"]], "/r/IsA": [[], [], ["physical contact making event", "voluntary body movement", "action on object", "punchopencycpunching", "spanking", "whippingopencychitting as if by whipping", "cuttingopencyccutting hitting object", "caning", "clubbing", "tappingopencyctapping hitting", "hitting opponent", "whipping", "blow of individuals", "hammering"]], "/r/PartOf": [[], [], []], "/r/HasA": [[], [], []], "/r/CapableOf": [[], [], []], "/r/AtLocation": [[], [], []], "/r/HasProperty": [[], [], []], "/r/CreatedBy": [[], [], []], "/r/Synonym": [[], [], [" acthit act"]], "/r/LocatedNear": [[], [], []], "/r/SimilarTo": [[], [], []], "/r/MadeOf": [[], [], []], "/r/ReceivesAction": [[], [], []]}, "/r/IsA": {"/r/RelatedTo": [[], [], [], [], [], [], [], [], [], [], [], [], [], [], [], [], []], "/r/UsedFor": [[], [], [], [], [], [], [], [], [], [], [], [], [], [], [], [], []], "/r/LocatedAt": [[], [], [], [], [], [], [], [], [], [], [], [], [], [], [], [], []], "/r/FormOf": [[], [], [], [], [], [], [], [], [], [], [], [], [], [], [], [], []], "/r/IsA": [[], [], [], [], [], [], [], [], [], [], [], [], [], [], [], [], []], "/r/PartOf": [[], [], [], [], [], [], [], [], [], [], [], [], [], [], [], [], []], "/r/HasA": [[], [], [], [], [], [], [], [], [], [], [], [], [], [], [], [], []], "/r/CapableOf": [[], [], [], [], [], [], [], [], [], [], [], [], [], [], [], [], []], "/r/AtLocation": [[], [], [], [], [], [], [], [], [], [], [], [], [], [], [], [], []], "/r/HasProperty": [[], [], [], [], [], [], [], [], [], [], [], [], [], [], [], [], []], "/r/CreatedBy": [[], [], [], [], [], [], [], [], [], [], [], [], [], [], [], [], []], "/r/Synonym": [[], [], [], [], [], [], [], [], [], [], [], [], [], [], [], [], []], "/r/LocatedNear": [[], [], [], [], [], [], [], [], [], [], [], [], [], [], [], [], []], "/r/SimilarTo": [[], [], [], [], [], [], [], [], [], [], [], [], [], [], [], [], []], "/r/MadeOf": [[], [], [], [], [], [], [], [], [], [], [], [], [], [], [], [], []], "/r/ReceivesAction": [[], [], [], [], [], [], [], [], [], [], [], [], [], [], [], [], []]}, "/r/PartOf": {}, "/r/HasA": {}, "/r/CapableOf": {"/r/RelatedTo": [["vhammer", "hammer", "tool", "nail"]], "/r/UsedFor": [["pound nails"]], "/r/LocatedAt": [[]], "/r/FormOf": [["hammer", "vhammer"]], "/r/IsA": [[]], "/r/PartOf": [[]], "/r/HasA": [[]], "/r/CapableOf": [["break glass", "nail pieces of wood together", "hurt toes", "hit", "nail wood", "ring bells", "hurt people"]], "/r/AtLocation": [["piano", "cabinet"]], "/r/HasProperty": [[]], "/r/CreatedBy": [[]], "/r/Synonym": [[]], "/r/LocatedNear": [[]], "/r/SimilarTo": [[]], "/r/MadeOf": [[]], "/r/ReceivesAction": [[]]}, "/r/AtLocation": {}, "/r/HasProperty": {}, "/r/CreatedBy": {}, "/r/Synonym": {"/r/RelatedTo": [[], [], [], [], [], [], [], [], [], [], [], [], [], [], [], [], [], [], [], [], []], "/r/UsedFor": [[], [], [], [], [], [], [], [], [], [], [], [], [], [], [], [], [], [], [], [], []], "/r/LocatedAt": [[], [], [], [], [], [], [], [], [], [], [], [], [], [], [], [], [], [], [], [], []], "/r/FormOf": [[], [], [], [], [], [], [], [], [], [], [], [], [], [], [], [], [], [], [], [], []], "/r/IsA": [[], [], [], [], [], [], [], [], [], [], [], [], [], [], [], [], [], [], [], [], []], "/r/PartOf": [[], [], [], [], [], [], [], [], [], [], [], [], [], [], [], [], [], [], [], [], []], "/r/HasA": [[], [], [], [], [], [], [], [], [], [], [], [], [], [], [], [], [], [], [], [], []], "/r/CapableOf": [[], [], [], [], [], [], [], [], [], [], [], [], [], [], [], [], [], [], [], [], []], "/r/AtLocation": [[], [], [], [], [], [], [], [], [], [], [], [], [], [], [], [], [], [], [], [], []], "/r/HasProperty": [[], [], [], [], [], [], [], [], [], [], [], [], [], [], [], [], [], [], [], [], []], "/r/CreatedBy": [[], [], [], [], [], [], [], [], [], [], [], [], [], [], [], [], [], [], [], [], []], "/r/Synonym": [[], [], [], [], [], [], [], [], [], [], [], [], [], [], [], [], [], [], [], [], []], "/r/LocatedNear": [[], [], [], [], [], [], [], [], [], [], [], [], [], [], [], [], [], [], [], [], []], "/r/SimilarTo": [[], [], [], [], [], [], [], [], [], [], [], [], [], [], [], [], [], [], [], [], []], "/r/MadeOf": [[], [], [], [], [], [], [], [], [], [], [], [], [], [], [], [], [], [], [], [], []], "/r/ReceivesAction": [[], [], [], [], [], [], [], [], [], [], [], [], [], [], [], [], [], [], [], [], []]}, "/r/LocatedNear": {}, "/r/SimilarTo": {}, "/r/MadeOf": {}, "/r/ReceivesAction": {}}}, "": {"N1": {"/r/RelatedTo": ["windowdoor", "worklabor", "butchermeat", "gallomeasure", "woundgash", "punishmentcrime and", "chickelaying", "thricerthree", "informed educated ", "closed obstructed ", "transpondianrightpondia", "mystifymystery", "audiovisualsaudiovisual"], "/r/UsedFor": ["flash artifactlight physics", "string bassplaying music"], "/r/LocatedAt": [], "/r/FormOf": ["air burstsair burst", "pot belliespot belly", "cross sectionscross sectio"], "/r/IsA": ["suburb locatioresidential district locatio", "western skink animalskink animal", "inertial mass physicsmass attribute", "leading man persoactor perso", "occasion timetime time", "tree toad animalfrog animal", "petaurista animalmammal genus animal", "torch singer persosinger perso", "drop arch artifactpointed artifact", "rottenstone substancelimestone substance", "scorpionfish animalscorpaenid animal", "temporary hookup artifactconnection artifact", "acrylic fiber substanceman made substance", "dependence statestate ", "overhand pitch actpitch baseball", "american spikenard plantsubshrub plant", "hedonist persosensualist perso", "homecoming actreunion act", "aldrovanda plantdicot genus plant", "ambystomatidae animalamphibian family animal", "assist ice hockeymaneuver act", "tithe barn artifactbarn artifact", "hypsometer artifactaltimeter artifact", "papyrus communicatiodocument communicatio", "cacodyl substancegroup chemistry", "penance actsacrament act", "rule of evidence lawrule communicatio", "usherette persousher perso", "hooks bodyhand body", "bilabial communicatiolabial consonant communicatio", "kurdish communicatioiranian communicatio", "theism cognitioreligion cognitio", "aristocrat persoleader perso", "bundesbank groupcentral bank group", "skirtform of female attire", "yardarm artifactend locatio", "supreme court lawfederal group"], "/r/PartOf": ["satachristian myth", "old testament communicatiobible communicatio", "styloid process bodytemporal bone body", "voider artifactbody armor artifact", "tower of london artifactlondon locatio"], "/r/HasA": ["baywater"], "/r/CapableOf": ["blanketscover bed", "chefbone chicke", "authorswrite books"], "/r/AtLocation": ["windowhouse", "dustcarpet", "action figuretoy department", "barbershopmall", "mouselab maze"], "/r/HasProperty": [], "/r/CreatedBy": [], "/r/Synonym": ["hawaiian honeycreeper animalhoneycreeper animal", "thing cognitiomatter cognitio", "dprk locationorth korea locatio", "gas tight air ", "get into possessioget in possessio", "west persocicily isabel fairfield perso", "sapindus drumondii plantwild china tree plant", "abls communicatiobachelor of arts in library science communicatio", "homburg artifactfedora artifact", "choking coil artifactchoke artifact", "sewerage artifactsewer artifact", "fish bowl stategoldfish state", "caddy golfcaddie golf", "moray eel animalmoray animal", "family zygnemataceae animalzygnemataceae animal", "severity attributeaustereness attribute", "hors d oeuvre foodhors food", "chukka artifactchukka boot artifact", "immunise competitioimmunize competitio", "kindling pointautoignition temperature", "corruptlyr corruptedlyr ", "lazy faineant ", "copernicia prunifera plantcarnauba plant", "log z's bodysleep body", "sworn pledged ", "palestine authority grouppalestine national group", "polyodon spathula animalpaddlefish animal", "linnaea borealis americana plantamerican twinflower plant", "stylise artstylize art", "thank youthank you very much", "infirm decrepit ", "uriniferous tubule bodynephron body", "passing actpassage act", "rio nunez coffee plantrobusta plant", "experimentation cognitioexperiment cognitio", "powerful knock do a ", "lichgate artifactlychgate artifact", "take advantage socialtrespass social", "pyrethrum plantpainted daisy plant", "take turns changealternate change", "water level locatiowaterline locatio", "fuddle stateclutter state", "insisting communicatioinsistence communicatio", "vibrate perceptioresonate perceptio", "viridity attributegreen attribute", "yarn dye changeimpress change", "balaenoptera borealis animalsei whale animal", "electron orbit locatioorbit locatio", "lillie persobeatrice perso"], "/r/LocatedNear": [], "/r/SimilarTo": ["large leafed leafy ", "captious critical ", "exaggerated increased ", "effective militaryoperational military", "tasty winey ", "fast breaking news article", "second rate inferior ", "disputatious argumentative ", "private nonpublic ", "coated glazed ", "free clear "], "/r/MadeOf": [], "/r/ReceivesAction": []}, "N2": {}}}