{"lay": {"N1": {"/r/RelatedTo": ["lie", "do ", "egg", "actio", "lie do ", "rest", "recline", "france", "bricklaying", "surface finish", "vwikten 1case", "vent pecking", "wikten 1sexual partner", "ballast", "lays", "bewavewikten 1", "wikten 1adventure", "layperso", "vwikten 8tefilla", "contabulation", "arrogate", "pop psych", "reader", "enjoin", "carpetlayer", "bed", "lapwikten 2", "embed", "repose", "carpet", "impropriation", "wikten 1rope", "vwikten 1prepare", "wikten 1lyrical", "wikten 1eggs", "monk's seam", "encradle", "laicism", "nonlaying", "vwikten 1allege", "re lay", "planching", "laying", "mislay", "reel", "deacon", "wikten 1couplet", "verger", "lector", "laity", "make book", "chestertonian", "wikten 1twist", "roofer", "vwikten 1bet", "sword", "wikten 2lake", "churchwarden", "diaconal", "lay judge", "oviposit", "wikten 1pla", "quadriparous", "vlie", "clutch initiation", "overlaywikten 1", "spiritual", "egglaying", "vwikten 8put o", "beguine", "sovereign military order of malta", "liturgy", "wikten 5poem", "ovipositors", "laic", "spanish fox", "pipelay", "vwikten 1set out", "awikten 3layperso", "lig", "secular", "laicize", "pipelaying", "hoggin", "parabolanus", "parquet", "exhorter", "nonclerical", "laid", "layest", "egglayer", "pipelayer", "contabulate", "sleeping", "eggs", "nest", "positio", "put do ", "put", "past", "lying do ", "lying", "chicke", "resting", "hens", "sleep", "past lie", "horizontal", "chickens", "like lie", "like", "resting actio", "he", "chip", "potato", "potato chip", "putting", "putting do ", "motio", "make egg", "make", "sense", "past sense", "chicken egg", "hen actio"], "/r/UsedFor": [], "/r/LocatedAt": [], "/r/FormOf": ["laid", "ylaid", "lays", "layed", "laidest", "layest", "laying", "layeth", "layedst"], "/r/IsA": ["wpriverriver"], "/r/PartOf": [], "/r/HasA": [], "/r/CapableOf": [], "/r/AtLocation": [], "/r/HasProperty": [], "/r/CreatedBy": [], "/r/Synonym": ["put do v contact", " communicatioballad communicatio", "a laic ", "v contactput contact", "repose contact", "set table", "laical", "fuck", "worldly", "layman", "wpriverwpriver"], "/r/LocatedNear": [], "/r/SimilarTo": ["nonprofessional a ", "a nonprofessional "], "/r/MadeOf": [], "/r/ReceivesAction": []}, "N2": {"/r/RelatedTo": {"/r/RelatedTo": [["cake", "untruth", "fib", "lay", "liar", "falsehood", "false", "deceptio", "deceit", "sunbathing", "lain", "pork pie", "bend truth", "buffer state", "wisker", "play games", "prevaricatio", "lapwikten 2", "cram", "pseudologia fantastica", "yanker", "pseudologize", "capwikten 1", "draw long bow", "overlie", "outbullshit", "tall story", "wikten 3false", "nontruth", "leeswikten 1", "deceiver", "prevaricate", "lie do ", "pack of lies", "reverse cowgirl position", "fibbery", "ree group", "reside", "porker", "subterposition", "vwikten 1sustainable", "string on", "vwikten 1lier", "cowgirl position", "waylay", "vwikten 1horizontal", "horse hockey", "border", "give lie", "pinocchio", "rapper", "vwikten 1surface", "vwikten 2false", "vwikten 1consist", "porky pie", "foreign"], [], ["chicke", "oval", "yolk", "white", "food", "bird", "shell", "nest", "baby", "chickens", "chick", "breakfast", "he", "round", "product", "lays", "scrambled", "ovum", "lay", "birds", "embryo", "ovothiol", "bicoid", "seed", "ova", "unbor", "breakfast food", "from chicke", "before", "laid", "chicken product", "offspring", "white oval", "roe", "boiled", "hatches", "chicken lays", "chicken baby", "hard", "hatch", "unborn chicke", "hens", "before chicke", "ball", "chicken embryo", "baby chicke", "ovipositors", "eggspot", "cysticercosis", "butter tart", "egg timer", "in vitro fertilization", "viviparous", "vitelliform", "goog", "obovate", "nurseryfish", "kugelis", "sandwich cake", "hyperovulation", "quiche", "prehatch", "three letter rule", "triaulic", "cookie dough", "century egg", "caviar", "colored egg", "ooid", "biscotin", "eggmass", "egged", "pastiera", "oviposition", "white pot", "egg waffle", "duchess potatoes", "androdiaulic", "discoblastula", "hard boil", "lactovegetarian", "germinal disk", "chef salad", "easter egger", "eggy bread", "siredon", "gamete", "boilie", "monoautochronic", "livebearer", "ovitrap", "plum gouger", "ditokous", "ovulite", "oogenus", "shrimp toast", "moonshine pudding", "copenhagen", "breading", "bibimbap", "haplodiploidy", "diandry", "ovigerous", "buddha's delight", "vitelline", "vent pecking", "eggless", "oospecies", "polyembryo", "zooplankton", "broody", "ovomacroglobulin", "intrauterine device", "nursery web spider", "platypus", "oviferous", "cross fostering", "frikkadel", "hemimetabolism", "egg bound", "frozen custard", "fustian", "tahdig", "world egg", "albuminin", "marquise", "addlewikten 2", "eggstraordinary", "aioli", "egging", "acrosin", "veganism", "egg pasta", "oograph", "eggstravaganza", "kedgeree", "ooplasm", "uniparous", "eggs", "wikten 1white", "pickled egg", "ovochymase", "egg squash", "avgolemono", "albumen", "frittata", "nonparous", "sugee cake", "prehatching", "cytoplasmic determinant", "salisbury steak", "ovaliform", "st paul sandwich", "candle", "wind egg", "vitamin b complex", "larviparous", "eggwhisk", "brood", "lobster sauce", "synovigenesis", "ectolecithal", "kottu", "hatchling", "easter egg roll", "eggnant", "prismatoolithid", "darning last", "neapolitan", "german paste", "perchery", "rumfustian", "moonshine", "vivipary", "pea maggot", "egg salad", "ootaxon", "egglessness", "dippy", "eggshell", "ichthidin", "electrical polyspermy block", "apple snow", "eggnog", "lactoovovegetarian", "discoblastic", "preformation", "bacon and eggs", "lokshen", "oodiaulic", "tuna casserole", "ovo", "paedophagous", "mirza ghasemi", "fairy butter", "friar's omelette", "germarium", "ovostatin", "gonotrophic", "megaloolithid", "fertile", "oofamily", "egg shaped", "cornpone", "arrenotokous", "clitellum", "ovipositor", "huevo", "avidin", "clutchmate", "egg matza", "ovarious", "shirr", "pekin duck", "egghot", "ovology", "vitellophage", "ovoid", "battery cage", "chivito", "strict vegetarian", "gala pie", "eggler", "frikadelle", "caudle", "ovotestis", "brood pouch", "antifertilizin", "monoovulatory", "egg ring", "biological parent", "ovulist", "archegonium", "oogonium", "farfel", "neck", "egg drop", "cackle", "monotocous", "henopause", "korokke", "robin's egg blue", "stonewort", "eclosure", "buttered beer", "icebox pie", "columbus egg", "interclutch", "ovorubin", "wiener schnitzel", "chiffon cake", "endometrium", "ephippium", "emydin", "blastomere", "adam and eve on raft", "eggery", "chorion", "tamagoyaki", "meatloaf", "shakshuka", "egg bank", "jellycoat", "strapatsada", "fatu liva", "sacher torte", "ooplasmic", "oviger", "cock egg", "brood patch", "jamaican patty", "shortcake", "omelette", "shrove tuesday", "mayonnaise", "pineapple cake", "chlordimeform", "katsudon", "larviposit", "eggah", "ovifer", "hatching", "tiropita", "spanakopita", "tonnarelli", "egg drop soup", "key lime pie", "heterosynthesis", "eccaleobion", "zift", "precocial", "fraternal", "halones", "chickenarian", "oo", "tsourekia", "quadriparous", "dizygotic", "exochorion", "poacher", "polar body", "chorioepithelioma", "paedophagy", "cackleberry", "laying hen", "lecithotrophy", "cobb salad", "pre embryo", "calas", "poultry", "ichthin", "chicken or egg question", "nonegg", "blastokinesis", "choux pastry", "tritovum", "eclosion", "pseudovum", "oozooid", "sillsallad", "lumberjack breakfast", "calmegin", "gribiche", "oometry", "extraovular", "quaq", "ovivorous", "ovoinhibitor", "long egg", "mimosa salad", "sorbet", "epigenesis", "sea grape", "battery", "eggceptional", "oviform", "eggciting"], ["action"], [], ["sleep", "nap", "break", "relax", "relaxatio", "sleeping", "take", "bed", "do ", "relaxing", "time", "stop", "work", "easy", "like", "lay", "take break", "short", "actio", "take easy", "activity", "energy", "lying", "sleep nap", "pause", "and relaxatio", "lying do ", "pedallyr", "newton's first law", "sixteenth rest", "well rested", "take it easy", "overrested", "restlessness", "r and", "vwikten 2trial", "restful", "allay", "jubilee", "wikten 1motio", "tithewikten 1", "remainder", "repose", "catch one's breath", "rested", "home", "breather", "swearwikten 3", "vwikten 2lie", "resting", "r", "wikten 1cue", "chevalet", "wikten 1absence", "rack time", "nauheim treatment", "breakwikten 1", "vwikten 2end", "setwikten 1", "vacation", "electrooculography", "requiescant in pace", "coffee break", "eighth rest", "varrest", "wikten 1annoyance", "wikten 1quiet", "adirondack chair", "ride", "sleeper cab", "muskoka chair", "unrestinglyr", "footboard", "downlying", "reposure", "nonresting", "pull in", "wikten 1tranquility"], ["lay", "nonreclining", "reclinable", "semireclined", "vdecline", "mattress", "vpositio", "reclinest", "lounge", "lay do v", "discumbency", "reclining", "reclineth", "reclines", "vbend", "vresting", "reclined", "sleeper berth", "decline", "incline", "reclination", "vlea", "clino", "accubitum", "sit back", "park", "vback", "recliner", "loll", "rest"], ["saint pierre and miquelon", "jacques chiraclocatio", "camembert", "calvados", "cognac", "champagne", "capetian dynasty group locatio", "nicolas sarkozylocatio", "country", "bellefontaine", "rouen", "picardian", "chaource", "valet de place", "beaune", "double napoleon", "percheron", "bourbon", "gallic", "ballotage", "gallo", "s\u00e8vres", "anjou", "gallican", "sauternes", "r\u00e9court", "languedoc roussillon", "angers", "franche comt\u00e9", "pino", "nantes", "bastille", "haut rhin", "francophobia", "douai", "picon", "vaux", "orne", "finist\u00e8re", "tarbes", "delphin", "basse normandie", "gravon", "shuadit", "uckange", "nord pas de calais", "saint denis", "rhone", "huguenot", "montmartre", "chartreux", "angolagate", "doubs", "grandes \u00e9coles", "narbonne", "alsace", "sequani", "beauchamp", "puy", "dijon", "plaisir", "metropolitan france", "xanrey", "peillonnex", "ar\u00e7ay", "gaul", "saint \u00e9tienne", "fontan", "le havre", "vacherin", "arc de triomphe", "pas de calais", "tressange", "triptyque", "sulpician", "yvelines", "auvergne", "alzette", "haute normandie", "catalonia", "franco", "dauphin\u00e9", "mortier", "aisne", "ardennes", "loing", "mayenne", "lieu dit", "auvergnese", "vaucluse", "frenchy", "rh\u00f4ne alpes", "oulipian", "toulon", "momier", "carros", "pastry war", "county", "spai", "capitoulate", "claret", "feuillant", "merkozy", "rennes", "amiens", "drap", "clarence", "auvergne rh\u00f4ne alpes", "choiseul", "yutz", "marseillais", "walloon", "brunstatt", "lorient", "clermont", "cherbourg", "meridional", "morbihan", "haute loire", "seneschal", "la grange", "fran\u00e7ois", "cointreau", "convulsionist", "saar", "c\u00f4te d or", "ermont", "bordeaux", "francia", "dover", "languedoc", "ari\u00e8ge", "alps", "third estate", "andorra", "aquitaine", "sillery", "tulle", "sens", "cadix", "cinsault", "eps", "marmande", "morteau sausage", "jersey", "picardy", "wallis and futuna", "roussanne", "chasseur", "saintonge", "paris syndrome", "parisian", "ch\u00e2telperronian", "gascon occitan", "savoyard", "housset", "sancerre", "french revolution", "new caledonia", "queudes", "marseilles", "besan\u00e7on", "french bread", "halluin", "basque", "capitol", "dunkirk", "trianon", "hatten", "wuisse", "alpes maritimes", "sauvignon blanc", "appendix:place names in france", "allier", "langue d o\u00efl", "poitiers", "catalan", "valence", "mulhouse", "chadron", "troyes", "ports", "bouches du rh\u00f4ne", "tours", "polysynody", "verrine", "verdun", "calais", "musketeer", "somme", "granville", "ain", "tour de france", "pays de la loire", "escadrille", "french guiana", "five nations", "hundred years war", "alpes de haute provence", "barsac", "mulhousian", "jongleur", "p\u00e9rigord", "l\u0153uilly", "vend\u00e9e", "huissier", "basque country", "luxembourg", "vou", "estr\u00e9b\u0153uf", "gilette", "barr", "bas rhin", "pau", "creuse", "beret", "dr\u00f4me", "bayonne", "seneschalty", "silicon sentier", "gallophilia", "gallo romance", "unchair", "cab\u00e9cou", "marianne", "ushant", "scheldt", "fabliau", "nice", "tabellion", "midi", "caen", "lay", "frenchism", "luray", "hauts de france", "limousin", "langlade", "lot et garonne", "bourgogne", "sarton", "saint charles", "modane", "belgium", "r\u00e9union", "gorbio", "aveyron", "pissaladi\u00e8re", "barbetism", "arg\u0153uves", "martinique", "french polynesia", "six nations", "grand", "pigeonnier", "july monarchy", "fontainebleau", "champagne ardenne", "provence", "essonne", "yenish", "bay of biscay", "franco american", "cahors", "doue", "h\u00f4tel dieu", "ille et vilaine", "city of light", "chiers", "chambertin", "monaco", "c\u00f4tes d armor", "dauphin", "juvigny", "arpitania", "belandre", "lyons", "rives", "francophilia", "haute vienne", "marne", "meuse", "navette", "charg\u00e9", "trousseau", "riviera", "lys", "corsica", "jussy", "crimean war", "girondist", "brevet", "roubaisian", "charente", "t\u0153ufles", "toulouse", "vin jaune", "eiffel tower", "francophobe", "locon", "new france", "buhl", "beauceron", "loire", "baden", "french", "petit basset griffon vend\u00e9en", "francophile", "yonne", "cadillac", "lesb\u0153ufs", "germany", "\u00e9lys\u00e9e", "carnac", "armagnac", "belleville", "montmorency", "norrois", "lot", "niort", "tenda", "grand est", "roya", "provost", "west flanders", "grand orient freemasonry", "houdan", "kemper", "fallon", "intransigentist", "loire atlantique", "puy de d\u00f4me", "vaudeville", "channel tunnel", "ancient greece", "gallicanism", "coranto", "p\u0153uilly", "boswell", "consulate", "r\u0153ulx", "neulette", "rococo", "vivitron", "sauvignon", "lorraine", "rente", "ni\u00e8vre", "intendant", "port royalist", "capitoul", "angevine", "vannes", "normandy", "fin", "h\u00e9rault", "rhodes", "french republic", "c\u00f4te d azur", "louis d or", "entente cordiale", "colmar", "frexit", "beauval", "midi pyr\u00e9n\u00e9es", "moselle", "fresnes", "pyr\u00e9n\u00e9es atlantiques", "grand marnier", "lebensraum", "gien", "didenheim", "french republican calendar", "occitanie", "guadeloupe", "avignon", "rhine franconian", "cardinalist", "ch\u00e8vre", "consul", "\u0153ting", "entrange", "navarre", "cantal", "\u00e9cossaise", "saladin tithe", "jura", "isle", "laurens", "world war ii", "robertian", "beaujolais", "camargue", "langres", "pyrenees", "la salle", "louvre", "\u00eele de france", "bienville", "gascony", "nantz", "franco prussian", "lafayette", "franc", "catalan countries", "provence alpes c\u00f4te d azur", "neuville l\u00e8s l\u0153uilly", "italy", "provence alpes c\u00f4te d azur corse"], ["brick", "bricklayings", "cement", "flemish bond", "lay", "bricklayer", "blocklaying", "english bond"], [], [], [], [], ["steady", "aggregate", "mind", "ballast wagon", "hold", "centreboard", "laid", "unballasted", "ballastage", "ballastless", "stoneblower", "gravel", "crank", "ballasts", "heavy", "gondola", "stability", "stiffening order", "membranes", "cobblestone", "concrete", "railroad", "ballasting", "deballast", "coarse", "deadweight ton", "balloo", "material", "pavers", "unballast", "weigh do v", "protected membrane roof", "guide rope", "vload", "vrailroad", "bed", "kingston valve", "vlay", "road", "vstabilize", "kentledge", "ballasted", "ship", "trim", "emotio", "provide"], ["chicke", "egg", "lay", "vlay", "bird"], [], [], [], [], ["floorboard", "contabulate", "lay"], ["vlay", "vright", "arrogated", "varrogatio", "arrogatest", "arrogance", "arrogates", "arrogating", "arrogateth", "arrogation", "vappropriate", "voneself", "varrogant", "vclaim", "varrogance"], [], ["readership", "readers", "pay by wave", "chapter book", "service", "cleric", "device", "datum", "juvenile", "chiromancer", "bookhound", "hyperfiction", "lay", "advertisement", "readerly", "lecturer", "coordinome", "teletypewriter", "field guide", "paragraphemic", "foreign language", "album", "desk", "place", "caveat lector", "break fourth wall", "conversationalization", "publisher", "intrareader", "scripton", "professor", "lector", "elementary", "quiet zone", "takeaway", "swipecard", "interreader", "read", "scarelore", "literary", "readerdom", "wreader", "church", "program guide", "fanmag", "lesso", "bookworm", "voorleser", "anthology", "proofreader", "readerless", "type in", "subreader", "book", "minor", "exercise", "narrative structure", "guardianista", "university", "recite", "primary world", "prelector", "textbook", "entry point for eye"], ["vinjunctio", "vprohibit", "prescriptive", "vlay", "vauthority", "enjoins", "vcharge", "imposition", "hight", "command", "non disclosure agreement", "vrestrai", "enjoinest", "enjoined", "enjoineth", "enjoiner", "vcommand", "vdecree", "vjudicial", "vorder", "enjoining", "vdirect", "injunction"], ["fit", "shape", "lay", "cut", "carpet"], ["sleeping", "sleep", "furniture", "mattress", "place", "pillows", "sleeping place", "sheets", "sleeping furniture", "cot", "pillow", "platform", "sleep furniture", "bedroom", "room", "sleep o", "nest", "four", "sleep place", "slept", "for sleeping", "sleeping platform", "where", "sleep i", "blankets", "surface", "cover", "rest", "has", "resting", "legs", "rectangle", "where sleep", "sleeping o", "night", "resting place", "garde", "device", "soft", "object", " artifactperson", " artifactplant botany", "sleeping thing", "slept i", "sleeping surface", "area", "sleeping device", "table", "sheet", "sleeping area", "locatio", "spot", "bedroom furniture", "covers", "sleeping i", "four legs", "slept o", "comfy", "comfortable", "blanket", "mattress place", "place sleep", "has pillows", "sleeping cot", "for sleep", "lying", "four poster", "poster", "couch", "duvet", "here", "sleep here", "do ", "square", "posts", "sleeping locatio", "in bedroom", "sleeping spot", "sleeper", "people", "pillows blankets", "cradle", "frame", "nightstand", "house", "sleepwear", "ballast", "parasequence", "co bed", "bedhanging", "uptrace", "trundle bed", "water pocket", "bedpan", "ramble", "wadi", "plant", "claybed", "crop out", "lay", "bedful", "clinophobia", "bednet", "bedlessness", "tidal flat", "utility trailer", "trestle bed", "bedwardr", "decubitus", "beds", "bedspring", "clino", "bedquilt", "pannel", "deplantation", "lie in", "bedder", "bedsite", "bedform", "canopy bed", "waywikten 1", "manji", "bedding", "osiery", "waterbed", "rhythmite", "bedrail", "hyporheic", "headsheet", "fourposter", "supper", "hostel", "high riser", "day bed", "multibed", "vpaving", "bedstead", "scratcher", "bedwarmer", "flatbed", "bedsore", "vsleep", "wall", "bedjacket", "course", "bedbound", "roust", "four point", "bedtick", "interbed", "ore", "bedpartner", "headboard", "bedwetter", "crag", "nightie", "bonnywikten 2", "childbed", "bedwear", "turn into pumpkin", "bedshare", "bedhead", "bedframe", "bunk bed", "coal"], [], ["hotlinking", "embeds", "sagenite", "embedder", "eponate", "worldsheet", "link doping", "subdatasheet", "vproperty", "hardpoint", "mesoparasite", "incrustation", "vsubset", "bed", "secretase", "arc connected", "corpuscle", "matrix", "microencapsulation", "cryoembed", "subquery", "embedding", "vcodomai", "squamodisc", "digital watermark", "vlay", "vembedded system", "vbed", "advertisement", "stokeslet", "matrix language", "vdomai", "vimage", "vfunctio", "field of fractions", "framer", "systemic", "em", "vsurround", "paraffin", "embeddedness", "nonsqueezing", "scriptlet", "paraffinize", "subliminal message", "microencapsulate", "paste", "datestone", "vencapsulate", "vmatter", "vitro di trina", "vset", "embedment", "vpreserve", "histowax", "hairiness", "vone to one", "embeddable", "zoogloea", "permutohedron", "unembedded"], ["ease", "couchancy", "peace", "ventrust", "reposal", "reposinglyr", "downsitting", "chair days", "quietness", "reposing", "reposer", "vreside", "vrest", "requiescat", "calmness", "indisturbance", "reposed", "reposedlyr", "reposes", "reposeful", "vlay", "restless", "rest", "sleep"], ["floor", "rug", "kidderminster", "covering", "floor covering", "flooring", "sofa", "carpetmaker", "cover", "shampoo", "underpad", "on carpet", "flatweave", "carpetest", "carpetmaking", "bancal", "wilton", "sarouk", "vcover", "carpet washer", "subfloor", "vlay", "carpetbag", "recarpet", "carpetless", "runner", "carpetable", "turcoman", "druggeting", "magic carpet", "coverstrip", "carpeted", "quality binding", "pubic hair", "carpeting", "carpetmonger", "kilim", "vreprimand", "shagpile", "carpet sweeper", "crumbcloth", "placeable", "broadloom", "surface", "carpetwardr", "cadene", "myrioscope", "english bluebell", "carpets", "vinstall", "transition strip", "carpetlayer", "scotchgard", "floorcare", "kiverlid", "underfelt", "fabric", "dhurrie", "farahan", "carpet fitter", "underflooring", "carpeteth", "stair rod", "vblanket", "scratching post", "carpetlike", "needlefelt", "dornick", "soft", "shaggy", "mat", "home", "hair", "thick", "thick hair", "on floor", "vacuum", "wool", "berber", "plush", "plush berber", "loops", "cloth loops", "cloth", "soft flooring", "aladdi", "grass", "ground", "ground covering", "steamer", "floor decoratio", "decoratio", "covers", "covers floor", "made fabric", "made", "yard", "houses", "fuzzy", "fuzzy flooring"], ["tithe", "impropriate", "layma", "lay", "benefice", "impropriations"], [], [], [], [], [], ["vcradle", "vlay"], ["lay", "laicizatio", "laicity", "lay perso", "laicist", "laicize", "secularism", "laity", "laywoma", "layma"], ["alay", "aegg"], [], [], ["board", "lay", "plank", "building", "floor"], ["chicke", "nest", "cable ship", "ovipositioning", "outlay", "cackle", "off lay", "gonotrophic", "vlay", "bed", "egg", "rest", "lie", "chick", "build", "he", "cement", "lazy", "grass"], ["lose one's head if it wasn't attached", "misplace", "vlay", "mislays", "vforget", "vleave", "mislayer", "mislaid", "mislaying"], ["reel in", "body cord", "wound", "swift", "stagger", "vacquire", "film", "lines", "reelless", "giddy", "vrevolve", "vcause", "cue mark", "yo", "vstagger", "trailer", "multireel", "filature", "vshakily", "dance", "cassette", "vunsteadily", "unreel", "nudge", "whirl", "vspi", "vdrunk", "tackle", "axis", "reels", "reelable", "reel up", "cappadine", "reel oven", "hank", "wintle", "baitcaster", "one reeler", "vwind", "scotland", "reelman", "stats", "spool", "sidecast", "reelinglyr", "worsted", "yar", "downrigger", "lay", "body wire", "vunwind", "push mower", "rereel", "vshock", "one armed bandit", "reeling", "two reeler", "skeining", "spoolable", "reeled", "waver", "vmake", "fishing rod", "bipack", "resume", "vbring", "strathspey", "threads", "cotton reel", "centrepin", "waggle", "wince", "fishing", "rod and", "rod", "filmstrip", "movie", "movie roll", "roll", "scottish", "jib", "scottish jib", "fishing string", "string", "for fishing"], ["deaconess", "clandestinity", "irenicon", "dalmatic", "calf", "oblationary", "vkill", "diaconal", "deaconing", "vfruit", "vcalf", "deaconed", "company", "deaconly", "clergyma", "deaconship", "protodeacon", "ablution", "vchoir", "high mass", "priest", "minister", "incorporate", "subdeacon", "orarion", "dairy", "chairma", "lodge", "vhym", "philip", "transitional deacon", "ordained", "pastor", "deaconhood", "presbyter", "lay", "diaconate", "deacons"], [], ["attendant", "tour", "interior", "dea", "dignitary", "church", "justice", "virge", "vesturer", "vergership", "guide", "sexto", "lay", "vergeress", "vergers", "bishop", "service", "verge", "usher"], ["public", "text", "lay", "lectern", "lecturer", "universities", "service", "worker", "religious", "church", "lectorship", "perso", "aloud", "read", "lectionary", "lectress", "trade unio", "lection", "reader"], ["layperso", "pastoral letter", "laicism", "laical", "synopsis", "utraquism", "monkery", "clergy", "layman", "laicist", "layma", "liturgy", "people", "clerisy", "particle", "cleric", "lay"], [], ["chesterfieldia", "atheologia", "awriter", "alay"], [], ["hot stuff", "repair", "roof", "roofers", "craftsma", "lay"], [], ["uchigatana", "fencing", "bastard sword", "backsword", "porte \u00e9p\u00e9e", "shinai", "espadon", "xipho", "kodachi", "urumi", "kindjal", "sword breaker", "spatha", "cold steel", "swordcraft", "braquemard", "swords", "tamahagane", "swordbelt", "swordmaster", "crown jewels", "tsuba", "puncto", "loom", "card", "caveating", "wootz", "put to sword", "swordmaking", "allonge", "yataghan", "swordsmanship", "tarot", "thumb ring", "matachin", "pommel", "gladial", "swordbearing", "gladen", "sworded", "faena", "blade", "chape", "khopesh", "unsworded", "suit", "colichemarde", "shortsword", "cinquedea", "weapo", "war golok", "swordplay", "kendo", "tulwar", "sheath", "lunge", "bastard", "saif", "swordpoint", "edge", "descabello", "toledo", "toxotes", "odachi", "pistol grip", "quillon", "swordproof", "furbisher", "basket hilt", "seax", "swording", "brand", "swordsmith", "macharomancy", "swordmaker", "gatka", "kalis", "swordwork", "ferrara", "scabbard", "falchion", "swordsmithing", "sword knot", "rapier", "glaive", "falcata", "measure swords", "swordless", "ironwort", "hilt", "swordfighter", "scramasax", "toadsticker", "heraldry", "hand", "swordswomanship", "lay", "sword arm", "two hand sword", "falx", "lightsaber", "swordlike", "acinaces", "sidearm", "toasting fork", "viking", "knife", "broadsword", "belt", "kissaki", "cutlass", "bladesmith", "shabble", "xiphoid", "pinking iron", "buckler", "sword fighting", "schiavona", "weapon", "weaponsmithing", "kopis", "accoll\u00e9", "ensiform", "sabrage", "scimitar", "spadroon", "court sword", "longsword", "estramacon", "swordfight", "excalibur", "crossguard", "zweih\u00e4nder", "xiphos", "khanda", "arcana", "heavy cavalry", "badelaire", "swordster", "curtana", "makhaira", "dandiya", "ensate", "machete", "pell", "macahuitl", "kujang", "languet", "macana"], [], ["church warden", "churchwardenship", "officer", "affair", "parish", "churchwarden pipe", "churchwarden's pew", "kirkmaister", "sidesman", "lay", "vestry", "churchwardens", "churchwardenly", "episcopal", "secular", "church of england"], ["deaconess", "deacon", "adiaconate", "adeaco", "alay", "aclergy"], [], ["oviposits", "vlay", "ovipositing", "veggs", "ovipositor", "vovipositor", "vovipositio"], [], ["alay", "aoffspring", "aegg"], [], [], [], ["new age", "acharya", "seize day", "oversoul", "baptise", "mediumic", "intellectual", "qareen", "ministry", "karezza", "kum nye", "phantomize", "unspiritual", "indicavit", "ashrama", "remodernism", "renunciant", "siddha", "gossipred", "atemporal", "mysticism", "consistory", "otherworldly", "law of love", "anagoge", "baba", "age of aquarius", "residual", "churchianity", "pleroma", "nonspiritual", "ghostly", "jihad", "clairgustance", "despiritualize", "gospel music", "spiritualize", "mandala", "corporealist", "deprivation", "bioenergy", "regeneration", "aincorporeal", "idren", "acedious", "daily devotional", "unalome", "african america", "monergism", "rainbow body", "exercitant", "techno shamanism", "worldling", "daily bread", "soulsick", "style", "energy field", "pastoral charge", "endocannibalism", "spissitude", "dragonborn", "aholy", "amental", "animastic", "feng shui", "incorporate", "spirituality", "spiritualist", "banishing", "daimonic", "charism", "arhat", "rematriation", "see light", "wood spirit", "born again", "soulmate", "material", "spirituals", "chakra", "guruji", "laying on of hands", "new thought", "metanoia", "watchnight", "spiritualism", "karakia", "spiritly", "kything", "aponia", "innernet", "mystical", "supersubstantial", "introvert", "hydrolatry", "panspirituality", "audit", "christian science", "anagogy", "pneumatic", "spiritual incest", "apure", "naqshbandi", "a", "art therapy", "ori", "barakah", "eclectic wicca", "regenerate", "mundane", "file past", "sadhaka", "renovationism", "faith healer", "spiritual naturalist", "sadhana", "inau", "sawdust trail", "spiritualness", "renovationist", "grihastha", "charmstone", "vehicle", "ibogaine", "hylic", "ultraspiritual", "new religious movement", "unworldly", "asupernatural", "unfleshly", "alay", "entheogen", "bildungsroman", "amaterial", "palingenesis", "sannyasa", "razana", "pseudospiritual", "bliss ninny", "worldly", "antispiritual", "nation of islam", "pneumatology", "carnalize", "spiritual naturalism", "siddhi", "faustian bargain", "law of one", "fetish", "illuminati", "aspirit", "pre cana", "imzadi", "opus operatum", "aintellectual", "\u015bar\u012bra", "money machine", "sell one's soul", "wayside pulpit", "sattva", "introverted", "this worldly", "adi guru", "francisca", "e meter", "kalokagathia", "uplift", "kabalarian", "neigong", "asoul", "co creating with god", "wisdom", "kamuy", "superspiritual", "ghostking", "akashic records", "psychograph", "gnostic", "aecclesiastical", "agnosy", "dualism", "odyssey", "agod", "burgh of regality", "bwiti", "buddhist", "asacred", "rector", "religio", "faith", "pastor", "angel", "pray", "miracle", "bless"], ["aoviparous", "aegg", "alay", "alivebearing", "placentation"], [], ["religious", "lay", "beghard", "beguines", "west indies", "dance", "semimonastic", "order", "music", "rumba", "beguinage", "christia", "ballroom"], [], ["religio", "euergetism", "latin rite", "missa cantata", "farse", "derdeba", "sanctus", "misereatur", "sacrament", "ritual", "antecommunion", "liturgics", "delatinization", "high church", "concert performance", "book of common prayer", "antiphonal", "prescribe", "liturgist", "extra liturgical", "preface", "liturgies", "greek orthodox", "liturgical", "church", "liturgicallyr", "biretta", "gloria", "manuterge", "yajurveda", "laity", "nocturn", "irenicon", "schola", "daven", "liturgy of hours", "versicle", "lay", "mass"], [], ["egg", "tubular", "orga", "lay", "ovipositor"], ["aclerical", "clergy", "laicity", "laicality", "laics", "laicistic", "alay", "alayperso", "layperso"], [], ["pipe", "pipeline", "lay"], [], [], ["vlie", "vlay", "vligger"], ["secularism", "profane", "tusculan", "church", "official", "disgodded", "supersecular", "nonsecular", "laicity", "dati", "semisecular", "benefit of clergy", "layma", "choir", "humanism", "regular", "hall", "fullerian", "laicistic", "baath", "along term", "laicist", "secularity", "carnal", "protopope", "chaverim", "winterval", "functio", "vocal", "ba'th", "ba ath", "antisecular", "contrafactum", "air de cour", "black clergy", "anon periodic", "aorder", "rule", "sickular", "christmas", "heartical", "atemporal", "mindfulness", "ecclesiastic", "haredi", "ghostly", "secularize", "chrimbo", "department", "areligious", "nonreligious", "dominionism", "atlantium", "clergyma", "clericalism", "common era", "commote", "unworldly", "branch of government", "kawaida", "alay", "anticultist", "churchwarden", "desecularize", "acivil", "amonastic", "dereligionize", "unsecularize", "sultan", "pro secular", "chopchurch", "unsecular", "kulturkampf", "haredi judaism", "aworldly", "atimeless", "worldly", "secularlyr", "aclerical", "parareligion", "airregularity", "seminary", "glee club", "secularness", "monastic"], ["vconvert", "vlaicizatio", "vclergy", "laicizes", "vlaicism", "vlaywoma", "vsecularize", "vlay", "vchurch", "vlay perso", "vlayma", "laicization", "laicism", "laicizing", "vreduce", "unlaicized"], ["pipe", "pipelayer", "lay", "pipeline"], ["path", "sand", "clay", "base", "gravel", "mixture", "pavement", "lay"], ["assistant", "sick", "lay", "clergy"], ["woode", "parquetry", "theatre", "europea", "parquet circle", "branch", "parquets", "administrative", "coulisse", "prosecutio", "orchestra", "stock exchange", "vfit", "vlay", "bourse", "floor", "parqueting", "parqueted", "government"], ["lay", "preacher", "exhorters"], ["achurch", "alay"], ["egg", "aparallel", "aline", "reserved track", "aribbed", "minefield", "ballast", "creamlaid", "vlay", "header", "nest", "road"], ["vlay"], ["lay", "organism", "egg", "livebearer"], ["gas", "pipelaying", "politicia", "pipe", "conduct", "lay", "water"], ["vlay", "vcontabulatio", "contabulation", "vfloorboard"], ["bed", "dream", "rest", "camp", "dormitory", "bedroom", "room", "mattress", "unsleeping", "aasleep", "couchette", "lodging", "flat out", "nightcap", "reticular formation", "blanket", "camper", "sleepness", "unawakened", "caboose", "daycoach", "crib", "sleep schedule", "bunk together", "vsleep", "dormant", "wakeful", "actigraphy", "bunkhouse", "insomniac", "in arms of morpheus", "beauty", "lay", "night", "home", "hotel", "pillow", "nightgo ", "berth", "lie", "comforter", "bear", "dreamer", "furniture", "slumber", "coffi", "cradle", "apple", "ether"], ["nest", "chicke", "chick", "cake", "sponge cake", "hatchery", "oophagy", "hot pint", "sitting", "mother hen", "spoonbread", "depression cake", "oviposit", "off lay", "pound cake", "vegg", "egg sandwich", "ni\u00e7oise salad", "female", "full english breakfast", "egg", "lay", "roe", "quail", "bird", "yoke", "he", "yolk", "rabbit", "basket", "rice", "doze", "noodle", "beau", "bread", "spatula", "albumi"], ["birds", "bird", "home", "eggs", "twigs", "house", "tree", "bird home", "birds home", "sticks", "bird house", "trees", "dwelling", "egg", "bed", "baby", "place", "bowl", "birds house", "twig", "baby birds", "straw", "in tree", "branches", "leaves", "for birds", "bird eggs", "in trees", "grass", "bird bed", "birdhouse", "bird dwelling", "animal", "housing", "holder", "egg holder", "round", "birds eggs", "made", "structure", "sticks twigs", "twigs leaves", "basket", "bird place", "holds", "laying", "natural", "hatching", "animal home", "holds eggs", "nursery", "bird housing", "living", "egg home", "mud", "for eggs", "internidal", "inquiline", "nestmaking", "vneat", "retreat", "nester", "renest", "precocial", "nestmate", "unnest", "domicolous", "nestbuilding", "leaflitter", "hangnest", "tyrant", "fish", "paglia e fieno", "nestable", "monodomy", "castlebuilder", "cylindroma", "broody", "nidulant", "jet ant", "penduline", "positio", "disnest", "nestful", "nestless", "vbuild", "pasta", "nesting", "beambird", "haunt", "callback hell", "nidify", "sand wasp", "incubate", "extranidal", "supercolony", "soldier", "award", "habitual", "vfit", "guardia", "hatch", "nidulation", "termite bug", "star height", "snug", "weaverbird", "stickleback", "nestest", "nesteth", "vinside", "vsettle", "duck ant", "eastern tent caterpillar", "thornbird", "cassican", "guest", "vespiary", "salangane", "communistic", "nests", "eggery", "misnested", "nestlet", "carpenter ant", "circular", "mousebird", "nest scrape", "organ of chievitz", "neossine", "arribada", "kleptoparasitism", "megamind", "neurothekeoma", "vsuccessive", "nested", "trogon", "ant", "hangbird", "leaf cutter bee", "comfortable", "cubilose", "vplace", "tarantula killer", "ranaspumin", "stockwork", "resort", "nonnesting", "nidicolous", "rice", "residence", "intranidal", "nestlike", "rear", "cotton mouse", "amphibia", "paussine", "nestle", "brood patch", "bower bird", "mammal", "young", "parent", "oligogyny", "insect", "termite", "halcyon", "eyrie", "machine gu", "esculent swallow", "unicoloniality", "nestwardr", "de", "scrape", "polydomy", "pyramid of doom", "nidification", "cozy", "bid", "nide", "nidifugous", "dulosis", "vhunt", "deposit", "unnestle", "nidiform", "hideout", "number", "fall webworm", "sociable weaver", "fortified", "unnested", "nidus", "nidificate", "laying eggs", "building", "circle", "inside", "birds live", "live", "chicks", "holding", "has", "mess", "twigs sticks", "stick", "habitat", "resting", "eggs i", "birds i", "bird nursery", "eggs inside", "lay", "where", "egg place", "bird made", "birds bed", "feathers", "tree branches", "chick", "twigs grass", "bunched twigs", "bunched", "branch", "birds make", "make", "homes", "shelter", "holding eggs", "incubator", "twigs eggs", "home birds", "straws", "has eggs", "by birds", "bedding", "eggs twigs", "tree branch", "bro ", "made twigs", "primate", "built", "lair", "bird lair", "donut", "twiggy", "birds dwelling", "breeding", "mother bird", "mother", "pouch", "bird building", "twig pile", "pile", "with eggs", "tree home", "constructio", "abode", "leaves twigs", "twig bowl", "babies", "feathered", "birdie", "birdie home", "birds homes", "small", "sticks leaves", "where eggs", "sparrow", "resting place", "lay eggs", "sleep", "under birds", "under", "hand", "bird lives", "lives", "cushio", "egg cushio", "net", "twig net", "baby birdhouse", "bird structure", "animal dwelling", "hat", "on tree", "twigs mud", "hatching eggs", "litter", "straw bowl", "birds rest", "rest", "keeping eggs", "keeping", "birds lay", "bird habitat", "branches twigs", "wove", "accommodatio", "bird accommodatio", "furniture", "where birds", "animals", "from birds", "twiggy de", "agai", "home bird", "birds build", "build", "what", "their", "twig structure", "the", "twig house"], [], [], ["place", "golf", "actio", "placing", "connect", "shot", "position", "beslipper", "dispose", "label", "putteewikten 2", "park", "beshoe", "go to bed", "squeeze", "insert", "call spade", "message in bottle", "collar", "vwikten 1acceptance", "vwikten 1place", "lobwikten 1", "strangle", "slotwikten 2", "distrust", "misplaced", "regulate", "tried", "call", "new front", "transistor", "put up with", "puts", "vwikten 1bring", "bundle", "vwikten 1state", "small leader", "untried"], ["history", "ago", "memory", "time", "beyond", "recent", "before", "a noncurrent ", "old a ", "outgoing a ", "noncurrent a ", "a outgoing ", "a old ", "nonmodern a ", "present", "regret", "gone", "former", "pastless", "pastward", "paleopole", "yesteryear", "time before", "passing", "retrogressive", "selfcest", "ghost of christmas past", "forbyr", "pasts", "novikov self consistency principle", "folk etymology", "paleoecological", "confront one's demons", "retrophile", "aprevious", "preterite", "backshift", "forepassed", "period", "formerlyr", "dendrohydrology", "time machine", "backwards time machine", "conscience money", "sneak past", "pastwardr", "historicallyr", "overrun", "yestertide", "one time", "apperception", "mneme", "paleosecular", "of late", "reminisce", "sometimer", "pastness", "recentlyr", "talk past", "forward time machine", "ab aeternor", "past it", "past master", "long sincer", "bygone", "time out of mind", "bad old days", "go way of dodo", "nostalgia", "retroscape", "postdict", "imperfect tense", "by past", "retrovision", "past imperfect tense", "long agor", "ancient astronaut", "intertemporal", "chronovisor", "water under bridge", "parusia", "paleorecord", "archaeomagnetism", "go way of dinosaurs", "retro", "antitelephone", "autoinfanticide", "erstwhiler", "past life", "run past", "pastwardsr", "forby", "good old days", "yestermorrow", "yesterday", "old days", "earlier or", "retrospective memory", "retrophilia", "pass\u00e9ist", "rpass by", "overfly", "paleoatmosphere", "yestertime", "by now", "way back when", "aago", "historic", "present perfect", "bypast", "yore", "preterite present verb", "preteritness", "already", "closed time loop", "retrospective", "bygones", "preterlapsed", "over", "backcastr", "paleobiodiversity", "one dayr", "historical", "retrodiction", "postdiction", "slip one past", "once bitten twice shy", "dpo", "go back in time", "historical present", "past tense", "back in day", "future", "arrow of time", "reach", "take back", "eternalism", "monte carlo fallacy", "time travel", "pass by", "imperfect", "prehesternal", "prehodiernal", "way back wher", "retroaction", "tense", "spoke", "long", "old", "lay", "was", "now", "before now", "veto", "bor"], [], ["bed", "rest", "honest", "accumbant", "transverse", "snow angel", "lyinglyr", "low germany", "planking", "wikten 2lie", "overlying", "untruthful", "mendaciouslyr", "hong kong", "pull someone's leg", "underlying", "subjacent", "economical with truth", "high germany", "couch potato", "awiktfr 1lie", "mendacious", "recumbent", "liar", "drama", "cut crap", "breakwater", "psychopath", "perjury", "dishonesty", "lay", "fraud", "deceit", "denial", "sleep", "politicia", "falsehood"], [], ["sleep", "bed", "grave", "unresting", "craticular", "unreposing", "interlude", "recline", "agrowth", "incumbent", "telogen", "parliamentary", "aunemployed", "relaxation time", "rest", "savasana", "rest day", "astationary", "vrest", "resting place", "nest", "lay", "camp", "seat", "vacatio", "break", "dead", "support", "dream"], ["chicke", "egg", "chick", "he", "lay", "farm"], ["bed", "dream", "rest", "night", "activity", "resting", "actio", "camp", "nighttime", "slumber", "dreams", "asleep", "nap", "eyes", "closed", "in bed", "night activity", "time", "at night", "snooze", "night rest", "snore", "somno", "conk out", "sleep debt", "sandman", "hypnogram", "hypnology", "outsleep", "somnus", "opiate", "bundling", "zed", "cosleep", "zee", "sleeplike", "waken", "somniferous", "good night", "jack nod", "saw logs", "nonsleeping", "butabarbital", "kip do v", "kleine levin syndrome", "sedate", "rem sleep", "somnolism", "nightguard", "veronal", "call it night", "sleep hygiene", "sleepwardr", "bleary eyed", "hypnosophy", "oneirodynia", "doss do v", "somnology", "nightdream", "alarm clock headache", "actigraph", "nocturnal penile tumescence", "erotocomatose", "doss", "soporific", "narco", "lodge", "unslept", "dogsleep", "hypnogenous", "twenty winks", "jigglypuff", "somnolite", "somnolescent", "narcotic", "insomnia", "sleeping", "turn in", "sleeps", "well rested", "doze", "catch", "dreambound", "sleepy sand", "slumberful", "diurnation", "somniloquist", "somnambulate", "incubus", "sleepytime", "turn into pumpkin", "hypno", "morphetic", "ferber method", "morning sleep", "hypnoid", "papaverous", "circle", "somniloquy", "wikten 2state", "microarousal", "sleepwaker", "unsleepable", "power nap", "sleepless", "hypnagogic", "somnologist", "zizz"], [], ["whitetop", "xenology", "epiblepharon", "doorsill", "universal instrument", "brotie", "tab stop", "crux ordinaria", "register", "lattice", "deck hook", "compass point", "roughness length", "monitor nozzle", "thread count", "cross garnet", "log paper", "ekman spiral", "width", "lumen method", "horizonal", "horizontals", "whizzer", "trestle", "lay do v", "horizontalize", "composite sync", "snow banner", "reel mower", "azimuthal", "run", "probability paper", "flashbar", "arcus", "light cone", "htol", "zither", "per paler", "sway bracing", "transom", "equirectangular", "driftway", "quadrate", "nonhorizontal", "stringer", "stratiform", "catenary", "stadia hair", "seam carving", "wheel of fortune", "square piano", "vthl", "stilted arch", "vinculum", "lin log", "shutter shades", "nogging", "manhattan distance", "foot rest", "girder", "e hub", "safety net", "obliquity", "nonhorizontallyr", "intertie", "ahorizo", "stringcourse", "reverse sweep", "tiltwing", "bivane", "kulintang", "syame", "oroheliograph", "groundscraper", "stakehead", "princess dress", "awinery", "alevel", "shelf cloud", "ladderback", "advection", "aflat", "hamburger icon", "cross bat", "lazy", "lying panel", "cheatline", "latin cross", "walewikten 1", "glide ratio", "scan line", "light pillar", "sweep", "seat", "crossbeam", "natant", "slope", "kanye glasses", "horizo", "atiltr", "blinker", "transcurrent", "equality sign", "marriage line", "barrel roll", "compass error", "ledger board", "twitter", "wheelbase", "rainbow flag", "tie beam", "horizontal bar", "semilog paper", "graticule", "fillet", "flighter", "maltese cross", "cross of lorraine", "go faster stripe", "dumpy level", "plagiotropic", "fall over", "vierkleur", "shadowcasting", "cut", "tricolour", "trestletree", "tumbling mill", "side to", "flatwork", "cobwork", "ridge", "hydroblading", "counting rod", "overjet", "jolley", "horizontallyr", "lier", "parallel bars", "chainstay", "catenary bridge", "short", "copperbar", "strikethrough", "ahorizontal market", "layerwikten 1", "plank sheer", "trepidatory", "hook", "ponzo illusion", "axonometric", "handscroll", "semi log paper", "square sail", "transit", "corbel table", "slog sweep", "circumferentor", "squaresail", "raftwikten 1", "insolation", "macron", "standard", "pitching piece", "retrace", "orbiculate", "altazimuth", "collar beam", "avintage", "difference quotient", "finger bar", "bressummer", "stratum", "real axis", "crosspiece", "hub plank", "scrolling", "planophile", "crossbedding", "square rigged", "hoist", "ascent", "cross spall", "gradient wind", "theodolite", "whaleback", "coachline", "groundspeed", "scamillus", "hsync", "longitudinal recording", "carlyle circle", "vitrain", "rhizome", "lawn dart effect", "larmier", "telnyashka", "spandrel", "dome", "drift", "tub wheel", "banking", "pediment", "trabea", "magnetic declination", "lines", "vertical", "subhorizontal", "paleohorizontal", "vert ramp", "horizontalness", "cornice", "aclinal", "tiltmeter", "torpedo net", "reel oven", "circumnutate", "joist", "incline", "stabilator", "aperpendicular", "fraction bar", "aparallel", "log lin", "anarcho communism", "heave", "inferonasal", "ferris wheel", "counter batten", "corkscrew", "hydrauger", "sashwikten 2", "paepae", "spirit level", "tall", "magnetic dip", "declinator", "tasmania", "ridgepole", "feather", "avertical", "pole plate", "scroll bar", "solidus", "octilinear", "atilt", "batement light", "drop leaf table", "orthogonal", "pleurodirous", "rule of thirds", "flatband", "reclination", "windowsill", "downrange", "throughflow", "semisupine", "lintel", "geostrophic", "venetian blind", "waterplane", "beam", "dygogram", "straight", "uneven bars", "triple bar", "stadimeter", "chimney breast", "tailplane", "taxicab distance", "dado rail", "across", "downranger", "horizon", "monolinear", "praxinoscope", "slatback", "multisync", "inclined", "flat", "level", "swim", "lay", "bed", "perfectly level", "perfectly", "equal", "bar", "colum"], ["egg", "farm", "n cadherin", "chicken or egg question", "chicke", "lay", "feed", "farmer"], [], ["love", "servant", "similar", "squirrel", "chicke", "enjoy", "mist", "likeness", "a equal ", "same a ", "a same ", "as", "drop", "rest", "boat", "home", "paste", "plate", "sneeze", "doll", "sheep", "daughter", "thunder", "sea", "road", "similar to", "coat", "silver", "stick", "need", "wool", "metal", "street", "test", "steam", "silk", "ti", "reminiscent", "sooterkin", "half brother", "ki", "steel blue", "xiangliu", "half sibling", "liked", "nappe", "tamavidin", "clathrate", "bicelle", "brethren", "archaebacterium", "magnetic battery", "preferrer", "canine", "clathrate compound", "bitunicate", "ratewikten 1", "such as", "likingness", "technosexual", "take against", "rolling windows", "astral projection", "pldna", "jelly bean", "bioelectronics", "hierarchical database", "octuplicate", "go off", "favourite", "fanlight", "vitrification", "lurve", "sapropel", "forelike", "liker", "calciosome", "entelodont", "dormer", "broccoloid", "bioroid", "oil shale", "mephitine", "sphaleron", "leek", "pseudovulva", "tyrant", "likes", "sovietophile", "tafone"], [], ["pronou", "male", "himself", "ma", "male pronou", "gender", "s he", "him", "perso", "they", "he'd've", "csren", "his", "he\u2019d", "he'll've", "his majesty", "he\u2019d\u2019ve", "he'sn't", "he or she", "she cats", "heat", "ha", "third person", "he\u2019s", "she", "wikten 2semitic", "his highness", "ehevi", "germany", "he's", "wikten 2syriac", "he'll", "cestuy", "his ass", "third person singular", "he've", "hakadosh baruch hu", "he cats", "third", "third perso", "masculine", "boy", "prepositio", "personal pronou", "personal", "subject", "masculine pronou", "female", "nominative", "pronoun male", "fragment", "male gender", "male subject", "gender pronou", "descriptio", "male descriptio", "addressing", "addressing ma", "adverb", "female nominative", "male prepositio", "for boy", "versio", "male versio", "balls", "male me", "masculinity", "boy pronou", "indicative", "female indicative", "man pronou", "short pronou", "pronoun ma", "short", "second", "second perso", "one male", "of ma"], ["all in", "chippable", "add on", "particle board", "earom", "wirelength", "congo bar", "chipmaking", "ring game", "whittling", "chicken bit", "biochip", "dung", "intrachip", "effective stack size", "fibreboard", "potato wedge", "fries", "vup", "woodchip", "diminutive", "nacho", "uberveillance", "coin", "tortilla chip", "nonchipping", "damage", "vchipped", "half and", "hybrid", "spallwikten 1", "wire bonder", "croupier stick", "zellige", "small scale integration", "charles", "rechip", "chipped", "chippie sauce", "takeout", "spale", "integrated circuit", "potato", "circuit", "die bonder", "microcontroller", "vengine management system", "fiberboard", "highway patrol", "computer", "large scale integration", "m ratio", "side pot", "vegetable", "potato chip", "string bet", "toke", "cryptoprocessor", "vmicrochip", "chipscanner", "chippy", "rfid chip", "chip leader", "lincoln county process", "silicon chip", "chips", "rock", "vbreak", "vchipper", "microactuator", "thixomolding", "chirping chips", "substrate", "chiplike", "cash game", "spice bag", "nanocarpet", "fish and chips", "very large scale integration", "moore's law", "interchip", "transputer", "chipping", "main pot", "bed of nails", "chippery", "ultra large scale integration", "fry up", "printed circuit board", "chip in", "snattock", "receptacle", "on die", "double dip", "supper", "strained silicon", "bubble", "twist drill", "cold deck", "medium scale integration", "christopher", "underseal", "french fries", "french fry", "gauge", "vante", "chipmaker", "dead money", "piece", "given name", "microprocessor", "chipless", "scabling", "flip chip", "cor", "cookie", "lay", "dip", "squirrel"], ["boxty", "potato virus x", "potato chip", "home fry", "tartiflette", "fish and chips", "potatoes", "lady's finger", "hasselback potatoes", "king edward", "aloo pie", "solanoid", "clam chowder", "funeral potatoes", "starchy", "mashed potatoes", "almond potato", "pringle", "tatty scone", "r\u00f6sti", "chugchucara", "aloo gosht", "home fries", "lumper", "bangers and mash", "hedgehog", "coddle", "prepotato", "idaho", "tuberin", "kabbelow", "tatty cake", "panipuri", "abgusht", "draniki", "scallop", "fauxtatoes", "gnudi", "german fries", "patatas bravas", "hot pot", "cellophane noodle", "kennebec", "massaman", "solanine", "root vegetable", "fishcake", "starch", "tatie pot", "autochrome", "tatie", "spud", "seed potato", "nonpotato", "geophyte", "spanish omelette", "aloo gobi", "potatoes and point", "cepelinas", "earlies", "rewena", "ni\u00e7oise salad", "mashed potato", "stovies", "praty", "tuber", "russet", "keema", "solanum tuberosum", "croqueta", "norfolk crop rotation", "scab", "smotheration", "bengal potatoes", "tater", "rishitin", "curry puff", "kroppkaka", "cullen skink", "ajapsandali", "spudnut", "chip", "hole", "rumbledethumps", "instant mashed potatoes", "potatoey", "pommes anna", "colorado beetle", "russet burbank", "stamppot", "vichyssoise", "fondant potato", "gaufrette", "latke", "irish stew", "torta", "dabeli", "potato cake", "fingerling", "potatolike", "tortilla", "neshannock", "flour", "dauphinoise", "butter pie", "ajiaco", "potato crisp", "melluco", "fricot", "chaconine", "aloo tikki", "spud bashing", "aloo chaat", "forfar bridie", "patatin", "fauxtato", "white potato", "new potato", "potato blight", "bluenose", "lefse", "kipfler", "camera", "kugelis", "ghoughphtheightteeau", "nikujaga", "mabby", "cottage fries", "pambazo", "roastie", "aloo", "mormon potatoes", "paprikash", "gnocchi", "roast dinner", "homity pie", "leafroll", "spudless", "spud gun", "vegetable", "americas", "bhelpuri", "nightshade", "potato pancake", "irish potato", "trinxat", "prattie", "tahdig", "fish tea", "europe"], [], ["fire brigade", "vwiktfr 1put", "crazy golf", "deployment", "wikten 2putt", "verballing", "fire department", "frog hair", "joi", "apply", "plate", "lay", "fill", "drop", "dress", "price", "stitch", "pour", "place", "account", "nest", "table", "butter", "wear", "carry", "build"], [], [], [], ["create", "manufacture", "offer", "produce", "build", "polish", "decide", "profit", "reduce", "draw", "construct", "prepare", "stretch", "copy", "choose", "wash", "creating", "extend", "kill", "deal", "actio", "productio", "do", "creatio", "vwikten 1establish", "put one's money where mouth is", "supplement", "embiggen", "ford", "m", "tithingman", "boilermaker", "tune"], ["taste", "touch", "smell", "feel", "hear", "sound", "eye", "hearing", "sight", "insensible", "ear", "liste", "nose", "empty headed", "sensualist", "intersensorial", "gustatio", "clairvoyant", "meaning", "vaware", "olfaction", "audiosensory", "tactitio", "polysensory", "sensorial", "tactical intelligence", "easiness", "unisensory", "attractive", "anti clockwise", "sensed", "clue by four", "smell test", "e skin", "sensual", "nose test", "tactus", "capitulary", "acheiria", "visualist", "diagonal mark", "olfactometer", "mindless", "reaso", "ageusiac", "subsensible", "autosensing", "sentient", "analgesia", "extrasensorilyr", "awareness", "heady", "wantwit", "victorious", "vinstinctively", "empiricism", "audial", "lug", "sensate", "firstspace", "visio", "blow smoke", "thought", "tactile", "ability", "stupor", "distinctive", "supersense", "misacceptation", "contextualization", "foolish", "strong", "disorientation", "polarity", "vfeel", "multisense", "auditio", "equilibrioceptio", "whifty", "sensory", "phi", "perceptualize", "cognition", "equilibratory", "vcomprehend", "transmodal", "good head on one's shoulders", "lateral line", "gustatory", "perceptic", "dunam", "appreciatio", "illogical", "decadal", "senseth", "trepopnea", "perceive", "vtaste", "tactual", "anaphia", "acoumeter", "olfactio", "intersensory", "mechanosensillum", "head", "agnosia", "mind's ear", "narcotize", "nociceptio", "heaven", "religion", "envirotactic", "audition", "sensoribehavioural", "bisensory", "haptic", "macrosmatic", "sensoriallyr", "apprehensio", "scent", "supersensual", "in way", "chemosensory", "senses", "sensibility", "idiocy", "value", "proper", "feel in one's bones", "gormless", "presence of mind", "five senses", "chronoclasm", "intangible", "baresthesiometer", "nonism", "translation", "consulship", "smell rat", "psychosensory", "citizenship", "conscience", "sensation", "referent", "trisensory", "abridge", "chemosensation", "farsee", "sensitive", "photosensation", "confused", "proprioception", "objectify", "sensical", "feeling", "dogpile", "wonder", "thought form", "sensualization", "soundiness", "moral compass", "anschauung", "sensibilia", "vwatch", "perspective", "interoception", "snoof", "goshwow", "vbiological", "ocularcentrism", "sensely", "polymodal", "modifier", "blather", "sensoritopic", "chemotactile", "interpretation", "consulate", "ambisense", "thermoceptio", "bleary", "unsensed", "sensationalism", "visuoauditory"], [], [], []], "/r/UsedFor": [[], [], ["food", "rolling on white house la ", "cooking", "breed", "make omelet", "nurturing", "hiding at easter", "sexual reproductio", "make breakfast"], [], [], ["going to sleep", "hotel room", "hotel", "sleeping", "sleeping at night", "sitting do ", "motel"], [], ["preservation of french"], [], [], [], [], [], [], [], [], [], [], [], [], [], [], [], [], [], ["have sex", "resting o", "making love", "sheet", "lie do ", "fucking i", "lying do ", "having sex i", " artifactsleep stative", "napping o", "reading i", "laying do ", "resting", "sit o", " artifacthold stative", "napping", "trampolining o", "watching tv", "demonstrate virility", "getting better i", "taking afternoon nap"], [], [], [], ["walking o", "covering floor", "insulatio", "rug artifact contact", "cover floor", "flooring", "walk o", "soft surface for feet", "sitting or kneeling o", "saving floor", "reducing vibrations", "decorate walls", "cover old linoleum floor", "room decoratio", "shampooing", "protecting feet from floor", "provide comfort", "dogs to soil", "decoratio", "soften steps", "laying on floor", "covering ugly floor", "decorating apartment", "covering bloodstains on wood floors", "fleas to hide i", "decoration of home"], [], [], [], [], [], [], [], [], [], [], [], [], [], [], ["help catch fish", "bring in caught fish"], [], [], [], [], [], [], [], [], [], [], ["killing", "fencing", "fence with", "killing people", "cutting", "stabbing", "kill", "sticking", "chopping up enemies", "decorate wall", "ceremony", "looking cool", "wounding"], [], [], [], [], [], [], [], [], [], [], [], [], [], [], [], [], [], [], [], [], [], [], [], [], [], [], [], [], [], [], [], [], [], [], [], [], [], ["master bedroom", "hotel", "sofa hide bed", "motel", "loft", "relaxing", "couch", "pillow", "place to stay", "sofa", "accommodations", "hotel room", "recovering", "dreaming", "getting rest", "rest", "passing time", "cave", "ranch house", "gaining energy", "bungalow", "resting body and mind", "watch televisio", "replenishing neurotransmitters", "boarding room", "recuperating", "sheet", "becoming rested", "hostel", "bedroom", "regeneratio", "lazy", "train statio", "escaping from world", "taking break from work", "passing hours of dark", "snoring", "relaxatio", "rejuvinatio", "babies", "sofabed", "satiating need for sleep", "duvet", "staying in bed", "resting", "feeling better", "yoyo", "train seat", "rejuvinating body", "maintaining health", "rejuvenating", "bench", "cot", "rejuvenating body", "village", "restoring mind", "wasting time", "making tired people less", "re energizing", "not being tired", "maintaining sanity", "lodgings", "letting body rest", "restoring body", "beanbag chair"], ["create paint"], [], [], [], [], [], [], ["deceiving", "manipulating", "cheating", "deceptio", "deceit", "hiding truth", "cowards", "cheats", "manipulatio", "evading consequences", "when truth can harm", "deceiving people", "misguiding", "harming", "confusion and mystery", "deceipt", "protect one's self from punishment", "achieving one's goals", "unsavory people", "concealing truth", "liars", "fooling else", "cheaters", "tricking", "averting", "resting", "people of low character", "getting who one wants", "avoiding truth", "saving yourself", "pretending", "people with mental problems", "nonsense", "take advantage of other people", "being kind to", "avoiding responsibility", "telling story", "decieving", "getting away with things"], [], ["regaining energy", "chair", "stool", "relaxing", "going to sleep", "taking nap", "bed", "motel", "sitting do ", "dreams", "rejuvenatio", "being refreshed", "relaxatio", "sleeping", "bench", "new perspective", "recovering from illness", "thinking", "de", "rejuvinatio", "staying in bed", "fighting diseases", "getting strength back", "sitting quietly", "recharging batteriies", "eating breakfast in bed", "restoring energy", "sitting on chair", "armchair", "healing of injuries", "refreshment", "letting body recover", "recovery of energy", "eliminating fatigue", "place to stay", "going into trance", "drinking cup of tea", "beanbag chair", "cooling off", "room", "reading book", "lying", "saving energy", "taking pause", "peace", "sleeping at night", "preparing for event", "becoming rested", "taking break", "regrouping", "regaining strenght", "dreaming", "stopping", "letting mind recover", "stopping bicycle", "rocking chair", "restoring yourself phsically and mentally", "pool", "bus shelter", "tired persons", "staying in one state", "watching televisio", "seat", "staying at one place", "recuperating"], [], ["sofabed", "bed artifact stative", "hotel", "duvet", "room", "master bedroom", "home", "theater seat"], [], [], ["crossing street"], [], [], [], [], [], ["power special clock", "eating"], [], ["club"], [], [], [], [], ["detector artifact perceptio", "stopping standing i"], [], [], []], "/r/LocatedAt": [[], [], [], [], [], [], [], [], [], [], [], [], [], [], [], [], [], [], [], [], [], [], [], [], [], [], [], [], [], [], [], [], [], [], [], [], [], [], [], [], [], [], [], [], [], [], [], [], [], [], [], [], [], [], [], [], [], [], [], [], [], [], [], [], [], [], [], [], [], [], [], [], [], [], [], [], [], [], [], [], [], [], [], [], [], [], [], [], [], [], [], [], [], [], [], [], [], [], [], [], [], [], [], [], [], [], [], [], [], [], [], [], [], [], [], [], [], [], [], [], [], [], [], [], []], "/r/FormOf": [["lies"], [], ["eggs", "egged", "egging"], [], [], ["rests", "reest", "resteth", "restest", "resting"], ["reclined", "reclining", "reclines"], [], ["bricklayings"], [], [], [], [], ["ballasted", "ballasts", "ballasting"], ["vlay", "lay"], [], [], [], [], [], ["arrogating", "arrogates", "arrogated"], [], ["readers"], ["enjoinest", "enjoineth", "enjoins", "enjoining", "enjoined"], ["carpetlayers"], ["beds", "beddeth"], [], ["embeds", "imbed", "embedding", "embedded"], ["reposest", "reposed", "reposeth", "reposing", "reposes"], ["carpets", "carpeted", "carpeting"], ["impropriations"], [], [], [], [], [], ["encradles", "encradled", "encradling"], ["laicisms"], [], [], [], ["planchings"], ["vlay", "layings"], ["mislays", "mislaid", "mislaying"], ["reels", "reelest", "reeled", "reeleth", "reeling"], ["deaconing", "deaconess", "deaconed", "deacons"], [], ["virger", "vergers"], ["lectors"], ["laities"], [], ["chestertonians"], [], ["roofers"], [], ["swords"], [], ["churchwardens"], [], [], ["ovipositing", "oviposits", "oviposited"], [], [], [], [], [], ["spirituals"], [], [], ["beguines"], [], ["liturgies"], [], ["ovipositor"], ["laics"], [], ["pipelays"], [], [], ["ligged", "ligs", "ligging"], ["seculars"], ["laicise", "laicized", "laicizing", "laicizes"], [], ["hoggins"], ["parabolani"], ["parquets", "parqueting", "parquette", "parqueted"], ["exhorters"], [], ["vlay"], ["vlie", "vlay"], ["egglayers"], ["pipelayers"], ["contabulating", "contabulates", "contabulated"], ["vsleep", "sleep", "sleepings"], ["egg", "vegg"], ["nests", "nested", "nesteth", "nesting"], [], [], ["puts", "puttedst", "putting", "puttest"], ["pasts"], [], ["lieing", "lyings"], [], ["vrest", "rest", "restings"], ["hen", "he"], ["sleeps"], [], ["horizontals"], ["vchicke", "chicke", "chicken"], [], ["likes", "likest", "likey", "liker", "likedst", "liked", "liking"], [], ["hei"], ["chips", "chipped", "chipping"], ["potatoe", "potatoes", "p'tater"], [], ["put", "puttings"], [], [], [], ["makes"], ["sensing", "senses", "sensed", "senseth"], [], [], []], "/r/IsA": [["deceptio", " locatioposition locatio", "false statement", "white lie communication communicatio", " communicatiofalsehood communicatio", "fib communication communicatio", "whopper communication communicatio", "jactitation law communicatio", "saying porcupines not mammals", "cake", "falsehood"], [], ["chicken egg", "humpty dumpty", "silkworm seed animal", " animalovum body", "spaanimal", "roe animal", "weeb", " foodfoodstuff food", "nit animal", "food", "weeaboo", "bird egg", "egg fish", "single biological cell", "animal or body part", "convex tangible object", "gamete", "opencycegg foodstuffraw edibles"], [], [], ["lie in act", "armrest artifact", "bedrest act", "whole rest communication communicatio", " actinactivity act", "chin rest artifact", "quiescence act", " artifactsupport artifact", " communicatiomusical notation music", "half rest communication communicatio", "headrest artifact", "quarter rest communication communicatio", "leisure act", " stateinaction state", " statedeath state", "laziness act"], [], ["country", "country in europe"], [" actmasonry act"], [], [], [], [], [" substancegravel substance", " artifactelectrical device artifact", " artifactmaterial substance", " attributeattribute"], [], [], [], [], [], [], [], [], [" persoscholar perso", " persoliterate perso", "map reader person perso", " communicatiotextbook communicatio", "decipherer person perso", "bookworm person perso", "mcguffey eclectic readers communication communicatio", "skimmer person perso", "person", "book"], [], [], ["place", "furniture", "double bed artifact", "platform bed artifact", "murphy bed artifact", "ore bed object geology", "turnip bed artifact", "sleigh bed artifact", "marriage bed artifact", "deathbed artifact", "asparagus bed artifact", "cot artifact", "hammock artifact", "railroad bed artifact", "four poster artifact", "sickbed artifact", "hotbed artifact", " objectnatural depression object", "couch artifact", "streambed object", "seedbed artifact", "find inside", "roadbed artifact", " geologystratum organism", "water bed artifact", "lake bed object", "single bed artifact", "berth artifact", " artifactbedroom furniture artifact", " artifactfoundation artifact", "flowerbed artifact", "riverbed object", "good place to lie", "built in bed artifact", " artifactsurface artifact", "bunk bed artifact", "ocean floor object", "trundle bed artifact", "plank bed artifact", "twin bed artifact", " artifactplot locatio", "bunk artifact", "bassinet", "bunk", "cot", "find upstairs", "dog bed", "built in bed", "bedroom furniture", "hospital bed", "good place to have sex", "full sized bed", "cradle", "twin sized bed"], [], [], ["ataraxia attribute", " attributecomposure attribute"], ["find inside", " objectnatural object", "floor covering", "wall to carpet", "softer than hardwood floor", "luxury", "luxury to most people", "usually on floor", "textile floor covering", "household furnishings"], [], [], [], [], [], [], [], [], [], [], [], [], [" processparturition process"], [], [" actsquare dance act", " artifactfilm artifact", "eightsome act", " artifactwinder artifact", "highland fling act", " communicatiodance music communicatio"], [" persoholy order state", " persoclergyman perso", "deaconess person perso", " persochurch officer perso", "permanent deacon", "priest", "wpartilleryweapon"], [], [" persocaretaker perso", " persochurch officer perso"], [" persoholy order state", " persoclergyman perso", " persoeducator perso"], [" groupmultitude group"], [], [], [], [" persocraftsman perso", "thatcher person perso", "tradesma", "tradesperson"], [], ["fencing sword artifact", "rapier artifact", "broadsword artifact", "cutlas artifact", " artifactweapon artifact", "falchion artifact", "cavalry sword artifact", "backsword artifact", "non projectile bladed weapon", "foil", "sabre", "large edged weapo", "epee", "phallic symbol", "rapier", "weapon", "primitive weapon", "close combat weapon", "weapon of war", "war golok", "foilopencycfencing foil", "samurai sword"], [], [" persochurch officer perso"], [], [], [], [], [], [], [], [], [" communicatioreligious song communicatio", "wpmusicmusic genre"], [], [], [" communicatiodance music communicatio", " roman catholicsister perso", " actballroom dancing act"], [], ["christian liturgy act", " actrite act", "orderly form of worship"], [], [], [], [], [], [], [], [], [], [], [], [], [], [" artifactseating artifact", " artifactfloor artifact"], [], [], [], [], [], [], [], ["sleep talking act", "sleepwalking act", "nap act", "doze act", " cognitiosleep state", " actbodily process", "bluebird", "holing up", "sleeping late", "sometimes rains while", "estivating", "state of unconsciousness", "oversleeping", "relaxingopencycresting relaxing", "when perso", "taking night's sleep", "most ofte", "involuntary bodily function", "taking nap", "practice bundling"], ["food", "sort of round", "biological cells", "one product of chicken farm", "candled to view inside egg", "smaller than animals"], [" locatioretreat locatio", "bird's nest object", " objectnatural object", "mouse nest object", " artifactfurniture artifact", "sleeper nest group terrorism", "drey object", "nidus object", "beehive object", " terrorismgang group", " artifactgun emplacement artifact", "shelteropencycshelter constructio", "beehive", "bird's nest", "artifact animal created", "shelter for birds"], [], [], [], ["yesterday time", "preterit linkdef communicatio", " communicatiotense communicatio", "history time", "old time", "yore time", "bygone time", " timetime", " timetime period time", "time immemorial", "auld langsyne time", "memory", "history"], [], [" actfalsification act", "fibbing act", "informing", "low lying", "trying to lie", "saying", "communicating", "intelligent agent activity", "bad actio", "opencyclying physicalchanging posture", "romancing", "pretending", "vice for"], [], ["having rest"], [], ["orthodox sleep state", "sleeping cognition state", "kip time", " statephysiological state", "shuteye state", "paradoxical sleep state", "beauty sleep time", " timetime period time", "people who"], [], [" linkdeforientation linkdef"], ["animals"], [], [" cognitiokind cognitio", "approval", "affection", "nothing here", "unix like", "fun"], [], [" communicatioletter communicatio", "thon", "hu", "ze", "xe", "wpshort storywritten work"], ["biochip artifact", "microprocessor artifact", "gene chip artifact", "blue chip artifact", " seafaringfloat artifact", " golfapproach golf", " artifactcounter artifact", "memory chip artifact", " objectdroppings substance", " artifactsemiconductor device artifact", " foodsnack food", " actbreakage act", "potato chip", "prepared solid food", "corn chip", "snack food", "flake", "wpmagazinemagazine"], [" foodstarches food", "baked potato food", "uruguay potato food", " foodsolanaceous vegetable food", " plantvine plant", "mashed potato food", "french fries food", "home fries food", " foodroot vegetable food", "food ingredient", "food", "opencycpotato foodstuffvegetable", "starch", "vegetable", "root"], [], ["elevator ridingopencycputting somewhere", "putting into elseopencycputting somewhere", "opencycputting somewherecomplete translation", "dismountingopencycputting somewhere", "opencycputting somewhereguiding", "physical collecting eventopencycputting somewhere", "desktop monitor placementopencycputting somewhere", "imbricatingopencycputting somewhere", "putting onto elseopencycputting somewhere", "taking out garbageopencycputting somewhere", "positioningopencycputting somewhere", "administering drugopencycputting somewhere", "sitting do nopencycputting somewhere", "opencycputting somewherechange of location", "pilingopencycpiling putting somewhereopencycputting somewhere", "smugglingopencycputting somewhere", "loadingopencycputting somewhere", "getting dressedopencycputting somewhere", "replacement eventopencycreplacing objectopencycputting somewhere", "opencycputting into certain statebecoming", "hangingopencycputting somewhere"], [], [], [], [], ["sight", " cognitiofaculty cognitio", "seeing", "sensitivity physiology cognitio", "word meaning communication communicatio", "sense of direction cognition cognitio", "sense of responsibility cognition cognitio", " communicatiomeaning communicatio", " cognitioappreciation cognitio", "modality cognition cognitio", " cognitioawareness cognitio"], [], [], []], "/r/PartOf": [[], [], ["egg white food", "yolk animal", "shell", "shell object food", "egg yolk food", "chalaza animal", "yolk"], [], [], [], [], ["europe", "seine object locatio", "nice location locatio", "orleans location locatio", "limousin location locatio", "poitou charentes location locatio", "normandie location locatio", "lyon location locatio", "maginot line artifact locatio", "gascogne location locatio", "grenoble location locatio", "valenciennes location locatio", "pays de la loire location locatio", "garonne object locatio", "rhine object locatio", "nord pas de calais location locatio", "saone object locatio", "versailles artifact locatio", "toulouse location locatio", "franche comte location locatio", "anjou location locatio", "french region location locatio", "auvergne location locatio", "dijon location locatio", "loire object locatio", "toulon location locatio", "tours location locatio", "meuse object locatio", "sambre object locatio", "riviera location locatio", "vienne location locatio", "alps object locatio", "cannes location locatio", "paris location locatio", "savoy location locatio", "chablis location locatio", "mont blanc object locatio", "scheldt object locatio", "loire valley object locatio", " locatioeurope object", "provence location locatio", "bourgogne location locatio", "alsace location locatio", "rhone alpes location locatio", "midi pyrenees location locatio", "artois location locatio", "calais location locatio", "massif central object locatio", "centre location locatio", "rhone object locatio", "lascaux object locatio", "ile de france location locatio", "aquitaine location locatio", "midi location locatio", "avignon location locatio", "rheims location locatio", "corse location locatio", "lille location locatio", "bretagne location locatio", "versailles location locatio", "cherbourg location locatio", "le havre location locatio", "pyrenees object locatio", "chartres location locatio", "nancy location locatio", "isere object locatio", "marseille location locatio", "languedoc roussillon location locatio", "bordeaux location locatio", "champagne location locatio", "vichy location locatio", "brest location locatio", "nantes location locatio", "lake geneva object locatio", "picardie location locatio", "orleanais location locatio", "lorraine location locatio", "city of france", "bretagne", "french southern territories", "french polynesia"], [], [], [], [], [], [], [], [], [], [], [], [], [], [], [], [], [], ["mattress", "bedstead artifact", "mattress artifact", " artifactpress artifact", " artifactbedroom artifact", "frame"], [], [], [], [], [], [], [], [], [], [], [], [], [], [], [], [], [], [], [" artifactfishing rod artifact"], [], [], [], [], [], [], [], [], [], [], ["hilt artifact", "point shape artifact", "blade artifact", "foible artifact", "forte artifact", "haft artifact", "hilt", "armoury"], [], [], [], [], [], [], [], [], [], [], [], [], [], [], [], [], [], [], [], [], [], [], [], [], [], [], [], [], [], [" artifacttheater dramaturgy"], [], [], [], [], [], [], [], ["dream cognition cognitio", "daily routine"], [], [], [], [], [], [" timelife time"], [], ["slander"], [], [], [], ["life"], [], [], [], [], [], [], [], [" artifactcomputer computer science", "integrated circuit artifact"], [" food plant", "jacket food", "plant"], [], [], [], [], [], [], [], [], [], []], "/r/HasA": [[], [], [], [], [], [], [], ["beaches"], [], [], [], [], [], [], [], [], [], [], [], [], [], [], [], [], [], [], [], [], [], [], [], [], [], [], [], [], [], [], [], [], [], [], [], [], [], [], [], [], [], [], [], [], [], [], [], ["sharp edge", "sharp blade"], [], [], [], [], [], [], [], [], [], [], [], [], [], [], [], [], [], [], [], [], [], [], [], [], [], [], [], [], [], [], [], [], [], [], [], [], [], ["effect of rejuvinating body"], ["birds", "shell"], [], [], [], [], ["book"], [], [], [], [], [], [], [], [], ["bony necks with very little meat", "beak and feathers", "feathers", "feet"], [], [], [], [], [], [], [], [], [], [], [], [], [], [], [], []], "/r/CapableOf": [["george bush", "politicia", "people", "most people", "destroy trust", "protect identity", "hurt reputatio", "statement"], [], ["stick to skillet"], [], [], ["free to think clearly"], ["airplane seats"], [], [], [], [], [], [], ["right ship", "weight ship"], [], [], [], [], [], [], [], [], ["open book", "page through book", "mine book for idea nuggets", "read newspaper", "miss word", "close book", "choose book", "continue reading", "turn page", "continue story", "continue reading book", "page through novel"], [], [], ["provide comfort", "rest perso"], [], [], [], [], [], [], [], [], [], [], [], [], [], [], [], [], [], [], [], ["pass plate"], [], [], [], [], [], [], [], [], [], ["kill living thing", "kill perso"], [], [], [], [], [], [], [], [], [], [], ["affect physical"], [], [], [], [], [], [], [], [], [], [], [], [], [], [], [], [], [], [], [], [], [], [], [], [], [], [], [], ["lower risk of heart disease", "poached"], [], [], [], [], [], [], ["paint in corner", "lead to problems", "trying", "cost job", "anger friend"], [], [], ["produce eggs"], ["cat", "as easily", "make think more clearly"], [], [], ["cross roads", "produce eggs", "fly little", "consummed", "attempt to fly"], [], [], [], [], ["small piece of oak"], ["taste good"], [], [], [], [], [], [], [], [], [], []], "/r/AtLocation": [[], [], ["grocery store", "nest", "chicke", "chicken coop", "supermarket", "henhouse", "bird's nest", "plate", "omelet", "yolk", "hen's nest", "fridge"], [], [], [], [], ["paris", "snake", "marmoset", "cheque book", "mezzanine"], [], [], [], [], [], [], [], [], [], [], [], [], [], [], ["library"], [], [], ["cat", "dust bunny", "floor", "dust", "kitte", "shoes", "bogeyma", "monster", "house", "dust bunnies", "pillow case", "huma", "room", "dust mites", "rest area", "slipper", "neighbor's house", "junk", "hospital", "dirt", "bed sheet", "dirty socks", "snake", "lost sock", "lazy boyfriend", "empty space", "dog", "blankets pillows sheets", "loft", "slippers", "sleeping people", "bed bugs", "socks", "small dog", "old socks", "toys", "lost items", "porno", "carpet", "magazine", "apartment", "clean sheets", "frame", "dust lots of", "scary", "dirty", "linen in closet or", "magazines", "spoo", "dustball", "basement", "mits", "hotel room", "book", "sex toys", "sleeping", "people having anal sex", "bag", "trash", "pillow case i", "student", "barbie dolls", "boogie ma", "mens magazines", "kitty", "man and woma", "monster old photo albums", "continental quilt", "hair", "lost shoe", "teddy bear"], [], [], [], ["house", "carpet pad", "floor", "pad", "dust", "desk", "bedroom", "office", "dirt", "hardwood floors", "room", "padding", "church", "tack", "bed", "closet", "building", "concrete", "mites", "matting", "subfloor", "hotel", "stai", "restaurant", "rug store", "carpet padding", "bowling alley", "adhesive pad", "money", "floor padding", "bathroom", "store", "loose change", "legal suite", "grit", "floorboards", "mold", "wood", "table", "fleas", "carpet shop", "nasty", "wooden flooring", "ant", "at hotel", "landfill", "room of house", "coins", "flooring", "ash"], [], [], [], [], [], [], [], [], [], [], [], [], [], [], [], [], [], [], [], [], [], [], [], ["roof"], [], ["sheath", "museum", "collectio", "musuem", "hands of knight", "container called scabbard", "stone"], [], [], [], [], [], [], [], [], [], [], [], [], [], [], [], [], [], [], [], [], [], [], [], [], [], [], [], [], [], [], [], [], [], [], [], [], [], ["bed"], ["supermarket", "fridge", "refridgerator", "nest", "egg carto", "chicken coop", "omletts", "henhouse", "bird nest"], ["egg", "bird", "birds", "weasel", "eggs", "bee", "wasp"], [], [], [], ["story", "beanbag", "dime store"], [], ["white house"], [], [], [], [], [], [], ["farm"], [], [], [], [], ["casino"], ["kitche", "pantry", "restaurants", "root cellar", "market", "ireland", "stew", "salad", "restaurant", "produce store", "store", "potato bi", "potato sack", "soil", "grocery", "bag", "potato salad", "casserole", "apartment", "food market", "bag of potatoes", "grocer shop", "microwave", "farmer's field", "new hampshire", "bi", "refridgerator", "main course", "potato chip factory", "shopping bags", "plate", "red", "restaurant's kitche", "maryland", "iowa", "grocery market", "mesh bag", "french fries", "own home", "pot of soup", "cheesburgers", "kitchen cupboard", "fruit store", "maine", "thousands of kinds culinary dishes", "clam chowder", "produce department of grocery", "produce market", "mashed potatoes", "poraro bi", "underground", "pringles factory", "peru", "dark cold room", "stomach", "foodstore", "knish", "cold dark storage area", "french fry", "produce section of supermarket", "orego", "vegetable bi", "person's stomach", "allotment", "produce sectio", "grounf", "food", "cen", "beef stew", "sack of potatoes", "grocery bag", "produce stand", "steak house", "andes", "form of french fry", "restaraunt", "target spotting scope", "pa", "shepard's pie", "tin foil", "potato farm", "patch", "michiga", "pei", "crop", "dirt", "meatloaf", "food store", "army", "paper bag", "sink", "cooking pot", "eye", "vegetable stand", "exhaust pipe", "potato leek soup", "bushel basket", "kitchen cabinet", "vegetable market", "soufle", "dinner meal", "green grocer's shop", "steak restaurant", "bin of toys", "grocer's shop", "potato cellar", "boiling water", "garden patch", "own kitche", "recently punched face", "cellar", "vermont", "clamp", "farmer's market", "vegetable sectio", "greengrocers shop", "potato clock", "optical device", "ground before it's harvested", "mash", "chowder", "potatoe field", "spud gu", "pizza", "vegetable soup", "bowl of potato saled", "basket next to frige", "chicke", "recipe", "weirdest places", "stes", "sack of potatos", "outside", "potato patch", "grocery section of shop", "prince edward island", "germany", "stews", "grocers", "fast food restaurant", "seed catalog", "pot on stove"], [], [], [], [], [], [], [], [], [], []], "/r/HasProperty": [["false"], [], ["round", "hard boiled", "oblong shaped"], [], [], [], [], ["proud of eiffel tower"], [], [], [], [], [], [], [], [], [], [], [], [], [], [], [], [], [], ["flat"], [], [], [], ["similar to rug", "opaque"], [], [], [], [], [], [], [], [], [], [], [], [], [], [], ["similar to spool"], [], [], [], [], [], [], [], [], [], [], ["sharp"], [], [], [], [], [], [], [], [], [], [], [], [], [], [], [], [], [], [], [], [], [], [], [], [], [], [], [], [], [], [], [], [], [], [], [], [], [], ["pleasant"], ["high in cholesterol", "good for food", "very easy to break", "eaten raw", "hardboiled", "edible", "blue", "oval shaped"], [], [], [], [], [], [], ["immoral"], [], [], [], ["very important"], [], ["ceiling"], ["baked in ovens", "thin with no feathers"], [], [], [], [], [], [], [], [], [], [], [], [], [], [], [], []], "/r/CreatedBy": [[], [], ["chicke", "he"], [], [], [], [], [], [], [], [], [], [], [], [], [], [], [], [], [], [], [], [], [], [], [], [], [], [], [], [], [], [], [], [], [], [], [], [], [], [], [], [], [], [], [], [], [], [], [], [], [], [], [], [], ["blacksmith"], [], [], [], [], [], [], [], [], [], [], [], [], [], [], [], [], [], [], [], [], [], [], [], [], [], [], [], [], [], [], [], [], [], [], [], [], [], [], [], [], [], [], [], [], [], [], [], [], [], [], [], [], [], [], [], [], [], [], [], [], [], [], [], [], [], [], [], [], []], "/r/Synonym": [["prevarication communication communicatio", "rest stative", " persotrygve halvden lie perso", "v motiolie do motio", "v stativedwell stative", "pretend", "falsehood"], [], [" bodytestis body", "eggs food", "egg cell"], [], [], ["eternal rest state", "relaxation act", "repose act", " linkdefremainder linkdef", "sleep state", "v contactperch contact", "repose stative", "v changestay change", "catch one's breath communication communicatio", "reside stative", "quietus state", "eternal sleep state", " timerespite time", "v contactpillow contact", "breathe communication communicatio", "take breather communication communicatio", "ease act", "v stativelie stative", "cradle", "vwikten 2lea", "vwikten 2be", "wikten 1cradle"], ["v motiolean back motio", "v contactrecumb contact", "vbend", "vlea", "vlie"], [" persojacques anatole francois thibault perso", "french republic location locatio", "les bleus"], [], [], [], [], [], ["light ballast artifact", " artifactballast resistor artifact"], [], [], [], [], [], [], ["assign possession possessio", "v possessioassume possessio", "v possessioclaim possessio", "vcommandeer", "vassume", "vusurp", "vascribe", "usurp", "seize", "assume"], [], [" persolector perso", " persoreviewer perso", " persoproofreader perso", " persosubscriber perso", "chrestomathy", ""], ["v communicatioorder communicatio", "injunct"], [], ["bottom object", " locatioseam locatio", "v bodygo to bed body", "v contactroll in hay contact", " artifactlayer artifact", "stratum", "scanbed", "banana equivalent dose", "layer"], [], ["v contactimplant contact", "vimbed", "imbed", "implant"], ["serenity attribute", "v contactrecumb contact", " feelingpeace feeling", "v contactlay contact", "placidity attribute", "tranquility attribute", " actrest act", "v stativerest stative", "tranquillity attribute", "quiet attribute", "peace of mind", "vrest", "relax", "rest", "vrelax"], ["rug", " artifactrug artifact", "call on carpet", "carpeting", ""], [], [], [], [], [], [], [], [], [], [], [], [], ["egg laying process"], ["misplace", "vmisplace", "v contactmisplace contact"], ["scottish reel act", "v motiostagger motio", "v motiospin motio", " actvirginia reel act", " artifactbobbin artifact", "spool", "wpdancewpdance"], ["protestant deacon person perso", "wpartillerywpartillery"], [], [], ["lecturer person perso", "reader person perso"], ["temporalty group"], [], [], [], ["rooftopper"], [], ["steel artifact", "blade artifact", "brand artifact", "steel"], [], ["church warde"], [], [], [], [], [], [], [], [], ["unearthly a ", "a apparitional ", "a religious ", "negro spiritual communication communicatio", "negro spiritual", "soulular", "wpmusicwpmusic"], [], [], [], [], [" actholy eucharist act", ""], [], [], ["secular a ", "lay a "], [], [], [], [], [], ["a worldly ", " persolayman perso", "a laic ", "a profane ", "unreligious", "aworldly", "nonpracticing", "profane"], ["laicise change"], [], [], [], ["parquet floor artifact"], [], [], ["set a ", "layed"], [], [], [], [], [" actquiescence act", "dormant heraldry", "aasleep"], [" foodegg food"], ["v contactcuddle contact", ""], [], [], ["pose contact", "set contact", " actput option act", "v cognitioarrange cognitio", "v communicatioframe communicatio", "v possessioinvest possessio", "lay contact", "v cognitioplace cognitio", "place contact", "assign consumption consumptio", "position contact", "put optio"], ["a retiring ", "past times time", "yesteryear time", "past tense communication communicatio", "byr r ", "historical", "erstwhile", "onetime", "byr"], [], ["fabrication act", "mendacious", "prevarication act"], [], [], [], ["log z's body", " staterest state", "kip body", "slumber body", "sopor state", "nap time", "slumber state", "catch some z's body", "wikten 2crusty"], [], [], [], [], ["a alike p ", "similar a ", "likes of cognition cognitio", "same a ", "a corresponding ", " cognition cognitio", " cognitioilk cognitio", "v emotiowish emotio", "vdesire", "wikten 2ilk", "vchoose", "resembling", "vregard", "vlove", "esque", "all", "venjoy", "such as"], [], [" substancehelium substance", "they", "him", "she", "he or she", "wpkanawpkana", "wpshort storywpshort story"], ["chip shot golf", "saratoga chip food", "cow chip object", "microchip artifact", "microprocessor chip artifact", "chip off contact", "silicon chip artifact", " attributecheck attribute", "potato chip food", "micro chip artifact", "cow dung object", "knap contact", "poker chip artifact", "buffalo chip object", "break away contact", "chipping act", "splintering act", "cut off contact", "v contactnick contact", "come off contact", " objectbit object", "crisp food", "break off contact", "spall", "fry", "ic", "crisp", "chp", "potato chip", "punnet", "flake", "poker chip", "microchip", "fries", "wpmagazinewpmagazine"], ["white potato plant", "white potato vine plant", "white potato food", "murphy food", "tater food", "irish potato food", "spud", "solanum tuberosum plant", "spud food", "tater", "earthapple"], [], [" actputt act"], [], [], [], ["v contactseduce contact", "v communicatioinduce communicatio", "relieve oneself body", "spend penny body", "work motion motio", "micturate body", "do social", "get change", "v creatiocreate creatio", "make up change", "v creatioconstruct creatio", "make believe communication communicatio", "v motiotake motio", "make water body", "v possessiogain possessio", "v socialname social", " actshuffle act", "v stativeform stative", "v cognitiolay do cognitio", "create creation creatio", "v creatiocook creatio", "wee body", " cognitiobrand cognitio", "v cognitiodraw cognitio", "urinate body", "v creatiodo creatio", "v creatiocause creatio", "piss body", "piddle body", "pee body", "v creatioproduce creatio", "v motioreach motio", "pee body", "take leak body", "v creatiohold creatio", "wee body", "v bodystool body", "puddle body", "pass water body", "pretend communication communicatio", "v possessiohave possessio", "broaden", "mistake", "make into"], ["smell cognition cognitio", "smell out cognition cognitio", " cognitiocommon sense cognitio", "signified communication communicatio", "sensation cognition cognitio", "sentiency cognition cognitio", "sentience cognition cognitio", "v perceptiofeel perceptio", "sensory faculty cognition cognitio", "sight", "meaning"], [], [], []], "/r/LocatedNear": [[], [], [], [], [], [], [], [], [], [], [], [], [], [], [], [], [], [], [], [], [], [], [], [], [], [], [], [], [], [], [], [], [], [], [], [], [], [], [], [], [], [], [], [], [], [], [], [], [], [], [], [], [], [], [], [], [], [], [], [], [], [], [], [], [], [], [], [], [], [], [], [], [], [], [], [], [], [], [], [], [], [], [], [], [], [], [], [], [], [], [], [], [], [], [], [], [], [], [], [], [], [], [], [], [], [], [], [], [], [], [], [], [], [], [], [], [], [], [], [], [], [], [], [], []], "/r/SimilarTo": [["vwiktfr 2rest"], [], [], [], [], ["vlie"], [], [], [], [], [], [], [], [], [], [], [], [], [], [], [], [], [], [], [], [], [], [], [], [], [], [], [], [], [], [], [], [], [], [], [], [], [], [], [], ["deaconess"], [], [], [], [], [], [], [], [], [], ["bayonet"], [], [], [], [], [], [], [], [], [], [], ["a unworldly ", "a incorporeal ", "incorporeal a ", "unworldly a "], [], [], [], [], [], [], [], ["a profane ", "profane a "], [], [], [], [], [], ["profane"], [], [], [], [], [], [], [], ["a arranged ", "arranged a "], [], [], [], [], ["a heraldryunerect ", "unerect a heraldry", "asleep"], [], [], [], [], ["vplace"], ["previous a ", "a ancient ", "recent a ", "ancient a ", "a prehistorical ", "a then ", "a former ", "a agone ", "former a ", "erstwhile a ", "olden a ", "a recent ", "a historical ", "departed a ", "then a ", "a previous ", "prehistorical a ", "a other ", "a ultimo ", "historical a ", "last a ", "a last ", "other a ", "a erstwhile ", "a departed ", "a olden ", "chivalric a ", "a chivalric ", "agone a ", "ultimo a "], [], [], [], [], [], [], [], ["flat a ", "naiant heraldry ", "a naiant heraldry", "a crosswise ", "a flat ", "crosswise a ", "level a ", "a level "], [], [], ["a suchlike ", "a like minded ", "suchlike a ", "like minded a ", "look alike a ", "a look alike "], [], ["ze", "she", "ap"], ["cracker"], [], [], [], [], [], [], [], [], [], [], []], "/r/MadeOf": [[], [], ["cake"], [], [], [], [], [], [], [], [], [], [], [], [], [], [], [], [], [], [], [], [], [], [], [], [], [], [], [], [], [], [], [], [], [], [], [], [], [], [], [], [], [], [], [], [], [], [], [], [], [], [], [], [], ["steel"], [], [], [], [], [], [], [], [], [], [], [], [], [], [], [], [], [], [], [], [], [], [], [], [], [], [], [], [], [], [], [], [], [], [], [], [], [], [], [], [], [], [], [], [], [], [], [], [], [], [], [], [], [], [], [], [], [], [], ["gnocchi"], [], [], [], [], [], [], [], [], [], []], "/r/ReceivesAction": [[], [], ["laid by bird"], [], [], [], [], [], [], [], [], [], [], [], [], [], [], [], [], [], [], [], [], [], [], ["found in hotel", "found in hospital", "found in monestary"], [], [], [], ["found on ground", "found on floor", "found in house", "used as floor covering"], [], [], [], [], [], [], [], [], [], [], [], [], [], [], [], [], [], [], [], [], [], [], [], [], [], [], [], [], [], [], [], [], [], [], [], [], [], [], [], [], [], [], [], [], [], [], [], [], [], [], [], [], [], [], [], [], [], [], [], [], [], [], [], ["done in periods of time"], ["sold by doze", "fried", "eate", "cooked in microwave", "associated with females", "bought in store", "painted in celebration of easter", "used in drinks", "scrambled"], [], [], [], [], ["fixed"], [], [], ["eate"], [], [], [], [], [], ["consumed by people"], [], [], [], [], [], [], [], [], [], [], [], [], [], [], [], []]}, "/r/UsedFor": {}, "/r/LocatedAt": {}, "/r/FormOf": {"/r/RelatedTo": [["egg", "aparallel", "aline", "reserved track", "aribbed", "minefield", "ballast", "creamlaid", "vlay", "header", "nest", "road"], [], ["chicke", "egg", "lay", "vlay", "bird"], [], [], ["vlay"], ["chicke", "nest", "cable ship", "ovipositioning", "outlay", "cackle", "off lay", "gonotrophic", "vlay", "bed", "egg", "rest", "lie", "chick", "build", "he", "cement", "lazy", "grass"], [], []], "/r/UsedFor": [[], [], [], [], [], [], [], [], []], "/r/LocatedAt": [[], [], [], [], [], [], [], [], []], "/r/FormOf": [["vlay"], ["vlay"], ["vlay", "lay"], ["vlay"], ["vlay"], ["vlie", "vlay"], ["vlay", "layings"], ["vlay"], ["vlay"]], "/r/IsA": [[], [], [], [], [], [], [" processparturition process"], [], []], "/r/PartOf": [[], [], [], [], [], [], [], [], []], "/r/HasA": [[], [], [], [], [], [], [], [], []], "/r/CapableOf": [[], [], [], [], [], [], [], [], []], "/r/AtLocation": [[], [], [], [], [], [], [], [], []], "/r/HasProperty": [[], [], [], [], [], [], [], [], []], "/r/CreatedBy": [[], [], [], [], [], [], [], [], []], "/r/Synonym": [["set a ", "layed"], [], [], ["vlaid"], [], [], ["egg laying process"], [], []], "/r/LocatedNear": [[], [], [], [], [], [], [], [], []], "/r/SimilarTo": [["a arranged ", "arranged a "], [], [], [], [], [], [], [], []], "/r/MadeOf": [[], [], [], [], [], [], [], [], []], "/r/ReceivesAction": [[], [], [], [], [], [], [], [], []]}, "/r/IsA": {"/r/RelatedTo": [[]], "/r/UsedFor": [[]], "/r/LocatedAt": [[]], "/r/FormOf": [[]], "/r/IsA": [[]], "/r/PartOf": [[]], "/r/HasA": [[]], "/r/CapableOf": [[]], "/r/AtLocation": [[]], "/r/HasProperty": [[]], "/r/CreatedBy": [[]], "/r/Synonym": [[]], "/r/LocatedNear": [[]], "/r/SimilarTo": [[]], "/r/MadeOf": [[]], "/r/ReceivesAction": [[]]}, "/r/PartOf": {}, "/r/HasA": {}, "/r/CapableOf": {}, "/r/AtLocation": {}, "/r/HasProperty": {}, "/r/CreatedBy": {}, "/r/Synonym": {"/r/RelatedTo": [[], [], [], [], [], [], ["alaity", "alayma", "jurisdictionalism"], ["f k", "f word", "forget", "postfuck", "casual", "frak", "zark", "befuck", "fsck", "rfucketh", "gtfo", "friar tuck", "cbf", "fuckable", "dismay", "refuck", "fook", "vdefraud", "vpenetrate", "vsituatio", "contemptible", "partner", "vsexual intercourse", "vdeceive", "vdam", "fuckload", "vorifice", "vimpossible", "dafuq", "rfuckest", "vdupe", "vdildo", "eff", "f bomb", "what fuck", "sexual", "vinsert", "firetruck", "fucks", "fuckwad", "wtf", "fuddle duddle", "vdifficult", "shaft", "frackwikten 2", "uckfay", "fucking", "fuckee", "fuckspeak", "fuckworthy", "vcopulate", "sexual intercourse", "futter", "clusterfuck"], ["man about to ", "profane a ", "sophisticated a ", "worldliness", "earthly a ", "a earthly ", "a sophisticated ", "a profane ", "unworldly", "aearthly", "terrestrial", "priestcraft", "shellback", "temporalities", "material", "world", "worldlilyr", "kashaya", "descendentalism", "aworld", "worldish", "sophisticate", "ahuma", "rprofane", "mundane", "nonattachment", "aspiritual", "asacred", "sophisticated", "woman of world", "aphysical", "cloister", "barnacled", "pleasurist", "abstraction", "man of world", "earthly", "asophisticated", "asurfeit", "godless", "fleshly", "aunworldly", "aversed", "worldling", "have been around", "woman about to ", "mundanelyr", "corinthian", "atman", "secular", "asecular", "estate"], ["laicality", "laicallyr", "laymen", "laical", "abbot", "layperso", "lawyer", "laicism", "laicize", "cleric", "lay brother", "laymanship", "clergy", "agapetae", "secular", "beghard", "laity", "balebos", "impropriation", "man in street", "laymanize"], []], "/r/UsedFor": [[], [], [], [], [], [], [], ["lady", "condom"], [], [], []], "/r/LocatedAt": [[], [], [], [], [], [], [], [], [], [], []], "/r/FormOf": [[], [], [], [], [], [], [], ["f k", "fucked", "fucketh", "fucks", "fak", "fucking", "fucken", "fuckin"], ["worldliest", "worldlier"], ["laymen", "laymans"], []], "/r/IsA": [[], [], [], [], [], [], [], [" actsexual intercourse act", "another word for sex", "rude word"], [], [" persocommoner perso", "lay reader person perso", "layperso", "layperson"], []], "/r/PartOf": [[], [], [], [], [], [], [], [], [], [], []], "/r/HasA": [[], [], [], [], [], [], [], [], [], [], []], "/r/CapableOf": [[], [], [], [], [], [], [], ["pornstar"], [], [], []], "/r/AtLocation": [[], [], [], [], [], [], [], [], [], [], []], "/r/HasProperty": [[], [], [], [], [], [], [], [], [], [], []], "/r/CreatedBy": [[], [], [], [], [], [], [], [], [], [], []], "/r/Synonym": [[], [], [], [], [], [], ["alay"], ["piece of tail act", "fucking act", "shtup act", "nooky act", "nookie act", "v contactroll in hay contact", "screwing act", "screw act", "vshag", "shag act", "roll in hay act", "piece of ass act", "ass act", "rhell", "vscrew", "bang", "shag", "vtupp", "romp", "hellr", "vhave sex", "sam hill", "heckr", "fucking", "vshtoink", "screw", "lay", "vsleep with", "vboink", "devilr", "stuff", "vswive", "fark", "poontang", "vfutter", "vmake love", "dam", "copulate", "sexual intercourse", "rheck"], ["blase a ", "secular a ", "temporal a ", "sophisticated", "cosmopolitan", "alay", "amaterial", "asophisticated", "mundane", "profane", "secular"], ["layperson person perso", "secular person perso", "non specialist", "lay"], []], "/r/LocatedNear": [[], [], [], [], [], [], [], [], [], [], []], "/r/SimilarTo": [[], [], [], [], [], [], [], [], ["a terrestrial ", "a material ", "terrestrial a ", "material a ", "economic a ", "worldly minded a ", "a sophisticated ", "sophisticated a ", "a worldly minded ", "a economic "], [], []], "/r/MadeOf": [[], [], [], [], [], [], [], [], [], [], []], "/r/ReceivesAction": [[], [], [], [], [], [], [], [], [], [], []]}, "/r/LocatedNear": {}, "/r/SimilarTo": {"/r/RelatedTo": [[], []], "/r/UsedFor": [[], []], "/r/LocatedAt": [[], []], "/r/FormOf": [[], []], "/r/IsA": [[], []], "/r/PartOf": [[], []], "/r/HasA": [[], []], "/r/CapableOf": [[], []], "/r/AtLocation": [[], []], "/r/HasProperty": [[], []], "/r/CreatedBy": [[], []], "/r/Synonym": [[], []], "/r/LocatedNear": [[], []], "/r/SimilarTo": [[], []], "/r/MadeOf": [[], []], "/r/ReceivesAction": [[], []]}, "/r/MadeOf": {}, "/r/ReceivesAction": {}}}, "": {}}