{"lid": {"N1": {"/r/RelatedTo": ["cover", "box", "eye", "can opener", "clack dish", "slow cooker", "container", "mercy seat", "lidlessness", "circumscissile", "lidlike", "operculiform", "lidless", "unlidded", "helmet", "unhead", "dredger", "cooking pot", "butt hinge", "pyxis", "ounce", "integrated", "amateur radio", "trunk", "lidded", "bottle cap", "cannabis", "cpu", "deoperculate", "deacon's bench", "unlid", "bunker", "bodyboarder", "dutch oven", "casserole", "swing bin", "motorcyclist", "brouilleur", "top", "heat", "trunklid", "lids", "box bed", "operculum", "pouncet box", "hat", "hermetically sealed", "spreader", "bodyboard", "cap", "headspace", "delid", "traycase", "potlid", "trapdoor spider", "microchip", "lidder", "crash", "jar", "ca", "toilet"], "/r/UsedFor": ["covering"], "/r/LocatedAt": [], "/r/FormOf": ["lids", "lidded", "lidding"], "/r/IsA": ["trunk lid artifact", " artifacttop artifact", "portal covering", "distributor cap", "radiator cap", "automobile hood"], "/r/PartOf": ["jar", " artifactbox artifact", " artifactchest artifact", "lock artifact", " artifactjar artifact", "food processor", "box"], "/r/HasA": ["jar", "can of paint"], "/r/CapableOf": ["cover pot", "cover bowl"], "/r/AtLocation": [], "/r/HasProperty": [], "/r/CreatedBy": [], "/r/Synonym": [" artifacthat artifact", " bodyeyelid body", "eyelid", "cap"], "/r/LocatedNear": [], "/r/SimilarTo": [], "/r/MadeOf": [], "/r/ReceivesAction": []}, "N2": {"/r/RelatedTo": {"/r/RelatedTo": [["book", "blanket", "lid", "shade", "top", "front", "sock", "bed", "protectio", "paint", "hide", "sheet", "tar and feather", "covering", "covers", "books", "outside", "duck", "grass", "hiding", "duck and", "book front", "magazine", "over", "on top", "conceal", "bed sheet", "protective", "postmark", "stamp", "top dress", "spread", "course", "family", "involucrum", "beslobber", "tea cosy", "wall to", "softcover", "envelope", "off", "enemy", "bookflap", "befoam", "back cover", "crumb", "overlap", "infield", "clout", "wrap up", "besilver"], ["container", "cardboard", "cube", "square", "case", "safe", "sides", "cardboard container", "storage", "square container", "carto", "shipping", " artifactplayer perso", " artifactaudience group", "package", "six", "shape", "four", "coffi", "lid", "six sides", "cardboard cube", "cubic", "moving", "crate", "room", "four sides", "rectangle", "corners", "packing", "solander", "riffler", "cut and cover", "pizza table", "hope chest", "poor box", "seedbox", "omnibus box", "boxes", "wikten 1device", "hodwikten 2", "snuffbox", "swell box", "imbox", "box level", "autoboxed", "tiger", "collection box", "zoom box", "cashbox", "wikten 1predicament", "pouncet box", "outbox", "tranka", "thompson submachine gun", "lucifer", "pillbox", "unbox", "traffic signal box", "electric", "wikten 1tofu", "bruise", "apple box", "noisemaker", "tofu", "po box", "pandora's box", "caj\u00f3n", "sandalwood", "wikten 1electric", "wikten 2buxus sempervirens", "england", "edge protector", "wikten 1promoter", "distribution", "vwikten 1procure", "boxicity", "bait box", "tooltip", "shoebox", "wikten 1penalty area", "box social", "bunker", "wikten 1hard", "post office box", "ice chest", "papeterie", "rasabox", "pyxis", "drop spine", "giftbox", "ice box", "schr\u00f6dinger's cat", "car fridge", "desk organizer", "post box", "boxtop", "squeeze box", "hyperbox", "litter box", "ark", "drudger", "printer's hat", "autoboxing", "nabwikten 2", "vwikten 1axle", "peckerhead", "cooler", "cakebox", "feedbox", "milkbox", "inro", "wikten 2pink box", "box wine", "skinner box", "touchbox", "letterboxing", "sweatbox", "cask wine", "grass catcher", "boxful", "cheesebox", "caisson", "pyxidium", "lug", "loot box", "winebox", "boxless", "wikten 4bogue", "carton", "farebox", "coinbox", "skill tester", "cup", "qalamdan"], ["orga", "seeing", "face", "part", "iris", "see", "visio", "pupil", "sight", "body", "body part", "head", "seeing orga", "ball", "nose", "sight orga", "facial", "on face", "cornea", "feature", "looking", "retina", "ocular", "two", "visual", "vision orga", "orb", "lashes", "device", "round", "pupils", "sphere", "face part", "optical", "for seeing", "wink", "cry", "facial feature", "has", "see with", "sense", "visual orga", "lens", "socket", "seeing part", "pupil iris", "iris pupil", "glasses", "huma", "ocular orga", "seeing thing", "above", "circle", "above nose", "optical orga", "lid", "marble", "look", "used", "sense orga", "optic", "facial part", "tear", "tool", "through", "sensory", "sensory orga", "in head", "apparatus", "in face", "face orga", "pair", "face feature", "seeing orb", "looking orga", "head orga", "near nose", "iris cornea", "oval", "facial orga", "seeing device", "spinach", "sensor", "brow", "statokinetic", "punctum caecum", "oculodermal", "supraocular", "aniridic", "oculigerous", "nystagmus", "descemetocele", "rod", "lovelight", "corneoscleral", "purkinje image", "enucleation", "excyclovergence", "lagophthalmia", "interblink", "retinitis pigmentosa", "pupillometry", "optocollic", "eyetracker", "iridectomy", "ringbolt", "crance", "shoggoth", "argyll robertson pupil", "extratemporal", "visual axis", "keratopathy", "oculovestibular", "monoblepsis", "phakitis", "eyedness", "ulcer", "oculoplastics", "eyestone", "biorbital", "sinistrocular", "ocellus", "chemosis", "drosopterin", "hyperphoria", "helioscope", "inocular", "coenesthesis", "russet burbank", "cystallin", "intravitreous", "tuberous sclerosis", "panophthalmitis", "dry eye", "oculary", "eyespan", "navel", "oculodynia", "myotic", "capsulolenticular", "cross eye", "choriocapillary", "sursumversion", "oculocephalic", "ophthalmometer", "monofixation syndrome", "synophthalmia", "eyewash", "fundus", "isocoria", "cebocephaly", "norrie disease", "canthus", "hypopyon", "peritomy", "ommochrome", "pupillary", "harderian gland", "visible light", "intraconjunctivallyr", "keratocele", "cranioorbital", "stereoscopic", "encauma", "lentiglobus", "orthophoria", "oculiferous", "orbitocerebral", "lethal white syndrome", "exotropia", "circumlental", "infraduction", "subocular", "autokeratoplasty", "iridolenticular", "coloboma", "orthoscopy", "emo bangs", "tonometer", "frog eyed", "sleepy", "downshoot", "biomicroscopy", "circumorbital", "peeper", "ophthalmopathy", "ophthalmogeometry", "ophthalmotomy", "lentectomy", "laughing eyed", "discern", "microphakia", "ophthalmotrope", "oculopharyngeal", "eyesalve", "oculomanual", "lateral rectus", "chionablepsia", "iridal", "inferior rectus", "oculonasal", "fluorophotometry", "iridoparalysis", "birdeye", "ocelloid", "photostress", "orbitolateral", "four eyed", "extraocular", "ocularlyr", "leukocoria", "incyclotorsion", "canthomeatal", "capsulotome", "ophthalmalgia", "polyommatous", "oculomasticatory", "version", "eyeworm", "oculate", "areola", "optometrist", "esotropia", "norrie", "haploscope", "eyesplice", "nasoocular", "ophthalmography", "macroscopic", "eyeglance", "incyclovergence", "pseudoglioma", "hypophoria", "decern", "cyanope", "ocelliferous", "microsaccade", "leucoscope", "adelie penguin", "scleritis", "supraduct", "oculoleptomeningeal", "eyeliner", "eyer", "midpupillary", "choriocapillaris", "sclerotic ring", "anoopsia", "uniocular", "sleepy sand", "canthopexy", "white dot syndrome", "binoculate", "isomyopia", "periocularlyr", "ojos azules", "oculofacioskeletal", "brille", "irreducible complexity", "oculoskeletal", "posterior chamber", "anteorbital", "sursumduction", "dichromacy", "oculocutaneous", "viscosurgical", "eyeshape", "cyclophoria", "phakia", "suffolk", "retinoscope", "lacrimal gland", "maka", "troland", "monoscopic", "dichromatic", "circumlenticular", "squint eyed", "corneal neuralgia", "orthoptics", "suboptic", "erisophake", "pinguecula", "beady eyed", "mince", "eyen", "enophthalmia", "oculotoxic", "podophthalmous", "pin", "speculation", "aurodrosopterin", "oculoglandular", "ogle", "goggler", "anophthalmic", "beadies", "multiocular", "leucoma", "keratoscleritis", "oedipism", "acorea", "iridial", "polyphemic", "foveola", "dextrodepression", "phantom eye syndrome", "ophthalmopathic", "pupillography", "iridodonesis", "mesdemet", "bug eyed", "eyering", "optography", "eyelesslyr", "orbitofrontal", "lasik", "presbyopia", "ophthalmodynia", "twinkler", "preocular", "prostitute's pupil", "temporoorbital", "lippitude", "oculozygomatic", "transocular", "anisometropia", "irideremia", "stake", "intrapupillary", "cycloplegia", "postocular", "polymeniscous", "eyeshade", "retro orbital", "cockeyed", "mince pie", "ophthalmoscope", "dextroelevation", "peropsin", "prosimian", "pterygium", "epicanthic"], [], [], [], ["box", "ca", "case", "glass", "ti", "vessel", "jar", "wallet", "plate", "bi", "lock artifact", "basket", "head", "bottle", "flask", "body", "seatainer", "chugalug", "kendi", "containerload", "diplomatic bag", "time capsule", "salt shaker", "salt cellar", "blue box", "pecking", "thermocontainer", "splashout", "dredger", "rantang", "incrustant", "pyx", "jug band", "microtainer", "luggage", "water breaker", "inkholder", "croustade", "electrochemical cell", "containerize", "hot cupboard", "receptacle", "screw off", "acid bomb", "gift basket", "inkwell", "medium", "money chest", "potted plant", "weighing funnel", "wastepaper basket", "containerlike", "workspace", "jerrycan", "abstract data type", "sporangium", "hip flask", "bottle sling", "corf", "poke box", "snuffbox", "rhizobox", "carton", "camelback", "box file", "stamnos", "slant", "transtainer", "ashpan", "screwtop", "pressure vessel", "cube out", "iframe", "store", "graduate", "component", "format", "groupage", "vasculum", "fluid", "mailer", "tarewikten 2", "crisper", "typeholder", "\u00e9tui", "pizza saver", "moribana", "stuff", "uld", "stopper", "bucket", "salt pig", "chamber pot", "weighing bottle", "keg", "containers", "nanocontainer", "headspace", "mailpack", "prescription bottle", "water pipe", "boil over", "reverse vending machine", "straddle carrier", "containant", "bag", "nanotainer", "cornetwikten 1", "mocuck", "silometer", "doublestack", "canister", "kubernetes", "vacuum packed", "trunking", "child", "pepper shaker", "doggy bag", "overpack", "pelike", "user interface", "tin can", "file", "pipe", "get out", "ark of covenant", "weighing boat", "olonka", "leachtub", "propagator", "sandwich", "container crane", "triple rinse", "ladle", "cachepot", "geocache", "saggar", "zarf", "bargain bin", "headpan", "bayplan", "egg carton", "waterskin", "spoon bowl", "containerless", "waste bin", "lid", "horsebox", "transport", "roller bed", "tiffin", "potscaping", "fuel tank", "missile silo", "cambro", "slack tub", "recycle bin", "pomander", "pepper pot", "enclosed", "tidy", "fleaker", "bathtub", "polyethylene", "devan", "microsporangium", "bin liner", "gau", "flatwikten 1", "flexitank", "graveler", "overflow", "minecart", "wardian case", "rootball", "ossuary", "dead soldier", "deconsolidation", "tagline", "germinator", "pisspot", "wash bin", "tanktainer", "charity box", "endobag", "baitwell", "contai", "beaker", "tupperware", "microwavable", "microcontainer", "propellant", "unstop", "ink fountain", "daniell cell", "family size", "footlocker", "contain", "biostat", "collection plate", "capsule", "handball", "lip", "pocket flask", "ink", "coolamon", "bottle bank", "tambiolo", "squeeze box", "gas jar", "pinata", "pilferproof", "bottle crate", "geocontainer", "lydion", "containerful", "interior", "presentation box", "go", "enclose", "ballot", "bulk cargo", "wash basket", "book", "gallo", "cell", "vial", "cantee", "ur", "cart", "locker", "chest", "egg", "pot", "cone", "shaker", "sack", "pocket", "nest", "bowl", "bone", "crock", "room", "coffi", "barrel", "mug", "pa", "cloud", "purse", "account", "cover", "saucer", "vase", "envelope", "bed", "spool", "womb", "bank", "shoe"], [], ["lid"], ["alid", "acircumference", "asplit"], ["alid", "operculum"], ["alid", "acover"], ["alid"], ["aeyelid", "alid", "acover"], ["head", "protectio", "close helmet", "cabasset", "skid lid", "safety helmet", "headshield", "melee", "monkshood", "panache", "organ donor", "helm", "kabuto", "lid", "knapskull", "sallet", "panty", "salade", "bicycle helmet", "makarapa", "covering", "vizard", "lambrequin", "eyeshield", "casque", "salet", "bascinet", "cimier", "asshelmet", "nasal", "cassideous", "crest", "protective", "brain bucket", "snapdrago", "glans penis", "armet", "zucchetta", "facepiece", "hackle", "mirmillo", "helmets", "suit of armor", "pickelhaube", "unbeavered", "armour", "pressure suit", "valsalva device", "galea", "headgear", "hard hat", "plume", "petal", "chinstrap", "ventail", "capeline", "crested", "bucket head", "mesail", "headpiece", "unhelmeted", "galeate", "protuberance", "helmeted", "hockey bag", "helmetless", "crash helmet", "suit of armour", "retort", "behelm", "aventail", "burgonet", "unhelmet", "viking", "dishelm", "helmetlike", "shield", "visor", "hood", "sowei", "coat of arms", "sepal", "hat", "head protectio", "gear", "football", "head gear", "motorcycle", "on head", "protecting", "protecting head", "wear", "head wear", "wor", "worn head", "players", "football players", "motorcycles", "bikes motorcycles", "bikes", "armor", "football gear", "constructio", "metal", "metal hat", "protective gear", "motorbikes", "sports"], ["vlid"], ["lid", "sugar", "flour", "dredging", "dredgers", "vessel", "perforated", "dredging box", "dredge", "sprinkle", "fish", "container", "mud scow"], [], [], ["compass", "constellatio", "argo", "argo navis", "pyxidium", "acetabulum", "ash wednesday", "carina", "box", "puppis", "spring", "lid", "souther", "ship", "pyx", "capsule", "vela", "nautical", "ash", "fruit", ""], ["8x8 rule", "ounces", "ouncer", "wikten 1troy pound", "wikten 1avoirdupois pound", "zipwikten 1", "lid", "troy weight", "sester", "eighth", "bath metal", "cup", "metric ounce", "liang", "teenth", "wikten 1imperial pint", "uncia", "teener", "pint", "volume", "esterling", "cupful", "drachm", "forty", "uncial", "tical", "wikten 1troy ounce", "wikten 1fluid ounce", "8 ball", "measurement", "small", "shot", "weight", "english measurement", "english", "dry", "liquid", "liquid dry", "weight measurement", "pint measurement"], ["united a ", "a integrative ", "joint a ", "integrative a ", "a united ", "a joint ", "integral", "aracial integratio", "nonintegrated", "music centre", "ipcc", "integratedlyr", "aintegratio", "acoordinated", "misintegrated", "immune response", "awhole", "itso", "aintegrate", "integration", "siop", "acomposed", "aintegral", "lid", "high speed rail", "vintegrate"], [], ["tree", "branch", "wood", "elephant", "source control", "frunk", "nontrunk", "caulescent", "latissimus dorsi", "untrunk", "truncate", "obliques", "station wagon", "tree burial", "seda", "possessio", "ringbark", "tapir", "dendroglyph", "flume", "mobile", "paddlewood", "root", "faciotroncular", "spadetail", "trunklid", "various", "chest", "neck", "yakhdan", "trichodiscoma", "trunkal", "pseudotrunk", "suitcase", "locker", "trunked", "dragon tree", "sengi", "spare tire well", "lid", "car boot", "groinwikten 1", "sawyer", "triple burner", "reverse integration", "private branch exchange", "similar", "vslime", "psoas major", "multitrunked", "hindquarter", "planker", "torso", "endomorph", "tree trunk", "trunk like", "boxwallah", "proboscidean", "trunkload", "megaphyte", "conspicuous", "vextract", "truncal", "bootspace", "slime", "angioblastoma", "betrunk", "stemflow", "trunkful", "baobab", "psoas", "footlocker", "circuit", "brachyolmia", "foot rot", "valance", "unbuttressed", "saloon", "cycad", "trunk maker", "synangium", "trunklike", "midbody", "knotwikten 1", "echelon", "malletier", "receptacle", "turtle hull", "pimpler", "palm tree", "jury mast", "nose", "dachshund", "orga", "steam engine", "adapt", "dome", "trunkmaker", "tree ring", "trunkmaking", "stipe", "bouk", "boot", "car boot sale", "compile", "tree fork", "hinge", "split leather", "peashooter", "crank", "extended", "cervicocerebral", "tasmanian blue gum", "nanocormia", "growth ring", "ore", "intrunk", "barbette", "woodflesh", "tree fern", "pylangium", "trunks", "sluice", "trunkless", "pandiculation", "tinea versicolor", "crownshaft", "decklid", "saloo", "long drum", "car", "elephant nose", "spare", "car storage", "storage", "back", "elephants", "body", "car back", "closet", "car closet", "o", "back of", "on elephant", "limb", "elephant limb", "case", "elephant feature", "behind", "car behind", "feature"], ["alid", "aeyelid"], [], ["cannabene", "cannabidiolic acid", "lamb's bread", "purple haze", "kif", "cannabusiness", "diesel", "spacecake", "hashish", "sour diesel", "bifta", "intoxicate", "cannabutter", "cannabislike", "hash oil", "cannabic", "cone", "daccha", "string", "cannabism", "cannabis sativa", "weedhead", "special lassi", "blunted", "tetrahydrocannabinol", "skunkweed", "skin up", "cipher", "cannabigerolic acid", "bhang", "camberwell carrot", "hallucinogenic", "stoned", "blazer", "green dragon", "goo ball", "whitey", "hot knife", "spliff", "alice b toklas brownie", "sedating", "dioecious", "cannabidiol", "charas", "majat", "shotty", "munchies", "sinsemilla", "smoke out", "exotic cheroot", "microcultivation", "nabiximols", "cannabinomimetic", "wacky baccy", "bast", "cannabimimetic", "purple", "sativa", "hooter", "blaze up", "cannabinol", "draw", "dutchie", "steamroller", "hemp", "palmate", "motokwane", "shake", "chief", "piece", "cannabinoid", "euphoriant", "stoner", "blim", "head shop", "pothead", "budtender", "lid", "sweetleaf", "nugget", "harris", "wpdrugbrai", "bob marley"], ["microprocessor", "multiprocessor", "underclock", "fpu", "personal computer", "northbridge", "underclocking", "hazard", "architecture", "pournelle's law", "instruction set", "southbridge", "i o bound", "bindless", "computer", "case", "gpu", "transputer", "dsp", "front side bus", "version", "asic", "pentium", "branch register", "central processing unit", "lid", "wintel", "uniprocessor", "microinstruction", "protected mode", "arithmetic logic unit", "nanoprocessor", "microprogram", "macintel", "lintel", "machine instruction", "microcode", "cpus", "nanoinstruction", "power wall", "ppu", "real mode", "blowhole", "double fault", "overclock", "mmu"], ["acapsule", "amoss", "alid"], [], ["vlid"], ["hideout", "niblick shot", "menhade", "chest", "box", "sand trap", "bunkerlike", "silo", "truant", "tank engine", "bunk off", "worktop", "kitche", "fried egg", "bunkeresque", "sand wedge", "bunkerless", "bunkerage", "bunkering", "seat", "school", "coal hole", "bunkerish", "lid", "pillboxwpmilitary", "battle"], ["bodyboard", "bodyboarders", "lid"], [], ["funeral potatoes", "frito pie", "scalloped", "serve", "worcestershire sauce", "stew", "dish", "rappie pie", "bake", "shrimp dejonghe", "glass", "tuna casserole", "vstew", "hotdish", "mormon potatoes", "lid", "aloo gosht", "macaroni pie", "food", "casseroled", "cocotte", "pan haggerty", "earthenware", "casseroles"], [], ["motorcycle", "motorcyclists", "brain bucket", "motorbiker", "kidney belt", "organ donor", "bikie", "crash helmet", "lid", "motordrome"], ["lid", "bowl", "glass", "absinthe", "water", "trickle"], ["head", "cover", "chief", "a high ", "high a ", "best a ", "a best ", "table", "apex", "bottom", "over", "onto", "best", "range", "desk", "general", "pushdown automaton", "high riser", "top quark", "vmurder", "hogbacked", "dunetop", "lituus", "topmaking", "cacuminal", "epivalve", "guard hair", "apicifixed", "dreidel", "mason jar", "topping", "bandini", "groove", "masthead", "turn upside do v", "turbinate", "globus cruciger", "versatile", "vcover", "toploading", "topman", "drum head", "topper", "pyramid", "philatory", "camikini", "vexcel", "filtertop", "ff hole", "polo shirt", "vraise", "tank top", "atop hat", "deep", "lectern", "keystone", "overshot", "atop drawer", "underoos", "bartop", "jug", "stack", "tallboy", "dorsopalmar", "business", "phaeton", "sea thongs", "header", "thereatopr", "lop off", "catharping", "spi", "topshell", "trestle tree", "altar", "topstone", "open bite", "headspace", "topped", "topless", "full borer", "longitudinal", "roleplay", "topfree", "flavor", "utility trailer", "outer trigram", "topple", "topsetting", "vyard", "culmen", "vimpetus", "otot", "terminal", "sunnyside", "mast", "f hole", "flattop", "walltop", "tracksuit"], ["fire", "temperature", "warmth", "warm", "energy", "hot", "su", "hotness", "degree", "bur", "steam", "furnace", "output", "summer", "thermal", "sensatio", "high", "high temperature", "warming", "from su", "weather", "radiator", "hot temperature", "cold", "product", "ovenproof", "commingler", "thermophore", "einstein refrigerator", "endergonic", "diathermic", "cold dra a", "heat of reaction", "erythema ab igne", "hotlyr", "ladle furnace", "thermocautery", "imponderable", "convector", "pressurized water reactor", "thermoception", "lithophosphoric", "bakelite", "thermomagnetism", "photothermic", "tummo", "radiation fog", "boiling", "thermotolerant", "thermogenics", "absorption refrigerator", "thermogenic", "amidin", "seebeck effect", "bakeout", "pyrognostics", "caramelize", "thermotransduction", "digestion", "shear steel", "dissipation", "power car", "thermolysis", "underheat", "diathermous", "refrigerative", "thermovinification", "sterilizer", "repechage", "chase dragon", "pyrogenic", "heat detector", "endothermy", "outflush", "underfire", "hot wind", "hot water heater", "oestruation", "butyrone", "radiant", "thermocurrent", "preheat", "heatless", "volcanization", "hot pepper", "conductor", "deflagrate", "magnetothermal", "anneal", "thermo", "recovery boiler", "ultraheat", "barocaloric", "metallurgy", "thermoelectromotive", "pillaring", "fusion", "acritude", "thermogenesis", "ultrapasteurization", "volcanic", "chocolatize", "diathermal", "quinicine", "intranscalent", "hydronic", "ergon", "calorifere", "thermomolecular", "thermomixer", "hot flash", "munitio", "forgewikten 1", "electrothermy", "anidrosis", "reverberatory furnace", "forced convection", "transcalent", "pyrophane", "soak", "thermal conductivity", "evaporator", "chirori", "nonshivering thermogenesis", "thermotropic", "heated", "firing", "dry distillation", "hotbar", "biothermal", "salmon", "overheatedlyr", "thermotherapy", "thermotics", "geothermal energy", "thermocontroller", "thermophylic", "stovewikten 1", "thermoacidophile", "generator", "thermoreflective", "scorch", "thermotank", "jalfrezi", "thermodynamic equilibrium", "caloriduct", "plutonism", "hot seal", "otheoscope", "electrical resistance", "pyrology", "microcalorimeter", "thermoactivated", "thermology", "conductivity", "thermoelectricity", "thermoprotection", "overheat", "thermomechanics", "thermantidote", "internal energy", "insulated", "incoercible", "vitrification", "calenture", "radiative forcing", "thermohardening", "brazing", "brew", "invisible ink", "therm", "joule's law", "cooking", "high explosive", "radioreceptor", "charcoal", "otto cycle", "borosilicate glass", "heat shrink", "afterheat", "water plate", "turn up", "vulcanize", "athermal", "diathermy", "chemitypy", "heats", "thermy", "at", "exothermicity", "craze", "volcanize", "allothermal", "refractory", "titanium aluminide", "convective current", "ricci flow", "vitrifiable", "calorificient", "trigeneration", "heliothermic", "pulse glass", "thermotic", "dissociation", "fervor", "thermocoagulation", "thermoresistance", "dissipation function", "cleading", "mechanocaloric", "cryobot", "pyrolysis", "joule", "heaten", "effusivity", "thermanesthesia", "heatlessness", "pot boiler", "calorimotor", "kasher", "caloritronics", "burning mirror", "cauma", "refrigeration", "nanocarpet", "thermal paper", "sinter", "calorist", "hot short", "ardor", "albuminone", "infrared radiation", "lewwikten 2"], ["trunk", "lid"], ["lid", "eye", "cover"], [], ["operculiferous", "inoperculate", "spore", "subopercular", "operculectomy", "seed", "sporangium", "gill cover", "opercular", "operculitis", "motor aphasia", "foix chavany marie syndrome", "operculate", "operculigerous", "cover", "gill slit", "operculigenous", "scutum", "branchiostegal", "preopercular", "detach", "fruit", "spiny murex", "opercle", "eyestone", "unoperculated", "systylious", "utah roundmouth snail", "lidlike", "flap", "moss", "serpula", "opercula", "multispiral", "lateral line", "lid", "cingulo opercular"], [], ["cro ", "captai", "head", "platting", "broadbrim", "pork pie hat", "sunhat", "titfer", "combwikten 1", "unhatting", "busby", "rehat", "behatted", "tricorn", "skullcap", "hat parade", "sweatband", "man o war suit", "pussy hat", "beehive", "drawingwikten 2", "brimmer", "shovel hat", "barrad", "cheesehead", "wikten 1lottery", "pileus", "chapka", "torsade", "chullo", "hatlesslyr", "coq", "hatmaking", "cloche", "hatty", "hat hair", "hatmaker", "unbeavered", "leghorn", "bonnet laird", "pukao", "hatlessness", "hall tree", "capwikten 1", "cunt cap", "hattock", "homburg", "cockup", "see you jimmy hat", "bobble hat", "wideawake", "squam", "fez", "asian conical hat", "mirliton", "tip of hat", "sunbonnet", "cowboy hat", "hats", "sombrero", "karakul", "tam o'shanter", "tyrolean hat", "wikten 1approximate", "fedora", "tarpaulin", "petasus", "dolly varden", "hatlike", "chapeau", "cordebec", "borsalino", "plug", "bowler hat", "clothing", "millinery", "pipe", "chinstrap", "galero", "rain hat", "modiste", "sou'wester", "doff", "blue bonnet", "bearskin", "chapeaugraphy", "hatstand", "pith helmet", "straw hat", "mokorotlo", "h@", "underbrim", "headwear", "castoreum", "palmetto", "coque", "hatted", "beaverkin", "hatband", "potwikten 1", "coat rack", "rainhat", "shtreimel", "dunstable", "conformateur", "southwester", "hatpeg", "bonnet", "papakha", "pilidium", "santa hat", "wikten 1hat switch", "montera", "hatinator", "plug hat", "eboshi", "unhat", "juggle", "sennit", "hallstand", "hatless", "wikten 1caret", "hatful", "muffin cap", "capping", "plank", "hackle", "bicorne", "turban", "hatbrush", "chapeau bras", "dunce cap", "homburged", "service cap", "hatting", "wikten 1cone", "baddie", "hatguard", "hatbox", "hatstring", "lid", "printer's hat", "unhatted", "covered", "beret", "helmet", "chief", "bishop", "brim", "cone", "home", "covering", "head covering", "nest", "pope", "rabbit", "wear", "wool", "forehead", "hood", "habit"], [], ["distribute", "apart", "butter", "crack", "crosstree", "container crane", "strongback", "whisker", "warez", "lid", "shroud", "spatula", "spreaders", "spacer", "rance", "athwartships", "knife", "group", "spread", "jelly"], ["bodyboarding", "paipo", "bodyboards", "bodyboarder", "boogieboard", "vsurf", "foam", "lid"], ["pileus", "lens cap", "pneumonia", "biretta", "endcap", "mortarboard", "top block", "bull rope", "swimcap", "skullcap", "y", "nose cap", "cockup", "cerevis", "vwikten 1lie", "wikten 1indicate", "caul", "academic costume", "snap cap", "capstring", "mickey mouse cap", "butt plug", "bottle opener", "telosome", "keep", "rebounding lock", "bycoket", "earflap", "becapped", "shapka", "availability", "decapped", "wikten 1rank", "capful", "vwikten 1firearm", "snood", "wikten 1mushroom", "uncapper", "fanny murray cap", "bald cap", "wikten 1charge", "wikten 1detonate", "capless", "balmoral", "clothing", "kissing string", "nanocap", "songkok", "wikten 1seal", "mortier", "apron", "phrygian cap", "capping", "whitecapped", "balaclava", "sanbenito", "fitted cap", "barret", "cloudcapt", "cup", "wikten 1cro ", "surmount", "tubeteika", "agaric", "thimble", "vwikten 3text", "vwikten 1outdo", "baseball cap", "swim cap", "pileiform", "beret", "cappable", "caps", "muffin cap", "decapping", "havelock", "bathing cap", "skufia", "floor", "placements", "wikten 1lid", "uncappable", "capz", "caesar's mushroom", "capmaker", "biggon", "built up roof", "gula", "dunsel cap", "capped", "side cap", "bicapped", "pinnerwikten 1", "smock mill", "breton cap", "elfin saddle", "parenthesome", "nightcap", "beanie", "fantail", "uncoif", "tolerance", "wikten 1paper", "ferril", "cap screw", "partitio", "earcap", "recapper", "ski mask", "skully", "beskozyrka", "suprailium", "glide", "caplike", "consistency", "cockscomb", "z", "calyx", "scrambled egg", "service cap", "colors", "lid", "wikten 1gunpowder", "calpack", "wikten 1head", "montero", "courche", "loop top", "cupola", "caplinwikten 2", "pellicle", "pileorhiza", "kepi", "liberty cap", "screw cap", "hood ornament", "captai", "cro ", "knee", "twist", "graduatio", "cover", "safety", "top", "bullet", "capital", "bottle"], ["seal", "jar", "time", "content", "headspaces", "container", "mental", "lid", "reflectio", "top", "thinking"], ["vca", "vhermetically", "vseal", "vmicrochip", "vlid"], ["box", "slipcase", "book", "traycased", "lid"], ["pot", "lid"], [], ["chip", "chipcard", "microchips", "microprocessor", "memory chip", "taggant", "biochip", "credit card", "chipless", "architecture", "clipper chip", "multichip", "southbridge", "vanimal", "chiphead", "integrated circuit", "delid", "interchip", "silicon chip", "northbridge", "microchipped", "microchipping", "print", "lid"], ["worker", "machine", "assembly line", "lid"], ["crashability", "high side", "crashed", "crashing", "comedo ", "ejection seat", "crash space", "crashes", "safe haven", "bum rush", "death spiral", "wipe out", "prangwikten 1", "bug out", "wedged", "crush", "rhinoceros", "vwikten 1loud", "crashable", "crashless", "crash test", "wikten 1loud", "lid", "awikten 1quick", "wikten 1rhinoceros", "precrash", "uncrashed", "crash into", "vwikten 1strike", "vwikten 1terminate", "plow into", "postcrash", "fall over", "black tuesday", "first chance exception", "toeprint", "train wreck", "fender bender", "buy farm", "crashworthy", "demolition derby", "footprint", "graveyard spiral", "crashmate", "crashdump", "midcrash", "crasher", "plough into", "crash box", "crashinglyr", "crashproof", "awikten 1intensive", "anticrash", "vwikten 1noise", "low side", "crashlike", "controlled flight into terrain", "pile up", "vwikten 1collide", "barrel roll", "wrap one's head around", "dummy", "smash", "accident", "wave", "wreck", "sound", "thunder", "incident", "bang"], ["container", "glass", "preserving glass", "chrismatory", "wikten 1ornamental", "wire bail", "gurglet", "jarless", "pooter", "vwikten 2disagreement", "jarful", "jarring", "headspace", "jarlike", "canner", "wikten 2discordant", "olla", "swear jar", "unjarring", "vwikten 2awkwardly", "screw cap", "tea caddy", "wikten 1small", "screw off", "kang", "jarred", "pithos", "pickled punk", "wikten 1container", "wikten 1cylindrical", "kilner jar", "amphora", "jar hell", "bump and grind", "unjarred", "vwikten 2different", "gallipot", "pressure canner", "canaree", "wikten 1earthenware", "water monkey", "canwikten 2", "vwikten 2appearance", "gratinglyr", "wikten 1clay", "jugging", "mason jar", "jorum", "leyden jar", "jam", "glass container", "lid", "cookie", "jelly", "cover", "paste", "bottle", "inside", "jelly container", "preserve", "jam container", "flask", "maso", "goods", "canned goods", "canned", "containing", "containing jam", "bump", "keeping", "keeping jam", "jam inside", "sealed", "sealed bottle", "water", "jam bottle", "butter", "peanut butter", "peanut", "ur", "pickle", "pickles", "holds pickles", "holds", "cookies", "vessel", "cookies inside", "cookie storage", "storage", "pickle container"], ["circa", "cl", "united states of america", "cal", "cga", "calcium", "cgn", "cma", "lpc", "cpa", "bridgmanite", "north america", "drive"], ["john", "bathroom", "flush", "bowl wax", "lavatory", "sanitary ware", "restroom", "use", "housebroken", "thunderbox", "secondary", "if it's yellow let it mellow", "shabby", "sitting toilet", "spend penny", "toileted", "facility", "shitpot", "seat", "men's room", "drop anchor", "chapel of ease", "pisshouse", "worship porcelain god", "use toilet", "three quarter bathroom", "smallest room in house", "throne room", "small", "crapper", "toileting", "worship porcelain goddess", "toilet room", "urination station", "toilet training", "flush toilet", "area", "talk to god on big white telephone", "porcelain goddess", "istinja", "septic tank", "bathtub", "kybo", "dry closet", "half bath", "having", "quarter bathroom", "commode", "urinatio", "toiletest", "toilet brush", "jacks", "double u", "go to toilet", "facilities", "fixture", "toileteth", "drop kids off at pool", "windsor soap", "place", "portable toilet", "half bathroom", "water closet", "soil stack", "outhouse", "if it's yellow let it mellow brown flush do ", "nontoilet", "toilets", "vgroom", "groom of stool", "toilet slipper", "drop chalupa", "litter tray", "potty parity", "cludgie", "courtesy flush", "powder one's nose", "karzy", "privy", "those", "sullage", "port o potty", "material", "superloo", "brasco", "very", "flusher", "carsy", "pooper", "hopper", "talk to ralph on big white telephone", "contai", "bathroom break", "quincy", "pray to porcelain god", "particularly", "soil pipe", "shower", "washroom", "powder room", "biffy", "ring", "johnny", "khazi", "cludge", "shitcan", "bogwikten 1", "full bathroom", "big white telephone", "chemical toilet", "wc", "dunny can", "sink", "plumber's helper", "phrontistery", "blumpkin", "throne", "vanity box", "bowl", "closet auger", "defecatio", "cubicle", "spud washer", "bedsit", "primpy", "system", "toiletless", "potwikten 1", "water", "enclosed", "latrine", "vdress", "porta potty", "head", "slopping out", "squat toilet", "dressing room", "caught short", "porcelain god", "flushable", "karsey", "large", "lavvy", "dirty", "waste", "dirty protest", "housebreak", "drop deuce", "shit bowl", "drop bomb", "peemergency", "lavvie", "comfort break", "sewer", "dunny man", "room", "bathroomware", "grooming", "pisser", "ca", "napki", "bathroom fixture", "bath", "lid", "plunge", "pooping", "for pooping", "furniture", "bathroom furniture", "bathroom seat", "twist", "handle", "flush handle", "bathrooms", "in bathrooms", "public", "in bathroom"]], "/r/UsedFor": [["protecting things", "rug artifact contact", "makeup artifact perceptio", "protect finish", "make tent", "keeping in steam"], ["storing i", "packing", "storage", " artifactaccommodate stative", " artifactseat stative", "wrapping gift i", "keeping stuff i", " artifacthold stative", "contain things", "containing things", "holding things", "store things", "pretending", "stacking", "storing or transporting", "store", "keeping things safe", "packing things in for storage", "packaging", "storing items"], ["looking", "blinking", "visio", "looking at", "viewing", "staring", "seing", "reading letter", "crying", "sending visual signals to brai", "signal interest", "creatures can see", "reading"], [], [], [], ["holding", "containing", "putting things into", "storing goods", "keeping liquids manageable", "hold liquid", "holding things", "hiding dead things", "organizatio", "holding precious things", "hold things", "washing", "taking things out of", "ease in transportatio", "store rice"], [], [], [], [], [], [], [], [], [], [], [], [], [], [], [], [], ["storing old clothing", "storage", "storing blankets", "picking up penuts", "store quilt", "storing old photographs", "storing old photos", "storing cleaning products", "storage of food utensils", "storing bath towels", "storing blankets and bedding", "storage of keepsakes", "storing objects", "store things", "store clothes", "holding items inside of", "store goods", "packing clothes i", "support", "storing family heirlooms", "put things into", "elephant to breathe with"], [], [], ["pleasure"], ["gold"], [], [], [], [], [], [], [], [], [], [], [], ["su", "laser artifact phenomeno", "heater"], [], [], [], [], [], ["protecting head", "keep sun out of eyes", "wearing", "wearing on head", "waving", "begging", "protecting face from su", "preventing sunbur", "in uniform", "protect head from snow", "tip to lady", "protect head from su", "keeping rain off head", "reduce heat loss", "covering top of head", "keeping dust out of eyes", "keep ears warm", "hold press pass", "decoratio", "drink water from stream", "stylish", "urging horse o", "prottecting head", "head", "keeping hair in place", "slap horse", "prevent sunbur", "easter decoratio", "shooing flies", "making scarecrow look real", "hanging at home", "protect head from cold", "following custom", "looking stylish", "protecting head from rai", "shading eyes", "uniforms", "symbol for group", "dress for easter", "protect head from rai", "keep head dry", "keeping hair from showing", "shade", "keeping sun out of eyes"], [], [], [], [], [], [], [], [], [], [], [], ["pad"], [" artifact contact", " artifactkeep stative", " artifacthold stative", "hold things inside", "hold fireflies", "store fruit", "holding applesauce", "can beans", "pickles", "storage", "holding pickles", "storing perishables", "holding liquids", "storage or protectio", "storing powders or liquids", "store flour"], [], ["poop", "urinate", "peeing", "dispose of waste", "go potty", "barf i", "shitting", "waste", "pooping", "poop i", "dispose of tissue", "depositing human waste"]], "/r/LocatedAt": [[], [], [], [], [], [], [], [], [], [], [], [], [], [], [], [], [], [], [], [], [], [], [], [], [], [], [], [], [], [], [], [], [], [], [], [], [], [], [], [], [], [], [], [], [], [], [], [], [], [], [], [], [], [], [], [], [], [], [], [], []], "/r/FormOf": [["coveredst", "coverest", "covered"], ["boxes", "boxed"], ["eyed", "eyes"], [], [], [], ["containers"], [], [], [], [], [], [], [], ["helmeting", "helmets"], ["unheads", "unheaded", "unheading"], ["dredgers"], [], [], ["pyxides"], ["ounces"], ["vintegrate"], [], ["trunks", "trunked", "trunking"], ["vlid"], [], ["cannabises"], ["cpus"], [], [], ["unlidding", "unlids"], ["bunkered", "bunkering", "bunkers"], ["bodyboarders"], [], ["casseroles", "casseroling"], [], ["motorcyclists"], ["brouilleurs"], ["tops"], ["heatest", "heateth", "heats", "heated"], ["bootlid", "trunklids"], ["lid", "vlid"], [], ["opercula"], [], ["hats", "hatting", "hatted"], [], ["spreaders"], ["bodyboards", "bodyboarded", "bodyboarding"], ["capped", "caps", "capt", "capping"], ["head space", "headspaces", "headspacing", "headspaced"], ["delidding", "delidded", "delids"], ["traycases"], ["potlids"], [], ["microchips", "microchipping", "microchipped"], ["lidders"], ["crashes", "crashed", "crashing"], ["jars", "jarreth", "jarring", "jarred"], [], ["toilets", "toilette", "toileted", "toileting"]], "/r/IsA": [[" artifactrecording artifact", " actfire act", " actconcealment act", "one function of ski"], ["container", "coffi", "witness box artifact", "cereal box artifact", " artifactcompartment artifact", " shaperectangle shape", "tuck box artifact", "paintbox artifact", " artifactseat artifact", "poor box artifact", "mailbox artifact", "skybox artifact", "coffin artifact", "jury box artifact", "window box artifact", "snuffbox artifact", "common box plant", "hod artifact", "carton artifact", "batter's box artifact", " artifactcontainer artifact", " artifactarea artifact", "pyxis artifact", "cigar box artifact", " actblow act", "chest artifact", "shadow box artifact", "casket artifact", " plantshrub plant", "tinderbox artifact", "shoebox artifact", "flat artifact", "pencil box artifact", "press box sport artifact", "strongbox artifact", "bandbox artifact", " quantitycontainerful quantity", "playbox artifact", "matchbox artifact", "ballot box artifact", "crate artifact", "bandbox", "tree", "sweatbox", "tuck box", "vanity box", "kitchen range", "humidor", "cashbox", "suggestion box", "witness box", "useful when moving one's household", "carriage", "tackle box", "cabinetopencyccabinet storage construction", "airbox", "cable box", "nou", "dialog box", "bento box", "carrying case", "black box", "chinese boxes", "workbox", "text box", "tinderbox", "toolbox", "ballot box", "checkbox"], ["optical sensor for living beings", "oculus dexter body", "biological orga", "simple eye body", "oculus sinister body", " cognitioattention cognitio", "compound eye body", "peeper body", "naked eye body", " bodysense organ body", " artifacthole artifact", "complex orga", " cognitiosagacity cognitio", "sense organ", "complicated orga", "organ", "animal eye", "closed eye", "simple eye", "external anatomical part"], [], [], [], ["box", "bi", "pitcher", "drawer", "bottle", "jug", "flask", "bucket", "jar", "case artifact", "powder horn artifact", "bowl artifact", "vessel artifact", "package artifact", "watering can artifact", "wastepaper basket artifact", "dice cup artifact", "manger artifact", "bag artifact", "time capsule artifact", "bin artifact", "barrel", "pod artifact", "savings bank artifact", "scuttle artifact", "cargo container artifact", "box artifact", "cup artifact", "pan artifact", "bunker artifact", "pot artifact", "shaker artifact", "mug", "cassette artifact", "capsule artifact", "receptacle artifact", "decanter", "wheeled vehicle artifact", "glass artifact", "drawer artifact", "saltcellar artifact", "mold artifact", "storage pa", "canister artifact", " artifactinstrumentality artifact", "reliquary artifact", "spoon artifact", "vase", "cylinder artifact", "dispenser artifact", "measure artifact", "thimble artifact", "grab bag artifact", "storage ring artifact", "magnetic bottle artifact", "can artifact", "envelope artifact", "mailer artifact", "basket artifact", "dish artifact", "bread bin artifact", "empty artifact", "workbasket artifact", "pipeopencycpipe generic conduit", "sac", "carto", "teacup", "card case", "drum", "room in house", "trash receptacle", "rigid for holding else", "pod", "capsid", "general term for", "bigger than things i", "heart", "compartment", "liquid storage tank", "container shaped object", "chest", "pressure barrier container", "fountain pe", "branch container", "beer mug", "hollow thing", "anus", "bladder", "pail", "tank", "item", "pupal container", "caddy", "container product", "oilca", "eggshell", "glass", "ballot box", "glass bottle", "tub", "cheque book holder", "plant pot"], [], [], [], [], [], [], [], ["hat", "hard hat artifact", " artifactarmor plate artifact", "sallet artifact", "heaume artifact", "morion artifact", "basinet artifact", "football helmet artifact", "crash helmet artifact", "batting helmet artifact", "armet artifact", "pickelhaube artifact", "headpiece artifact", "space helmet artifact", " artifactheaddress artifact", "casque artifact", "rigid portable object", "hockey helmet", "protective garment", "bike helmet", "fire helmet", "headgear", "football helmet", "hardhat", "covering", "motorcycle helmet", "physical impact buffer", "viking hat", "riding helmet"], [], [" artifactbarge artifact"], [], [], [" artifactbox artifact", "constellation", "wpgenusreptile"], [" quantitytroy unit quantity", " quantityavoirdupois unit quantity", " quantityapothecaries unit quantity", "avoirdupois ounce", "fluid ounce", "troy ounce"], [], [], ["footlocker artifact", " plantstalk plant", " artifactbaggage artifact", "part of car", "example of box", "opencyctrunk body coresolid object", "opencyctree trunkwood", "opencyctrunk body coreexternal anatomical part", "footlocker", "saloon car", "opencyctrunk appendageappendage", "opencyctrunk of carluggage space", "torsoopencyctrunk body core", "opencyctrunk body corebody part", "storage furniture think", "opencyctree trunkplant stem", "opencyctrunk appendagenose"], [], [], [" artifactcontrolled substance artifact", "marijuana plant", "plant", "acapulco gold artifact", " plantshrub plant", " artifactsoft drug artifact", "indian hemp plant", "pot artifact", "hemp family", "hemp plant", "thai stick", "cannabis sativa", "nettle order", "cannabis hashish rosin"], [], [], [], [], [" artifactfortification artifact", "foxhole artifact", " artifactcontainer artifact", " artifacthazard artifact", "funk hole artifact", "fortification", "storage bunker", "underground", "military facility", "personnel bunker", "protective system"], [], [], ["chicken casserole food", "cocotte artifact", " fooddish food", " artifactdish artifact", "baking dish"], [], [" persotraveler perso"], [], [" timeturn sport", " attributeintensity attribute", "crobody locatio", "capital artifact locatio", "desktop location locatio", " artifactcovering artifact", "masthead artifact locatio", "halter artifact", "head location locatio", "lid artifact", "manhole cover artifact", "screwtop artifact", "rooftop location locatio", "bustier artifact", " locatioside locatio", "humming top artifact", "croplant locatio", "bodice artifact", "cap artifact", " artifactplaything artifact", " artifactwoman's clothing artifact", "poll body locatio", " artifactplatform artifact", " locatioregion locatio", "tiptop location locatio", "blouse artifact", "whipping top artifact", "pate body locatio", "croartifact locatio", "peg top artifact", "top of headopencyctop side", "shirtopencycclothing top", "tankini topopencycclothing top", "opencyctop sideside", "quark", "tank topopencycclothing top", "opencycclothing topouter garment", "top wallopencyctop side", "sweateropencycclothing top", "tube topopencycclothing top", "top of carsopencyctop side"], ["energy", "form of energy", " phenomenoenergy physics", "specific heat phenomenon phenomeno", "geothermal energy phenomenon phenomeno", "fieriness attribute", "heat of dissociation phenomenon phenomeno", " eventrace event", " attributeemotionality attribute", "heat of solution phenomenon phenomeno", " cognitiotemperature cognitio", "heat of formation phenomenon phenomeno", "latent heat phenomenon phenomeno"], [], [], [], [" animalplate body", "wpbraibrain"], [], ["helmet", "boater artifact", "sun hat artifact", "dress hat artifact", "bowler hat artifact", "millinery artifact", "cowboy hat artifact", "form of clothing", "tyrolean artifact", "sombrero artifact", "deerstalker artifact", "sou wester artifact", " artifactheaddress artifact", "bonnet artifact", "cavalier hat artifact", "cocked hat artifact", "shovel hat artifact", "campaign hat artifact", "toque artifact", "fur hat artifact", "titfer artifact", "bearskin artifact", " actfunction act", "dunce cap artifact", "snap brim hat artifact", "fedora artifact", "mitre", "sombrero", "accessory", "status symbol", "baseball cap", "bowler", "boater", "fedora", "ushanka", "witch hat", "straw hat", "trilby", "cowboy hat", "bonnet", "derby", "cro ", "beret", "headgear"], [], [" artifacthand tool artifact"], ["user guided device", "water transportation device", "sports equipment", "single user device"], ["glengarry artifact", "biretta artifact", "biggin artifact", "ferrule artifact", "sailor cap artifact", " artifactheaddress artifact", "garrison cap artifact", "hubcap artifact", "nightcap artifact", "nipple artifact", "balmoral artifact", "watch cap artifact", "kepi artifact", "balaclava artifact", "ski cap artifact", "liberty cap artifact", "bathing cap artifact", "wishing cap artifact", "bottlecap artifact", "radiator cap artifact", "coonskin cap artifact", "cloth cap artifact", "fez artifact", "distributor cap artifact", "mortarboard artifact", "thimble artifact", " artifacttop artifact", " plantplant part plant", "shower cap artifact", "tam artifact", "mobcap artifact", "calpac artifact", "baseball cap artifact", "cockscomb artifact", " artifactprotective covering artifact", "skullcap artifact", "kalansuwa artifact", "lens cap artifact", "pinner artifact", "beret artifact", "mortarboard", "sailor cap", "santa hat", "baseball cap", "military officer's cap", "bathing cap", "headgear", "stocking cap", "beret", "visoropencycvisor cap", "skullcap"], [" quantityindefinite quantity"], [], [], [], [], ["wpcomicscomics character"], [], ["impingement act", "head crash computer science", " eventaccident event", " computer sciencemishap event", "prang event", " acthit act", " eventhappening event", "crash involving transporter", "inelastic collision", "group of rhinos", "wpmagazinemagazine"], ["container", "vase artifact", "amphora artifact", " quantitycontainerful quantity", "beaker artifact", "cookie jar artifact", "canopic jar artifact", "jampot artifact", " artifactvessel artifact", "mason jar artifact", "crock artifact", "cruse artifact", "plastic jar", "see thru container with lid", "jamjar", "property of gate", "jam jar", "cookie jar", "glass receptacle", "food storage jar", "non powered device", "glass jar", "hollow cylindrical object", "casingopencycpackaging container product"], ["abbreviation for california", "wpjournalacademic journal"], ["water closet artifact", " actdressing act", "flushless toilet artifact", "head artifact", " artifactplumbing fixture artifact", "public toilet artifact", "potty seat artifact", "flush toilet artifact", " artifactroom artifact", "washroom artifact", "human waste conversion device", "plumbing fixture", "restroom", "part of room", "commode", "fixture in bathroom", "urinal", "household attachment", "where one urinates and defecates"]], "/r/PartOf": [[], ["box seat artifact", "lid artifact", "base artifact", " artifactcoach artifact", " artifactball field artifact", " artifactbalcony artifact"], ["head", "cornea", "iris", "lens", "face", "pupil", "central artery of retina body", "lacrimal artery body", "conjunctiva body", "aperture object body", " bodyface body", "pupillary sphincter body", " artifactneedle artifact", "uveoscleral pathway body", "sclera body", "eyeball body", "ocular muscle body", "cornea body", "rod", " bodyvisual system sight", "ciliary body", "lens body", "uvea body", "epicanthus body", "lacrimal apparatus body", "retina body", "choroid body", "eyelid body", "canthus body", "iris body", "lacrimal vein body", "ciliary artery body", "nictitating membrane body", "eyelid"], [], [], [], [], [], [], [], [], [], [], [], ["visor artifact", " artifactbody armor artifact", "beaver artifact"], [], ["dredge artifact"], [], [], [" objectargo object"], ["pennyweight quantity", " quantitypound quantity", "dram quantity", " quantitytroy pound quantity", "dirhem"], [], [], [" planttree plant", "automobile", "bark plant", "trunk lid artifact", "auto", "car"], [], [], [" artifact plant"], ["computer"], [], [], [], [" artifactgolf course golf"], [], [], [], [], [], [], [" timeinning baseball", " artifactship artifact"], [], [], [], [], [], [], ["croartifact", "brim artifact", "hatband artifact"], [], [], [], ["earflap artifact", " plantfungus plant"], [], [], [], [], [], [], [], [], ["lid", "lid artifact", "mouth artifact", "label"], [], ["toilet seat artifact", "toilet bowl artifact", " artifact", " artifactbathroom artifact", "drai", "restroom", "bathroom"]], "/r/HasA": [["book"], ["finite amount of space"], [], [], [], [], ["smaller object", "inside and outside"], [], [], [], [], [], [], [], [], [], [], [], [], [], [], [], [], ["elephant", "tree", "automobile", "most cars"], [], [], ["been decriminalized in switzerland"], [], [], [], [], [], [], [], [], [], [], [], [], [], [], [], [], [], [], [], [], [], [], [], [], [], [], [], [], [], [], [], ["lid", "things like pickles or jam"], [], ["house must"]], "/r/CapableOf": [["hide things"], ["hold things", "store food", "store objects"], ["sense light", "focus", "sense color"], [], [], [], ["cen", "store many different items", "garbage", "pitcher", "hold different stuff"], [], [], [], [], [], [], [], [], [], [], [], [], [], [], [], [], [], [], [], [], [], [], [], [], [], [], [], [], [], [], [], ["spi", "bone bottom"], ["sterilize", "kill bacteria", "produce gas from wood", "cause perspiratio", "make sweat", "increase temperature", "dry wet thing", "fire"], [], [], [], [], [], ["shade eyes", "fit head", "fit well"], [], [], [], [], [], [], [], [], [], [], [], ["car", "planes", "cars", "airplanes", "plane", "hurt people", "computers", "computer", "bike"], ["store harvest", "hold water", "continue to leak"], [], ["flush", "smell bad", "refill"]], "/r/AtLocation": [["garage"], ["garage", "chocolate", "closet", "post office", "fox", "sheet of paper", "present", "space", "basement", " artifacttheater dramaturgy", "monitor", "cd rom", "warehouse", "toys", "shoes", " artifactballpark baseball", "birthday present", "chocolates", "keepsakes", "gift", "mail", "ferret", "major appliances", "bugle", "can fit", "hair dryer", "mouse", "styrofoam peanuts", "dynamite", "another box", "cat", "marmoset", "jack", "candy", "pliers", "apir of shoes", "liquor store dumpster", "weasel", "pasta", "bullet", "jewelry", "turtle", "usally package"], ["faces", "face", "eye socket", "grain of sand", "mammal"], [], [], [], ["refrigerator", "pantry", "stored item", "cupboard", "milk", "peanut butter", "soup", "condiments", "coffee", "leftovers", "liquid", "nails", "kitchens", "food", "fluid", "trash", "plastic beads", "anything", "tuna fish", "being contained", "beans", "contents", "cor", "fresh fruit", "not out of container", "nuts", "mayonase", "port", "screws", "organs for education and experiments", "liquids", "closet", "beer", "water", "smaller than container", "kitche", "garbage", "sour cream", "vacuum", "cat food", "bingo chips", "item", "shop", "sugar", "pins", "mouldy spaghetti", "toxic waste", "leftover food", "peanuts", "bandaids", "another container", "ficus", "cargo ship", "substance", "container garde", "storage cupboard", "cookies", "green beans", "durt", "drinking water", "laundry detergent", "urine speceime", "left over spagetti", "cabinet", "freeze dried apricots", "penut butter", "pudding", "fruit", "garage", "spam"], [], [], [], [], [], [], [], ["head"], [], [], [], [], [], [], [], [], ["spare tire", "clothing", "keepsakes", "car", "luggage", "attic", "jack", "case", "keepsake", "old photograph", "radio", "old book", "old photographs", "forgotten treasures", "yeras of love letters", "groceries", "usually of sentimental value", "blankets", "branch", "grandma's attic", "often cherished", "pirate's treasure", "tire", "yearbook", "spare tyre", "spare automobile tire", "old toys", "old photos", "sweaters", "jumper cables", "dead body", "balnkets", "wool sweater", "nostril", "clothes", "garage", "first aid kit", "old dress", "quilt", "hockey equipment", "wheel", "moth ball", "worms", "loads of stuff", "antique", "tire iro", "bedroom", "old clothes", "elephant snot", "automobile", "flight bag", "pictures", "spare wheel", "old papers", "zoo", "old clothing", "off season clothes"], [], [], ["amsterdam", "thc", "garde"], ["motherboard", "computer"], [], [], [], [], [], [], ["potato", "ove"], [], [], [], [], ["ove", "cat", "heifer"], [], ["drawer"], [], [], [], ["closet", "head", "hatbox", "home", "hat rack", "hat box", "fox", "bee", "shelf", "box", "felt", "hatpi", "hat shop", "hatstand", "feather", "hat store", "suitcase"], [], [], [], ["feather", "suitcase"], [], [], [], [], [], [], [], ["race track", "first class airline seat"], ["peanut butter", "pickles", "jelly", "cookie", "pantry", "jam", "honey", "change", "food", "water", "mayonnaise", "baby foods", "pickle", "pigs feet", "pickled onions", "pennies", "olives", "soup", "cherries", "beets", "applesauce", "jelly beans", "candy", "refrigerator", "peanuts", "kitchen cupboard", "space", "ointment", "mayonaise", "cupboard", "coins", "washers", "preserves", "cookies", "mustard", "vegemite", "beans", "nails", "preserved frog", "marrow and ginger chutney", "grape leaves", "red cabbage pickle", "horseradish mustard", "fruit", "green tomato chutney", "strained carrots", "piccalilli", "green jalapeno jelly", "cajun mustard", "chili mustard", "medicine", "grape jelly", "mild plum chutney", "pear cardamum chutney", "mayo", "house", "strained peas", "ginger pineapple chutney", "frog hollow peach chutney", "creole garlic marinade", "fig and lemon conserve", "country fruit chutney", "hot sauce", "marinated cherries", "preserved brai", "olive", "mulled wine jelly", "sweet and sour cucumber", "lemon and mustard seed chutney", "moonshine", "roasted tomato chutney", "vegatables", "apple nut chutney", "cranberry pecan chutney", "jellly", "black sheep ale chutney", "tomato pear chutney", "store", "pickled herring", "bengal chutney", "cucumber and yoghurt sauce", "hot mango chutney", "wild thymes chutney", "pennys", "chocolate syrup", "blood orange marmalade", "frosting", "marmelade", "pesto", "cranberry chutney", "pumpkin butter", "pineapple ginger chutney", "maple cream", "cabinet", "chocolate spread", "cranberry walnut chutney", "popcor", "lemon butter sauce", "air", "marinated vegetables", "lemon chutney", "nebbiolo grape chutney", "wild mayhaw jelly", "apple cranberry chutney", "tomato chutney", "baby food", "peach chutney", "in kitche", "pineapple giner chutney", "blackberry apple chutney", "conserves", "baby cor", "jellybeans", "canned fruits", "apricot pepper jelly", "hawaiin mustard", "tomato garlic and ginger chutney", "indian mango chutney", "runner bean chutney", "beetroot pickle", "penny collectio", "scampi sauce", "pineapple", "bolts", "grocery store", "tomato apple ginger chutney", "beef orange chutney", "pickle relish", "curried apple banana chutney", "bee", "apple peach apricot chutney", "screws", "compote", "whisky", "pill", "apple butter", "lemon curd", "artichoke hearts", "frog hollow asian pear chutney", "herring", "banana chutney", "liquid substance", "toffee", "shelf", "marble", "english mustard", "mixed fruit", "tomato cinnamon clove preserves", "hot'n spicy butter marinade", "rhubarb chutney", "mayonase", "spaghetti sauce", "gooseberry chutney", "pickled beets", "major grey chutney", "strawberry jam", "mango chutney", "pickled eggs", "lemon juice", "pasta sauce", "hot vegetable chutney", "sugar", "liquid", "pineapple mango chutney", "nopalitos", "horseradish", "dill pickles", "mixed nuts", "date chutney", "chinese hot mustard", "pickled peaches", "roasted garlic marinade", "almond butter", "spiced plum chutney", "fetus", "caribbean mango chutney", "raspberry pepper jelly", "bourbon and peach chutney", "apple and tomato chutney", "tomato mint chutney", "cashew butter"], [], ["bathroom", "urine", "house", "water", "motel room", "stadium", "rest area", "toilet paper", "hospital", "apartment", "plumbing shop", "hotel", "restaurant", "space shuttle", "cubicle", "bath shower", "trash", "service statio", "toilet tank"]], "/r/HasProperty": [[], ["good to ship things i"], [], [], [], [], ["finite"], [], [], [], [], [], [], [], [], [], [], [], [], [], [], [], [], ["useful for storing blankets"], [], [], ["good"], [], [], [], [], [], [], [], [], [], [], [], [], [], [], [], [], [], [], ["hanging from hook"], [], [], [], [], [], [], [], [], [], [], [], [], [], ["california", "chemical symbol for calcium"], []], "/r/CreatedBy": [[], [], [], [], [], [], [], [], [], [], [], [], [], [], [], [], [], [], [], [], [], [], [], [], [], [], [], [], [], [], [], [], [], [], [], [], [], [], [], ["melting"], [], [], [], [], [], [], [], [], [], [], [], [], [], [], [], [], [], [], [], [], []], "/r/Synonym": [["screening act", "continue stative", "extend stative", "covering act", "spread over contact", "compensate stative", "overcompensate stative", "v stativeembrace stative", " objectcovering object", "address communication communicatio", "v motiotraverse motio", "insure communication communicatio", "cover up perception perceptio", "cover version artifact", "cover song artifact", "v contactoverlay contact", "handle communication communicatio", "plow communication communicatio", " artifactscreen artifact", "wrap up body", "v communicatioreport communicatio", "underwrite communication communicatio", " artifactbinding artifact", " artifacttop artifact", "v contactshroud contact", " artifactblanket artifact", " possessiocover charge possessio", "masking act", "v bodybrood body", "covering fire act", "deal communication communicatio", "treat communication communicatio", "v animal husbandrybreed husbandry"], ["loge artifact", "boxwood plant", "package contact", "boxful quantity", " statecorner state", "box seat artifact", "box tree", "box up", "vulva", "wikten 1text box", "wikten 1shelter", "wikten 1case"], [" locatiocenter locatio", "optic body", "oculus body", "eyeball perception perceptio"], [], [], [], ["pod", ""], [], [], [], [], [], ["a sleepless "], [], ["brain bucket", ""], [], [], [], [], [" plantpyxidium plant", "", "wpgenuswpgenus"], ["snow leopard", "troy ounce quantity", "apothecaries ounce quantity", "oz quantity", " animalsnow leopard animal"], ["structured a ", "a unified ", "abuilt i"], [], [" artifactboot artifact", "bole plant", " bodytorso body", " animalproboscis animal", "tree trunk", "boot", "tree trunk plant", "bootwikten 1", "proboscis", "suitcase", "torso"], [], [], ["marihuana artifact", "marijuana artifact", "hemp plant", "ganja artifact", "ganja", "bud", "hemp", "wpdrugwpdrug", ""], [" computer sciencecentral processing unit science"], [], [], [], ["trap artifact", "sand trap artifact", "dugout artifact", ""], [], [], ["casserole dish", "stewpa", "cooking pot", "saucepa", "pot", "hot pot", "hotpot", "hotdish"], [], ["biker"], [], ["upside location locatio", " artifactcircus tent artifact", "v motioclear motio", "vbeat", "teetotum artifact", "top out possession possessio", "spinning top artifact", "top of inning time", "v stativeexceed stative", "whirligig artifact", "v changecro change", "pinch contact", "upper side location locatio", "cover artifact", "top side location locatio", " stateacme state", "top off change", " locatiopeak locatio", "v stativelead stative", "vexcel", "vsurpass", "cap", "dom", "spinning top", "top quark", "rfirst", "peak", "voutdo", "vbetter"], ["hot up change", "warmth cognition cognitio", "v emotioinflame emotio", "heat up change", " stateestrus state", "heat energy phenomenon phenomeno", " artifactheating system artifact", "passion attribute", "warmth attribute", " attributehotness attribute", "vehemence", "ardour", "torridity", "earnestness", "warmth", "glow", "frenzy", "caloricity", "exasperatio"], [], [], [], ["wpbrainwpbrai"], [], ["chapeau artifact", "lid artifact", "hat switch", ""], [], [" artifactbroadcaster artifact"], [], [" artifactcapital artifact", " dentistrycrownwork dentistry", "crest stative", "pileus plant", " communicatioceiling communicatio", " objecthood object", " artifactdetonator artifact", "top", "lid", "bullet", "mortarboard", "fitted cap", "wpsportwpsport"], [], [], [], [], [], [" artifactchip artifact", "chip", "wpcomicswpcomics"], [], ["collapse event", "break up contact", "v motiobarge in motio", "break apart contact", " eventclang event", "wreck event", "v bodydoss body", "dash contact", "ram contact", "go do v change", "smash act", "wreck", "doss do v", "smash", "wpmagazinewpmagazine"], [" eventjolt event", "jarful quantity", "v stativeclash stative", "bump around motion motio", "v motiojolt motio", "shake up motion motio", "pot"], [" substancecalcium substance", " locatiocalifornia locatio", "centiamp", "calif", "centiampere", "crap", "chartered accountant", "wpjournalwpjournal"], ["privy artifact", "throne artifact", "crapper artifact", "lavatory artifact", "potty artifact", "lav artifact", " stategutter state", "head", "commode artifact", "loo", "toilette act", "can artifact", "bathroom artifact", "stool artifact", "john artifact", "pot artifact", "half bath", "crapper", "dunny", "bathroom", "toilet room", "facilities", "lavatory", "khazi", "cloakroom", "joh"]], "/r/LocatedNear": [[], [], [], [], [], [], [], [], [], [], [], [], [], [], [], [], [], [], [], [], [], [], [], [], [], [], [], [], [], [], [], [], [], [], [], [], [], [], [], [], [], [], [], [], [], [], [], [], [], [], [], [], [], [], [], [], [], [], [], [], []], "/r/SimilarTo": [[], [], [], [], [], [], [], [], [], [], [], [], ["topless a ", "a topless "], [], [], [], [], [], [], [], [], ["coeducational a ", "introjected psychology ", "embedded a ", "nonsegregated a ", "a embedded ", "organic a ", "a tightly knit ", "a introjected psychology", "mainstreamed a ", "a organic ", "a interconnected ", "interconnected a ", "a coeducational ", "incorporated a ", "a mainstreamed ", "interracial a ", "a interracial ", "a nonsegregated ", "tightly knit a ", "a incorporated "], [], [], ["a topped ", "topped a "], [], [], [], [], [], [], ["casemate"], [], [], [], [], [], [], ["uppermost a ", "a uppermost ", "apical a ", "a apical ", "upper a ", "a crowning ", "crowning a ", "a upper "], [], [], [], [], [], [], [], [], [], [], [], [], [], [], [], [], [], [], [], [], [], []], "/r/MadeOf": [[], [], [], [], [], [], ["metal"], [], [], [], [], [], [], [], [], [], [], [], [], [], [], [], [], [], [], [], ["indica", "sativa", "sative"], [], [], [], [], [], [], [], [], [], [], [], [], [], [], [], [], [], [], ["cotto"], [], [], [], [], [], [], [], [], [], [], [], [], [], [], ["porcelai"]], "/r/ReceivesAction": [[], [], [], [], [], [], ["made out of plastic"], [], [], [], [], [], [], [], [], [], [], [], [], [], [], [], [], ["found on most cars"], [], [], [], [], [], [], [], [], [], [], [], [], [], [], [], ["measured in calories", "produced by heating"], [], [], [], [], [], ["worn on head"], [], [], [], ["worn on head"], [], [], [], [], [], [], [], [], [], [], ["found in bathroom", "found in house", "found in building", "found in bathroom or restroom", "flushed", "found in hospice", "found in restroom"]]}, "/r/UsedFor": {"/r/RelatedTo": [["paint", "sock", "shade", "shoe", "wool", "cover", "sand", "carpet", "floor", "coat", "integumentary system", "cased", "roof", "stack guard", "decorticated", "handgrip", "tegument", "water hugging", "cladding", "vesture", "gnathotheca", "investiture", "mouffle", "pan palestinian", "chador", "matting", "cleading", "capillament", "shawl", "headwear", "companion", "tunic", "lathing", "wrap up", "uncover", "dismantle", "gun sock", "tippet", "capping", "veneer", "disenshrouded", "perispore", "derm", "unbreech", "head rag", "pare", "palempore", "wallcovering", "white easter", "nose cap", "blinds", "trotcozy", "uncase", "enarmour", "rooftop", "white christmas", "wood carpet", "lagging", "flipper", "shingling", "rigolette", "pavilion", "trapper", "sheet", "jaffa cake", "personalzine", "full length", "dichlamydeous", "blind", "field jacket", "dutch carpet", "tanbark", "rhinotheca", "tortoiseshell", "vinolay", "hair", "blindfold", "helmet", "simar", "plastering", "breasted", "floorcovering", "lining", "headcover", "rooflet", "podotheca", "hibernaculum", "reupholster", "sheathe", "pave", "upholster", "living bandage", "couverture", "wrappage", "tectorium", "grass", "grasscloth", "barrel shroud", "gas mask", "shortclothes", "covert", "setation", "head covering", "piliation", "tinning", "sarcoderm", "perifibrum", "tonneau cover", "pilch", "haycap", "bancal", "unfelted", "shell", "facemask", "vinyl composition tile", "belyi's theorem", "barehanded", "exuviae", "lined", "quilt", "cup", "coverchief", "beanbag", "bareheaded", "headpiece", "incrustation", "tatami", "under cover", "indutive", "coverings", "chaussure", "slip case", "clothing", "bootikin", "bedclothes", "o", "tegmen", "resist", "over", "unclothe", "pan american", "scutellation", "glove", "shutter", "patch", "peel", "veil", "blanket", "wrap", "scale", "sauce", "ski", "hide", "hat", "pants", "polish", "smother", "umbrella", "drape", "gravel", "asphalt", "napki", "cro ", "foil", "enamel", "lip", "jacket", "payment", "upholstery", "glass", "fur", "table", "sheep", "spa", "grave", "tent", "window", "flesh", "dome", "bark", "cape", "bandage", "ground", "body", "peal", "hood", "dress", "atmosphere", "soot", "egg", "rib", "felt", "wax", "armour", "rug", "stitch", "leaf"]], "/r/UsedFor": [["canvas", "shirt", "roof", "lid", "vinyl", "tile", "cloth", "blanketing"]], "/r/LocatedAt": [[]], "/r/FormOf": [["vcover", "cover", "coverings"]], "/r/IsA": [["cloak artifact", "scale animal object", "dressing act", "top artifact", "shell object", "body covering object", "thumb artifact", "finger artifact", "perianth plant object", "toe artifact", "chafing gear artifact", "blanket object", "skim object", "hood artifact", "instep artifact", "planking ship artifact", " objectnatural object", "swathing artifact", "imbrication artifact", "earmuff artifact", "folder artifact", "coating artifact", "footwear artifact", "indumentum object", "bark plant object", "floor cover artifact", "mask artifact", "bubble artifact", "envelope object", " actprotection act", "shell animal object", "canopy artifact", "hood falconry artifact", "sheath body object", "drape artifact", "crust object", "mercy seat artifact", "slough object", "fig leaf artifact", "roof object", "integument body object", "bootleg artifact", " artifactartifact", "test animal object", "paddle box artifact", "matting artifact", "cloth covering artifact", "hood object", "artificial skin artifact", "casing artifact", "vesture object", "cover plate artifact", "flap artifact", "peridium plant object", "theca plant object", "clothing artifact", "screen artifact", "protective covering artifact", "wrapping artifact", "upholstery artifact", "snowcap object", "pericarp plant object", "indusium plant object", "opencyccovering objecttangible thing", "interring", "portal coveringopencyccovering object", "horse sweatsopencyccovering object", "linoleumopencyccovering object", "helmet", "floor coveringopencyccovering object", "skidless bathtub matopencyccovering object", "laminating", "wigopencyccovering object", "acrosomeopencyccovering object", "opencyccovering protectingactively protecting", "burying", "opencyccovering putting on clothing itemdressingopencycputting item", "getting dressed", "decorative coveringopencyccovering object", "interposed coveringopencyccovering object", "tileopencyccovering object", "wrapping", "wrapping paperopencyccovering object", "covering one's face", "protective coveringopencyccovering object", "clothingopencyccovering object", "opencyccovering working as substitute forsubbing", "enveloping coveringopencyccovering object", "putting onto else", "lampshade"]], "/r/PartOf": [[]], "/r/HasA": [[]], "/r/CapableOf": [[]], "/r/AtLocation": [[]], "/r/HasProperty": [[]], "/r/CreatedBy": [[]], "/r/Synonym": [["cover object", " actapplication act", "natural covering object", " actcover act"]], "/r/LocatedNear": [[]], "/r/SimilarTo": [[]], "/r/MadeOf": [[]], "/r/ReceivesAction": [[]]}, "/r/LocatedAt": {}, "/r/FormOf": {"/r/RelatedTo": [["lid", "eye", "cover"], ["alid", "aeyelid"], ["blister pack", "material", "cover"]], "/r/UsedFor": [[], [], []], "/r/LocatedAt": [[], [], []], "/r/FormOf": [["lid", "vlid"], ["vlid"], ["vlid"]], "/r/IsA": [[], [], []], "/r/PartOf": [[], [], []], "/r/HasA": [[], [], []], "/r/CapableOf": [[], [], []], "/r/AtLocation": [["drawer"], [], []], "/r/HasProperty": [[], [], []], "/r/CreatedBy": [[], [], []], "/r/Synonym": [[], [], []], "/r/LocatedNear": [[], [], []], "/r/SimilarTo": [[], ["a topped ", "topped a "], []], "/r/MadeOf": [[], [], []], "/r/ReceivesAction": [[], [], []]}, "/r/IsA": {"/r/RelatedTo": [[], [], [], [], [], []], "/r/UsedFor": [[], [], [], [], [], []], "/r/LocatedAt": [[], [], [], [], [], []], "/r/FormOf": [[], [], [], [], [], []], "/r/IsA": [[], [], [], [], [], []], "/r/PartOf": [[], [], [], [], [], []], "/r/HasA": [[], [], [], [], [], []], "/r/CapableOf": [[], [], [], [], [], []], "/r/AtLocation": [[], [], [], [], [], []], "/r/HasProperty": [[], [], [], [], [], []], "/r/CreatedBy": [[], [], [], [], [], []], "/r/Synonym": [[], [], [], [], [], []], "/r/LocatedNear": [[], [], [], [], [], []], "/r/SimilarTo": [[], [], [], [], [], []], "/r/MadeOf": [[], [], [], [], [], []], "/r/ReceivesAction": [[], [], [], [], [], []]}, "/r/PartOf": {"/r/RelatedTo": [["container", "glass", "preserving glass", "chrismatory", "wikten 1ornamental", "wire bail", "gurglet", "jarless", "pooter", "vwikten 2disagreement", "jarful", "jarring", "headspace", "jarlike", "canner", "wikten 2discordant", "olla", "swear jar", "unjarring", "vwikten 2awkwardly", "screw cap", "tea caddy", "wikten 1small", "screw off", "kang", "jarred", "pithos", "pickled punk", "wikten 1container", "wikten 1cylindrical", "kilner jar", "amphora", "jar hell", "bump and grind", "unjarred", "vwikten 2different", "gallipot", "pressure canner", "canaree", "wikten 1earthenware", "water monkey", "canwikten 2", "vwikten 2appearance", "gratinglyr", "wikten 1clay", "jugging", "mason jar", "jorum", "leyden jar", "jam", "glass container", "lid", "cookie", "jelly", "cover", "paste", "bottle", "inside", "jelly container", "preserve", "jam container", "flask", "maso", "goods", "canned goods", "canned", "containing", "containing jam", "bump", "keeping", "keeping jam", "jam inside", "sealed", "sealed bottle", "water", "jam bottle", "butter", "peanut butter", "peanut", "ur", "pickle", "pickles", "holds pickles", "holds", "cookies", "vessel", "cookies inside", "cookie storage", "storage", "pickle container"], [], [], [], [], [], ["container", "cardboard", "cube", "square", "case", "safe", "sides", "cardboard container", "storage", "square container", "carto", "shipping", " artifactplayer perso", " artifactaudience group", "package", "six", "shape", "four", "coffi", "lid", "six sides", "cardboard cube", "cubic", "moving", "crate", "room", "four sides", "rectangle", "corners", "packing", "solander", "riffler", "cut and cover", "pizza table", "hope chest", "poor box", "seedbox", "omnibus box", "boxes", "wikten 1device", "hodwikten 2", "snuffbox", "swell box", "imbox", "box level", "autoboxed", "tiger", "collection box", "zoom box", "cashbox", "wikten 1predicament", "pouncet box", "outbox", "tranka", "thompson submachine gun", "lucifer", "pillbox", "unbox", "traffic signal box", "electric", "wikten 1tofu", "bruise", "apple box", "noisemaker", "tofu", "po box", "pandora's box", "caj\u00f3n", "sandalwood", "wikten 1electric", "wikten 2buxus sempervirens", "england", "edge protector", "wikten 1promoter", "distribution", "vwikten 1procure", "boxicity", "bait box", "tooltip", "shoebox", "wikten 1penalty area", "box social", "bunker", "wikten 1hard", "post office box", "ice chest", "papeterie", "rasabox", "pyxis", "drop spine", "giftbox", "ice box", "schr\u00f6dinger's cat", "car fridge", "desk organizer", "post box", "boxtop", "squeeze box", "hyperbox", "litter box", "ark", "drudger", "printer's hat", "autoboxing", "nabwikten 2", "vwikten 1axle", "peckerhead", "cooler", "cakebox", "feedbox", "milkbox", "inro", "wikten 2pink box", "box wine", "skinner box", "touchbox", "letterboxing", "sweatbox", "cask wine", "grass catcher", "boxful", "cheesebox", "caisson", "pyxidium", "lug", "loot box", "winebox", "boxless", "wikten 4bogue", "carton", "farebox", "coinbox", "skill tester", "cup", "qalamdan"]], "/r/UsedFor": [[" artifact contact", " artifactkeep stative", " artifacthold stative", "hold things inside", "hold fireflies", "store fruit", "holding applesauce", "can beans", "pickles", "storage", "holding pickles", "storing perishables", "holding liquids", "storage or protectio", "storing powders or liquids", "store flour"], [], [], [], [], [], ["storing i", "packing", "storage", " artifactaccommodate stative", " artifactseat stative", "wrapping gift i", "keeping stuff i", " artifacthold stative", "contain things", "containing things", "holding things", "store things", "pretending", "stacking", "storing or transporting", "store", "keeping things safe", "packing things in for storage", "packaging", "storing items"]], "/r/LocatedAt": [[], [], [], [], [], [], []], "/r/FormOf": [["jars", "jarreth", "jarring", "jarred"], [], [], [], [], [], ["boxes", "boxed"]], "/r/IsA": [["container", "vase artifact", "amphora artifact", " quantitycontainerful quantity", "beaker artifact", "cookie jar artifact", "canopic jar artifact", "jampot artifact", " artifactvessel artifact", "mason jar artifact", "crock artifact", "cruse artifact", "plastic jar", "see thru container with lid", "jamjar", "property of gate", "jam jar", "cookie jar", "glass receptacle", "food storage jar", "non powered device", "glass jar", "hollow cylindrical object", "casingopencycpackaging container product"], [], [], [], [], [], ["container", "coffi", "witness box artifact", "cereal box artifact", " artifactcompartment artifact", " shaperectangle shape", "tuck box artifact", "paintbox artifact", " artifactseat artifact", "poor box artifact", "mailbox artifact", "skybox artifact", "coffin artifact", "jury box artifact", "window box artifact", "snuffbox artifact", "common box plant", "hod artifact", "carton artifact", "batter's box artifact", " artifactcontainer artifact", " artifactarea artifact", "pyxis artifact", "cigar box artifact", " actblow act", "chest artifact", "shadow box artifact", "casket artifact", " plantshrub plant", "tinderbox artifact", "shoebox artifact", "flat artifact", "pencil box artifact", "press box sport artifact", "strongbox artifact", "bandbox artifact", " quantitycontainerful quantity", "playbox artifact", "matchbox artifact", "ballot box artifact", "crate artifact", "bandbox", "tree", "sweatbox", "tuck box", "vanity box", "kitchen range", "humidor", "cashbox", "suggestion box", "witness box", "useful when moving one's household", "carriage", "tackle box", "cabinetopencyccabinet storage construction", "airbox", "cable box", "nou", "dialog box", "bento box", "carrying case", "black box", "chinese boxes", "workbox", "text box", "tinderbox", "toolbox", "ballot box", "checkbox"]], "/r/PartOf": [["lid", "lid artifact", "mouth artifact", "label"], [], [], [], [], [], ["box seat artifact", "lid artifact", "base artifact", " artifactcoach artifact", " artifactball field artifact", " artifactbalcony artifact"]], "/r/HasA": [["lid", "things like pickles or jam"], [], [], [], [], [], ["finite amount of space"]], "/r/CapableOf": [["store harvest", "hold water", "continue to leak"], [], [], [], [], [], ["hold things", "store food", "store objects"]], "/r/AtLocation": [["peanut butter", "pickles", "jelly", "cookie", "pantry", "jam", "honey", "change", "food", "water", "mayonnaise", "baby foods", "pickle", "pigs feet", "pickled onions", "pennies", "olives", "soup", "cherries", "beets", "applesauce", "jelly beans", "candy", "refrigerator", "peanuts", "kitchen cupboard", "space", "ointment", "mayonaise", "cupboard", "coins", "washers", "preserves", "cookies", "mustard", "vegemite", "beans", "nails", "preserved frog", "marrow and ginger chutney", "grape leaves", "red cabbage pickle", "horseradish mustard", "fruit", "green tomato chutney", "strained carrots", "piccalilli", "green jalapeno jelly", "cajun mustard", "chili mustard", "medicine", "grape jelly", "mild plum chutney", "pear cardamum chutney", "mayo", "house", "strained peas", "ginger pineapple chutney", "frog hollow peach chutney", "creole garlic marinade", "fig and lemon conserve", "country fruit chutney", "hot sauce", "marinated cherries", "preserved brai", "olive", "mulled wine jelly", "sweet and sour cucumber", "lemon and mustard seed chutney", "moonshine", "roasted tomato chutney", "vegatables", "apple nut chutney", "cranberry pecan chutney", "jellly", "black sheep ale chutney", "tomato pear chutney", "store", "pickled herring", "bengal chutney", "cucumber and yoghurt sauce", "hot mango chutney", "wild thymes chutney", "pennys", "chocolate syrup", "blood orange marmalade", "frosting", "marmelade", "pesto", "cranberry chutney", "pumpkin butter", "pineapple ginger chutney", "maple cream", "cabinet", "chocolate spread", "cranberry walnut chutney", "popcor", "lemon butter sauce", "air", "marinated vegetables", "lemon chutney", "nebbiolo grape chutney", "wild mayhaw jelly", "apple cranberry chutney", "tomato chutney", "baby food", "peach chutney", "in kitche", "pineapple giner chutney", "blackberry apple chutney", "conserves", "baby cor", "jellybeans", "canned fruits", "apricot pepper jelly", "hawaiin mustard", "tomato garlic and ginger chutney", "indian mango chutney", "runner bean chutney", "beetroot pickle", "penny collectio", "scampi sauce", "pineapple", "bolts", "grocery store", "tomato apple ginger chutney", "beef orange chutney", "pickle relish", "curried apple banana chutney", "bee", "apple peach apricot chutney", "screws", "compote", "whisky", "pill", "apple butter", "lemon curd", "artichoke hearts", "frog hollow asian pear chutney", "herring", "banana chutney", "liquid substance", "toffee", "shelf", "marble", "english mustard", "mixed fruit", "tomato cinnamon clove preserves", "hot'n spicy butter marinade", "rhubarb chutney", "mayonase", "spaghetti sauce", "gooseberry chutney", "pickled beets", "major grey chutney", "strawberry jam", "mango chutney", "pickled eggs", "lemon juice", "pasta sauce", "hot vegetable chutney", "sugar", "liquid", "pineapple mango chutney", "nopalitos", "horseradish", "dill pickles", "mixed nuts", "date chutney", "chinese hot mustard", "pickled peaches", "roasted garlic marinade", "almond butter", "spiced plum chutney", "fetus", "caribbean mango chutney", "raspberry pepper jelly", "bourbon and peach chutney", "apple and tomato chutney", "tomato mint chutney", "cashew butter"], [], [], [], [], [], ["garage", "chocolate", "closet", "post office", "fox", "sheet of paper", "present", "space", "basement", " artifacttheater dramaturgy", "monitor", "cd rom", "warehouse", "toys", "shoes", " artifactballpark baseball", "birthday present", "chocolates", "keepsakes", "gift", "mail", "ferret", "major appliances", "bugle", "can fit", "hair dryer", "mouse", "styrofoam peanuts", "dynamite", "another box", "cat", "marmoset", "jack", "candy", "pliers", "apir of shoes", "liquor store dumpster", "weasel", "pasta", "bullet", "jewelry", "turtle", "usally package"]], "/r/HasProperty": [[], [], [], [], [], [], ["good to ship things i"]], "/r/CreatedBy": [[], [], [], [], [], [], []], "/r/Synonym": [[" eventjolt event", "jarful quantity", "v stativeclash stative", "bump around motion motio", "v motiojolt motio", "shake up motion motio", "pot"], [], [], [], [], [], ["loge artifact", "boxwood plant", "package contact", "boxful quantity", " statecorner state", "box seat artifact", "box tree", "box up", "vulva", "wikten 1text box", "wikten 1shelter", "wikten 1case"]], "/r/LocatedNear": [[], [], [], [], [], [], []], "/r/SimilarTo": [[], [], [], [], [], [], []], "/r/MadeOf": [[], [], [], [], [], [], []], "/r/ReceivesAction": [[], [], [], [], [], [], []]}, "/r/HasA": {"/r/RelatedTo": [["container", "glass", "preserving glass", "chrismatory", "wikten 1ornamental", "wire bail", "gurglet", "jarless", "pooter", "vwikten 2disagreement", "jarful", "jarring", "headspace", "jarlike", "canner", "wikten 2discordant", "olla", "swear jar", "unjarring", "vwikten 2awkwardly", "screw cap", "tea caddy", "wikten 1small", "screw off", "kang", "jarred", "pithos", "pickled punk", "wikten 1container", "wikten 1cylindrical", "kilner jar", "amphora", "jar hell", "bump and grind", "unjarred", "vwikten 2different", "gallipot", "pressure canner", "canaree", "wikten 1earthenware", "water monkey", "canwikten 2", "vwikten 2appearance", "gratinglyr", "wikten 1clay", "jugging", "mason jar", "jorum", "leyden jar", "jam", "glass container", "lid", "cookie", "jelly", "cover", "paste", "bottle", "inside", "jelly container", "preserve", "jam container", "flask", "maso", "goods", "canned goods", "canned", "containing", "containing jam", "bump", "keeping", "keeping jam", "jam inside", "sealed", "sealed bottle", "water", "jam bottle", "butter", "peanut butter", "peanut", "ur", "pickle", "pickles", "holds pickles", "holds", "cookies", "vessel", "cookies inside", "cookie storage", "storage", "pickle container"], []], "/r/UsedFor": [[" artifact contact", " artifactkeep stative", " artifacthold stative", "hold things inside", "hold fireflies", "store fruit", "holding applesauce", "can beans", "pickles", "storage", "holding pickles", "storing perishables", "holding liquids", "storage or protectio", "storing powders or liquids", "store flour"], []], "/r/LocatedAt": [[], []], "/r/FormOf": [["jars", "jarreth", "jarring", "jarred"], []], "/r/IsA": [["container", "vase artifact", "amphora artifact", " quantitycontainerful quantity", "beaker artifact", "cookie jar artifact", "canopic jar artifact", "jampot artifact", " artifactvessel artifact", "mason jar artifact", "crock artifact", "cruse artifact", "plastic jar", "see thru container with lid", "jamjar", "property of gate", "jam jar", "cookie jar", "glass receptacle", "food storage jar", "non powered device", "glass jar", "hollow cylindrical object", "casingopencycpackaging container product"], []], "/r/PartOf": [["lid", "lid artifact", "mouth artifact", "label"], []], "/r/HasA": [["lid", "things like pickles or jam"], []], "/r/CapableOf": [["store harvest", "hold water", "continue to leak"], []], "/r/AtLocation": [["peanut butter", "pickles", "jelly", "cookie", "pantry", "jam", "honey", "change", "food", "water", "mayonnaise", "baby foods", "pickle", "pigs feet", "pickled onions", "pennies", "olives", "soup", "cherries", "beets", "applesauce", "jelly beans", "candy", "refrigerator", "peanuts", "kitchen cupboard", "space", "ointment", "mayonaise", "cupboard", "coins", "washers", "preserves", "cookies", "mustard", "vegemite", "beans", "nails", "preserved frog", "marrow and ginger chutney", "grape leaves", "red cabbage pickle", "horseradish mustard", "fruit", "green tomato chutney", "strained carrots", "piccalilli", "green jalapeno jelly", "cajun mustard", "chili mustard", "medicine", "grape jelly", "mild plum chutney", "pear cardamum chutney", "mayo", "house", "strained peas", "ginger pineapple chutney", "frog hollow peach chutney", "creole garlic marinade", "fig and lemon conserve", "country fruit chutney", "hot sauce", "marinated cherries", "preserved brai", "olive", "mulled wine jelly", "sweet and sour cucumber", "lemon and mustard seed chutney", "moonshine", "roasted tomato chutney", "vegatables", "apple nut chutney", "cranberry pecan chutney", "jellly", "black sheep ale chutney", "tomato pear chutney", "store", "pickled herring", "bengal chutney", "cucumber and yoghurt sauce", "hot mango chutney", "wild thymes chutney", "pennys", "chocolate syrup", "blood orange marmalade", "frosting", "marmelade", "pesto", "cranberry chutney", "pumpkin butter", "pineapple ginger chutney", "maple cream", "cabinet", "chocolate spread", "cranberry walnut chutney", "popcor", "lemon butter sauce", "air", "marinated vegetables", "lemon chutney", "nebbiolo grape chutney", "wild mayhaw jelly", "apple cranberry chutney", "tomato chutney", "baby food", "peach chutney", "in kitche", "pineapple giner chutney", "blackberry apple chutney", "conserves", "baby cor", "jellybeans", "canned fruits", "apricot pepper jelly", "hawaiin mustard", "tomato garlic and ginger chutney", "indian mango chutney", "runner bean chutney", "beetroot pickle", "penny collectio", "scampi sauce", "pineapple", "bolts", "grocery store", "tomato apple ginger chutney", "beef orange chutney", "pickle relish", "curried apple banana chutney", "bee", "apple peach apricot chutney", "screws", "compote", "whisky", "pill", "apple butter", "lemon curd", "artichoke hearts", "frog hollow asian pear chutney", "herring", "banana chutney", "liquid substance", "toffee", "shelf", "marble", "english mustard", "mixed fruit", "tomato cinnamon clove preserves", "hot'n spicy butter marinade", "rhubarb chutney", "mayonase", "spaghetti sauce", "gooseberry chutney", "pickled beets", "major grey chutney", "strawberry jam", "mango chutney", "pickled eggs", "lemon juice", "pasta sauce", "hot vegetable chutney", "sugar", "liquid", "pineapple mango chutney", "nopalitos", "horseradish", "dill pickles", "mixed nuts", "date chutney", "chinese hot mustard", "pickled peaches", "roasted garlic marinade", "almond butter", "spiced plum chutney", "fetus", "caribbean mango chutney", "raspberry pepper jelly", "bourbon and peach chutney", "apple and tomato chutney", "tomato mint chutney", "cashew butter"], []], "/r/HasProperty": [[], []], "/r/CreatedBy": [[], []], "/r/Synonym": [[" eventjolt event", "jarful quantity", "v stativeclash stative", "bump around motion motio", "v motiojolt motio", "shake up motion motio", "pot"], []], "/r/LocatedNear": [[], []], "/r/SimilarTo": [[], []], "/r/MadeOf": [[], []], "/r/ReceivesAction": [[], []]}, "/r/CapableOf": {"/r/RelatedTo": [[], []], "/r/UsedFor": [[], []], "/r/LocatedAt": [[], []], "/r/FormOf": [[], []], "/r/IsA": [[], []], "/r/PartOf": [[], []], "/r/HasA": [[], []], "/r/CapableOf": [[], []], "/r/AtLocation": [[], []], "/r/HasProperty": [[], []], "/r/CreatedBy": [[], []], "/r/Synonym": [[], []], "/r/LocatedNear": [[], []], "/r/SimilarTo": [[], []], "/r/MadeOf": [[], []], "/r/ReceivesAction": [[], []]}, "/r/AtLocation": {}, "/r/HasProperty": {}, "/r/CreatedBy": {}, "/r/Synonym": {"/r/RelatedTo": [[], [], ["lacrimal punctum", "epicanthus", "monolid", "interpalpebral", "acrochordon", "eyebrow", "blepharophimosis", "deplumation", "unlidded", "blepharon", "entropium", "lacrimal duct", "canthectomy", "eyeblink", "auriculopalpebral", "eyelash", "subpalpebral", "auropalpebral", "distichia", "tarsorrhaphy", "syringoma", "pseudoptosis", "psorophthalmia", "exophthalmia", "entropion", "epiblepharon", "palpebronasal", "blepharokeratoconjunctivitis", "symblepharon", "lidded", "blepharoptosis", "palpebral", "oculorhinitis", "prosphysis", "cochleopalpebral", "tearpit", "horner's syndrome", "dermatochalasis", "acousticopalpebral", "palpebrate", "palpebral fissure", "capsulopalpebral", "blepharedema", "superior tarsal", "lizard", "soorma", "eyelids", "bleareye", "levator palpebrae superioris", "blepharonasofacial", "eyelidless", "chalazion", "stye", "conjunctivochalasis", "double eyelid", "periorbitopathy", "blepharoplegia", "eyelidded", "blepharitis", "meibomian gland", "ankyloblepharon", "orbicularis oculi", "tylosis", "eyeshade", "intrapalpebral", "tarsitis", "ablepharia", "ptosis", "palpebra", "xanthelasma", "akanbe", "trachoma", "single eyelid", "cryptophthalmos", "blepharostat", "scleriasis", "oculomotor nerve", "ectropion", "conjunctiva", "blepharectomy", "blepharoplasty", "lash line", "blepharochalasis", "deadlight", "nictitating membrane", "blepharal", "membrane", "eye", "coloboma", "eye shadow", "blepharotomy"], ["pileus", "lens cap", "pneumonia", "biretta", "endcap", "mortarboard", "top block", "bull rope", "swimcap", "skullcap", "y", "nose cap", "cockup", "cerevis", "vwikten 1lie", "wikten 1indicate", "caul", "academic costume", "snap cap", "capstring", "mickey mouse cap", "butt plug", "bottle opener", "telosome", "keep", "rebounding lock", "bycoket", "earflap", "becapped", "shapka", "availability", "decapped", "wikten 1rank", "capful", "vwikten 1firearm", "snood", "wikten 1mushroom", "uncapper", "fanny murray cap", "bald cap", "wikten 1charge", "wikten 1detonate", "capless", "balmoral", "clothing", "kissing string", "nanocap", "songkok", "wikten 1seal", "mortier", "apron", "phrygian cap", "capping", "whitecapped", "balaclava", "sanbenito", "fitted cap", "barret", "cloudcapt", "cup", "wikten 1cro ", "surmount", "tubeteika", "agaric", "thimble", "vwikten 3text", "vwikten 1outdo", "baseball cap", "swim cap", "pileiform", "beret", "cappable", "caps", "muffin cap", "decapping", "havelock", "bathing cap", "skufia", "floor", "placements", "wikten 1lid", "uncappable", "capz", "caesar's mushroom", "capmaker", "biggon", "built up roof", "gula", "dunsel cap", "capped", "side cap", "bicapped", "pinnerwikten 1", "smock mill", "breton cap", "elfin saddle", "parenthesome", "nightcap", "beanie", "fantail", "uncoif", "tolerance", "wikten 1paper", "ferril", "cap screw", "partitio", "earcap", "recapper", "ski mask", "skully", "beskozyrka", "suprailium", "glide", "caplike", "consistency", "cockscomb", "z", "calyx", "scrambled egg", "service cap", "colors", "lid", "wikten 1gunpowder", "calpack", "wikten 1head", "montero", "courche", "loop top", "cupola", "caplinwikten 2", "pellicle", "pileorhiza", "kepi", "liberty cap", "screw cap", "hood ornament", "captai", "cro ", "knee", "twist", "graduatio", "cover", "safety", "top", "bullet", "capital", "bottle"]], "/r/UsedFor": [[], [], [], []], "/r/LocatedAt": [[], [], [], []], "/r/FormOf": [[], [], ["eyelids"], ["capped", "caps", "capt", "capping"]], "/r/IsA": [[], [], [" bodyprotective fold body", "protective covering", "external anatomical part", "mammal eyelid", "upper eyelid", "body part", "eye", "lower eyelid", "portal covering", "anatomical structure"], ["glengarry artifact", "biretta artifact", "biggin artifact", "ferrule artifact", "sailor cap artifact", " artifactheaddress artifact", "garrison cap artifact", "hubcap artifact", "nightcap artifact", "nipple artifact", "balmoral artifact", "watch cap artifact", "kepi artifact", "balaclava artifact", "ski cap artifact", "liberty cap artifact", "bathing cap artifact", "wishing cap artifact", "bottlecap artifact", "radiator cap artifact", "coonskin cap artifact", "cloth cap artifact", "fez artifact", "distributor cap artifact", "mortarboard artifact", "thimble artifact", " artifacttop artifact", " plantplant part plant", "shower cap artifact", "tam artifact", "mobcap artifact", "calpac artifact", "baseball cap artifact", "cockscomb artifact", " artifactprotective covering artifact", "skullcap artifact", "kalansuwa artifact", "lens cap artifact", "pinner artifact", "beret artifact", "mortarboard", "sailor cap", "santa hat", "baseball cap", "military officer's cap", "bathing cap", "headgear", "stocking cap", "beret", "visoropencycvisor cap", "skullcap"]], "/r/PartOf": [[], [], ["conjunctiva body", "eyelash body", " bodyeye body", "eye", "eyelash"], ["earflap artifact", " plantfungus plant"]], "/r/HasA": [[], [], [], []], "/r/CapableOf": [[], [], [], []], "/r/AtLocation": [[], [], [], ["feather", "suitcase"]], "/r/HasProperty": [[], [], [], []], "/r/CreatedBy": [[], [], [], []], "/r/Synonym": [[], [], ["lid body", "palpebra body", "lid", "blepharo", ""], [" artifactcapital artifact", " dentistrycrownwork dentistry", "crest stative", "pileus plant", " communicatioceiling communicatio", " objecthood object", " artifactdetonator artifact", "top", "lid", "bullet", "mortarboard", "fitted cap", "wpsportwpsport"]], "/r/LocatedNear": [[], [], [], []], "/r/SimilarTo": [[], [], [], []], "/r/MadeOf": [[], [], [], []], "/r/ReceivesAction": [[], [], [], ["worn on head"]]}, "/r/LocatedNear": {}, "/r/SimilarTo": {}, "/r/MadeOf": {}, "/r/ReceivesAction": {}}}, "": {"N1": {"/r/RelatedTo": ["windowdoor", "worklabor", "butchermeat", "gallomeasure", "woundgash", "punishmentcrime and", "chickelaying", "thricerthree", "informed educated ", "closed obstructed ", "transpondianrightpondia", "mystifymystery", "audiovisualsaudiovisual"], "/r/UsedFor": ["flash artifactlight physics", "string bassplaying music"], "/r/LocatedAt": [], "/r/FormOf": ["air burstsair burst", "pot belliespot belly", "cross sectionscross sectio"], "/r/IsA": ["suburb locatioresidential district locatio", "western skink animalskink animal", "inertial mass physicsmass attribute", "leading man persoactor perso", "occasion timetime time", "tree toad animalfrog animal", "petaurista animalmammal genus animal", "torch singer persosinger perso", "drop arch artifactpointed artifact", "rottenstone substancelimestone substance", "scorpionfish animalscorpaenid animal", "temporary hookup artifactconnection artifact", "acrylic fiber substanceman made substance", "dependence statestate ", "overhand pitch actpitch baseball", "american spikenard plantsubshrub plant", "hedonist persosensualist perso", "homecoming actreunion act", "aldrovanda plantdicot genus plant", "ambystomatidae animalamphibian family animal", "assist ice hockeymaneuver act", "tithe barn artifactbarn artifact", "hypsometer artifactaltimeter artifact", "papyrus communicatiodocument communicatio", "cacodyl substancegroup chemistry", "penance actsacrament act", "rule of evidence lawrule communicatio", "usherette persousher perso", "hooks bodyhand body", "bilabial communicatiolabial consonant communicatio", "kurdish communicatioiranian communicatio", "theism cognitioreligion cognitio", "aristocrat persoleader perso", "bundesbank groupcentral bank group", "skirtform of female attire", "yardarm artifactend locatio", "supreme court lawfederal group"], "/r/PartOf": ["satachristian myth", "old testament communicatiobible communicatio", "styloid process bodytemporal bone body", "voider artifactbody armor artifact", "tower of london artifactlondon locatio"], "/r/HasA": ["baywater"], "/r/CapableOf": ["blanketscover bed", "chefbone chicke", "authorswrite books"], "/r/AtLocation": ["windowhouse", "dustcarpet", "action figuretoy department", "barbershopmall", "mouselab maze"], "/r/HasProperty": [], "/r/CreatedBy": [], "/r/Synonym": ["hawaiian honeycreeper animalhoneycreeper animal", "thing cognitiomatter cognitio", "dprk locationorth korea locatio", "gas tight air ", "get into possessioget in possessio", "west persocicily isabel fairfield perso", "sapindus drumondii plantwild china tree plant", "abls communicatiobachelor of arts in library science communicatio", "homburg artifactfedora artifact", "choking coil artifactchoke artifact", "sewerage artifactsewer artifact", "fish bowl stategoldfish state", "caddy golfcaddie golf", "moray eel animalmoray animal", "family zygnemataceae animalzygnemataceae animal", "severity attributeaustereness attribute", "hors d oeuvre foodhors food", "chukka artifactchukka boot artifact", "immunise competitioimmunize competitio", "kindling pointautoignition temperature", "corruptlyr corruptedlyr ", "lazy faineant ", "copernicia prunifera plantcarnauba plant", "log z's bodysleep body", "sworn pledged ", "palestine authority grouppalestine national group", "polyodon spathula animalpaddlefish animal", "linnaea borealis americana plantamerican twinflower plant", "stylise artstylize art", "thank youthank you very much", "infirm decrepit ", "uriniferous tubule bodynephron body", "passing actpassage act", "rio nunez coffee plantrobusta plant", "experimentation cognitioexperiment cognitio", "powerful knock do a ", "lichgate artifactlychgate artifact", "take advantage socialtrespass social", "pyrethrum plantpainted daisy plant", "take turns changealternate change", "water level locatiowaterline locatio", "fuddle stateclutter state", "insisting communicatioinsistence communicatio", "vibrate perceptioresonate perceptio", "viridity attributegreen attribute", "yarn dye changeimpress change", "balaenoptera borealis animalsei whale animal", "electron orbit locatioorbit locatio", "lillie persobeatrice perso"], "/r/LocatedNear": [], "/r/SimilarTo": ["large leafed leafy ", "captious critical ", "exaggerated increased ", "effective militaryoperational military", "tasty winey ", "fast breaking news article", "second rate inferior ", "disputatious argumentative ", "private nonpublic ", "coated glazed ", "free clear "], "/r/MadeOf": [], "/r/ReceivesAction": []}, "N2": {}}}