{"lift": {"N1": {"/r/RelatedTo": ["up", "elevator", "raise", "carry", "british", "actio", "pick", "pick up", "rise", "british elevator", "raising", "raise up", "arise", "moving", "heftable", "lifts", "lifted", "ejector", "service lift", "weightlifter", "cage", "paternoster", "fornyr\u00f0islag", "wikten 2device", "shaftway", "get leg up", "control brief", "mastopexy", "unlifted", "boost", "tiltrotor", "hold up", "vwikten 2restrictio", "mainplane", "jerkwikten 1", "foot lifter", "liftover", "unlifting", "teagle", "hoist", "vwikten 2raise", "pilot balloon observation", "break ground", "vwikten 2collect", "autogiro", "pump iron", "advance", "liftable", "upliftment", "pull up", "jackable", "kitewikten 1", "wikten 2lift gate", "lift to drag ratio", "adagio", "elevate", "heave", "rotorcraft", "shoe insert", "safety cage", "hoik", "movable", "vwikten 2lighte", "shaft", "vwikten 2alleviate", "liftman", "wrestle", "wikten 2elevator", "relevate", "uptake", "ornithopter", "wecht", "liftinglyr", "wingsuit", "outlift", "stoneblower", "hoist bridge", "hike up", "liftshaft", "relift", "attolent", "wikten 2elevatio", "penup", "aircraft", "wikten 2raising", "shrug", "run back", "hoistaway", "riser", "lifter", "levator", "hydraulic belt", "aerostat", "crane"], "/r/UsedFor": ["forklift", "machine", "hoist"], "/r/LocatedAt": [], "/r/FormOf": ["lifted", "liftest", "lifts", "lifteth", "lifting"], "/r/IsA": [" actaid act", " actdrive act", "top lift artifact", " eventwave event", " artifactdevice artifact", " actpropulsion act", " artifactlayer artifact", "airlift"], "/r/PartOf": [" artifactheel artifact"], "/r/HasA": [], "/r/CapableOf": [], "/r/AtLocation": [], "/r/HasProperty": [], "/r/CreatedBy": [], "/r/Synonym": ["v communicatiorevoke communicatio", " phenomenoaerodynamic lift phenomeno", "elevator", "v crimeplagiarize crime", " artifactski tow artifact", " artifactelevator artifact", "v motiorise motio", "v changeraise change", "v bodyface lift body", " actface lift act", "v stativerise stative", "heave act", "v possessiopilfer possessio", "elevate change", "v contacthoist contact", " eventelevation event", "v crimerustle crime", "rise event", "v motioraise motio", "raise change", "raise act", "v contactairlift contact", "raise motion motio", " actairlift act", "elevate", "wikten 1atmosphere", "assistance", "aid", "thrust", "help", "velevate", "vhoist", "vexalt"], "/r/LocatedNear": [], "/r/SimilarTo": [], "/r/MadeOf": [], "/r/ReceivesAction": []}, "N2": {"/r/RelatedTo": {"/r/RelatedTo": [["climb", "arise", "lift", "rise", "surrender", "support", "sky", "morning", "raise", "appear", "stretch", "high a ", "a high ", "a ascending ", "ascending a ", "increase", "robbery", "step", "fill", "pass", "arrive", "mistake", "cloud", "gravireceptor", "uphillr", "aface", "remount", "rvolume", "raway", "upcore", "uphoist", "aawake", "yo", "mummy bro ", "ragainst", "apublic", "rplanet", "having sex", "aterminus", "double", "brisk", "nod", "ana", "at", "atwo pair", "undulating", "acurrent", "whomp up", "aloftr", "upped", "awilling", "astairway", "acervative", "asequence", "ups", "upbound", "rpitch", "rwind", "flavor", "laevoelevation", "registration", "upshorts", "rclose", "up early", "rpossessio", "astand", "dextroelevation", "directio", "eradicate", "over", "upgradient", "on legr", "for", "shake one's head", "rhappiness", "rcurrent", "vincrease", "skyrocket", "rprice", "monte", "rbatsma", "yo mode", "mouth", "positive", "rthoroughly", "top", "vupload", "upburst", "rice", "misarrayed", "dude", "rrelatively", "amood", "rearth", "cabr\u00e9", "aavailable", "afunctional", "re", "arenowned", "upping", "happy", "underhand", "page up", "rgravity", "roiled up", "haul", "ice jack", "up andr", "aerect", "roxford", "south", "along", "ahorizo", "kaon", "ups and downs", "awell kno ", "aready", "imba", "anew", "hurry", "vraise", "aescalator", "aelevator", "upskirt", "rnorth", "rconsideratio", "message in bottle", "upness", "afinished", "vpromote", "gross up", "rterminus", "upturn", "rcambridge", "chip"], ["lift", " artifactpassenger boat", " artifactcargo artifact", "hoistway", "shaft", "disemelevator", "elevatorgate", "hoistaway", "zipway", "elevatorlike", "control", "inclinator", "elevate", "shaftway", "aircraft", "express elevator", "liftboy", "up", "raise", "counterweight", "wheelbarrowing", "elevatorless", "built i", "liftshaft", "walk up", "ultra light rail", "paternoster", "nonelevator", "safety cage", "muscle", "pitching", "tailplane", "manlift", "turbolift", "skip stop", "elevator surfer", "teagle", "uplift", "elevator authority", "silo", "dumbwaiter", "platform", "elevation", "hoistroom", "elevator talk", "elevators", "elevatored", "control surface", "liftman", "step"], ["lift", "up", "increase", "pay", "lift up", "salary", "promotio", "pay increase", "uprear", "stiltify", "top", "uprank", "elevatory", "heighten", "levation", "parent", "advance", "eyebrow flash", "sneer", "limp in", "woolgrowing", "vwikten 1tongue", "pull up boy", "main pot", "stilt", "lazarus sign", "water wheel", "object", "check raise", "insta call", "misraise", "bristle", "uplift", "scoopwheel", "fixed limit", "higher", "homebred", "raises", "persian wheel", "up ante", "problem child", "coalworks", "elevate", "jantu", "lift net", "lag"], ["hold", "lift", "holding", "bring", "tote", "take", "transport", "actio", "moving", "lifting", "movable", "retrieve", "chair", "vboarding", "vship", "vpregnant", "tract", "scopawikten 1", "port arms", "schlep", "cartwikten 1", "pomander", "primipara", "approximate", "pack animal", "loadout", "bota bag", "convey", "haul", "vstock", "move", "military load classification", "vdiss", "armorbearer", "vtake over", "vmaintai", "digit", "windshaft", "messenger rna", "breadbasket", "mail merge", "bridal carry", "inbear", "gandy dancer", "withbear", "vhave", "hump it", "vfrost", "ammo humper", "stretcher", "full handed", "uncarried", "wagon", "transaction", "dumper", "armourbearer", "recarry", "porterwikten 1", "flooder", "water"], ["lift", "colour", "manchester", "craphat", "britishification", "bevin boy", "bernsteinian", "dibenzoxazepine", "blue ensign", "coldstream", "lymeswold", "hobsbawmian", "morgan", "monty python", "horsegate", "pommy", "titchenerian", "crossbencher", "hookerian", "red box", "shadow minister", "woodbine", "sepoy", "vorticism", "treacle tart", "banoffee", "clumber spaniel", "galfridian", "cesg", "straits settlements", "cape colony", "kaifong", "bounty", "parish", "rolls royce", "surf clam", "anglophobia", "cheese rolling", "harvey nicks", "partan", "londonesque", "dak bungalow", "morris", "shackletonian", "florin", "red ensign", "sticky toffee pudding", "corbynite", "pig war", "sbs", "waughian", "jolly hockey sticks", "freakbeat", "byronian", "tudor", "swabber", "pastygate", "britspeak", "bradleyan", "rupert's land", "martianism", "public school", "mbe", "limey", "zamindari", "sea partridge", "celtic", "abrythonic", "royal air force", "quirkian", "orangey", "light music", "uk", "indo briton", "lord", "black rod", "chummery", "ninety nine", "lancaster", "britannic", "westminster", "lieutenant general", "hurricane", "leo", "britoness", "stones", "angry young man", "king's shilling", "west germany", "britishness", "dripping cake", "wallerian", "morocco agencies", "party ring"], ["action"], ["choose", "pick out", "lift", "pick off", "flang", "scree", "varm", "vplay", "vattach", "vpluck", "jostle", "vlock pick", "rondalla", "pickman", "vhand", "vrelease", "vselect", "vwire", "primrose", "shuttle", "ventire", "vdecide", "handpick", "dermatillomania", "picklock", "culler", "interceptio", "vball", "fire axe", "vfingernail", "vconsumptio", "picksome", "pickfest", "choice", "prepicked", "vplant", "vpositio", "lockpicker", "auriscalpium", "pikeman", "vharvest", "pickoff", "hakapik", "agri entertainment", "vremove", "vgrasp", "vvegetable", "pickproof", "mattock", "vfinger", "repick", "unpickable", "picked strings", "vmusical instrument", "plectrum", "vfruit", "vstudying", "vrecognise", "comb", "lock pick", "choose up", "choosewikten 1", "take", "picker", "grape", "motherlode", "infielder", "berrying", "hoe", "pick hammer", "pickaxe", "maundril", "vground", "unpicked", "halligan bar", "vbowled", "tool", "pickery", "vbowler", "phaneromania", "pickable", "picked", "pickt", "elect", "select", "drop", "cotto", "guitar", "mining", "hold", "gather", "carry", "choosing", "ice", "decide", "mine", "selectio", "choose select", "mining tool", "ice tool", "mountai", "handle", "digging tool", "digging", "guitar tool", "breaking", "rocks", "breaking rocks"], [], ["up", "su", "slope", "go", "get up", "actio", "morning", "lift", "going", "go up", "going up", "getting", "getting up", "emergence", "keep do v", "unrisen", "uprise", "lip", "froth up", "overmount", "upheave", "riser", "appreciation", "start up", "wage drift", "climb", "storm surge", "rises", "overtop", "surbase", "vwikten 1planet", "yaw", "riseth", "ascensive", "uprear", "upsurge", "thermal", "sinistrorsal", "rising", "bob up", "rear up", "rerisen"], [], ["farm", "lift", "emphasis", "pastoralism", "fish farm", "levitation", "raisings", "upheaval", "algebraic function", "cultivatio", "upbringing", "frost heave", "elevation", "forcing", "tillage", "incantation", "incantate", "ecbole", "plyer", "home", "arise"], [], ["up", "get up", "wake", "getting", "getting up", "morning", "wake up", "lift", "waking", "actio", "optimality theory", "spring out", "happy", "violent presumption", "accrue", "misfeasance", "spontaneism", "redound", "rearise", "foam up", "resurrection", "umbel", "thought", "vget up", "instantaneous", "upstand", "venire facias de novo", "as of right", "happy path", "metaquotidian", "prebiological", "branch", "ariseth", "practico inert", "push up", "unarisen", "waking up", "awake", "su", "like", "go", "go up", "rising", "movement", "ascend", "stand", "come up", "come", "rise", "rise up", "beginning", "going up", "going", "arose", "like arose", "standing up", "standing", "motio", "coming up", "coming", "knighthood", "bed", "morning actio", "uplifting", "in morning", "bible", "bible like", "sir", "knight", "sir knight", "does", "sun does", "upward movement", "stand up", "upward", "wake lift", "from ashes", "ashes", "morning su", "sun up", "way", "other way", "up bed", "levitate", "other", "will", "christ", "christ will", "people", "raising", "knighting people", "knighting", "raising up", "with", "receiving knighthood", "receiving"], ["dance", "walk", "wind", "transport", "drive", "ru", "mobile a ", "a emotional ", "a stimulating ", "emotional a ", "a mobile ", "impressive a ", "a impressive ", "stimulating a ", "swim", "river", "wave", "climb", "motio", "box", "flow", "progress", "carry", "lift", "current", "relocatio", "streamer", "ride with punches", "haptotropic", "sobfest", "lubrication", "immobilize", "circular", "in full flow", "poignant", "transplant", "shift key", "rigid", "coulomb collision", "rest mass", "skyward", "tub", "at rest", "motionless", "dodge", "lorentz factor", "migration", "racquets", "northbound", "clearance", "cirrigrade", "non stationary", "water turbine", "arm's reach", "scalene muscle", "conflux", "on go", "meanderthal", "pallet jack", "motionlesslyr", "pump truck", "relativistic mass", "fast moving", "movinglyr", "convolution", "cheirokinesthesia", "circumnutate", "impulsive", "pallet truck", "versatile", "stillwikten 1", "circuit", "under way", "airflow", "cryfest", "fluid dynamics", "movely", "shuttle driver", "evocative", "materials handling", "holding action", "removal", "centripetal", "supple", "relocation", "bumper to", "screen motion capture", "drive by", "nonmoving", "movings", "stalking", "downcoming", "dromous", "pantechnicon", "queachy", "unmoving", "stationary", "go", "shake", "push", "advance", "rise", "car", "motor", "movie", "pull", "blow", "sail", "fall", "truck", "pass", "roll", "nomad", "talk", "exercise", "ferry", "travel", "tur", "rocker", "body", "away", "swimming", "pump", "walking", "kick", "ark", "sound", "trailer", "march", "steam", "sale", "come", "machine", "ramp", "door", "arm", "force", "va", "cart", "transfer", "furnish", "rush", "dancer", "lever", "pipe", "voice", "draw", "railroad", "busy", "vehicle", "rotatio", "coast", "pisto", "rake", "afternoo", "promotio", "rapid", "forth", "orderly", "step", "stop", "fast", "raise", "graft", "next", "retreat", "propeller", "fly"], ["alift"], ["vlift", "lift", "heaver"], ["inclined plane", "vlift", "araise up", "forklift", "ahold aloft", "astole", "haulee"], ["eject", "parachute", "engine", "withdraw", "seat", "jet", "giffard injector", "chassis", "board", "electronic", "lever", "lift", "vacuum", "jump", "ejectors", "steam", "dispossess", "circuit"], [], ["maximum", "barbell", "lift", "strength", "lifter", "performance", "sport", "weightlifters", "weight", "muscle"], ["ball valve", "uncage", "decage", "decaged", "cageful", "squirrel cage", "power rack", "compartment", "toeclip", "goal", "iron cage", "platonic hydrocarbon", "battery", "wire", "hexamine", "vmailing list", "decaging", "crush", "bal chatri", "uncaged", "lift", "perchery", "whim", "vvote", "caged", "steel cage match", "german paste", "vertex", "cresset", "homecage", "lickport", "safety cage", "catcher", "drum", "birdcage", "volleyballene", "encage", "vconfine", "branks", "meute", "cagewash", "cagebird", "diamantane", "adamantane", "bar", "filtertop", "wirework", "puzzle box", "girth", "ovifer", "enclosure", "rabbit hutch", "cage fighter", "caging", "mask", "squat rack", "hutch", "cage diving", "cages", "strainer", "hamster wheel", "clathrate compound", "automobile", "cagemate", "diamondoid", "regular", "discus", "sembling", "tramp chair", "gas hydrate", "skinner box", "cagework", "graph", "passenger", "microisolator", "cagelike", "squat cage", "cyclophane", "hand pay", "bell buoy", "cage dance", "browman", "hammer", "vdirect mail", "discage", "cageless", "cageling", "battery cage", "hoist", "aviary", "iceane", "cage fighting", "animal", "canary", "kennel", "hamster", "birds", "metal", "cell", "bars", "zoo", "priso", "bird", "trapped", "trapped i", "it is", "thing to", "shelter", "rattle", "animal shelter", "holder", "animal holder", "trap enclosure", "trap", "home", "zoo home", "holds", "holds birds", "animal crate", "crate", "keeping", "keeping birds", "animal restraint", "restraint", "holding", "animal enclosure", "bird priso", "hold animal", "hold", "feature", "zoo feature"], ["lord's prayer", "moulding", "ornament", "tackle", "medieval", "line", "lift", "bead", "hook", "compartment", "artisa", "rig", "salesma", "paternosters", "rosary", "prayer", "beads", "roman catholic", "trace", "elevator", "loop", "patent medicine", "right angle", "sinker", "cabi", "string"], ["verse", "edda", "form", "lift", "alliterative", "old norse", "half line"], [], ["vertical", "lift", "pentice", "elevator"], [], [], ["mammoplasty", "reshape", "lift", "operatio", "breast"], ["alift"], ["get leg up", "bellyband", "vamplify", "ramp up", "power snack", "agonistic monoclonal antibody", "stab", "boosts", "pressure", "wind at one's back", "intake manifold", "shot in arm", "boosted", "turbocharger", "unboosted", "preboost", "goose up", "booster", "vlift", "boosting", "reboost", "push", "vsignal boost", "haramaki", "postboost", "supercharger", "vpush", "vbooster shot", "leg up", "unboostable", "vsteal", "keyword stuffing", "boostable", "raise"], ["rotate", "octocopter", "rotorcraft", "rotor", "propulsio", "lift", "hexacopter", "proprotor", "aircraft"], [], [], ["airplane", "wing", "lift"], [], [], ["lift", "vehicle"], ["alift", "aabate"], ["elevator", "crane", "lift", "apparatus", "hoist"], ["crane", "hoik", "stay", "parbuckle", "jack up", "hutch", "hoister", "vlift", "vraise", "vflog", "lift", "velevatio", "glossocomon", "heeze", "perpendicular", "fly system", "fore and aft", "height", "vierkleur", "hudge", "craneman", "vconstruct", "fly", "vpackage", "cage", "polyspaston", "mast", "length", "vpulley", "boatswain's chair", "voptimizatio", "teagle", "repeater", "vtackle", "tug", "hoistable", "hoists", "top rope", "pulley", "vflag", "hoise", "chockablock", "cargo pallet", "flag", "shear legs", "barbette", "puller", "jears", "vertical", "hoisted", "stock tackle", "sway", "vloop", "hoisting", "draw up", "can hook", "hoistway", "becue", "catfall", "ball signal", "jacked up", "vweight", "keg stand", "sail", "staff", "uphoist", "horizontal", "vsail", "stretcher"], [], [], [], [], ["rotating", "autogiros", "propeller", "aircraft", "wing", "lift", "thrust"], [], ["forward", "ahead", "move", "preview", "vprovide", "credit", "prefer", "abderitism", "put forth", "invisible runner", "inroad", "prequalify", "floor plan lending", "preoptimization", "apex", "beat someone's time", "elden", "additio", "acompleted", "upfront", "drive", "move out to up", "pictionary", "technoplegic", "x prize", "notice", "brass ring", "standard fare", "rack and snail", "regulatory capture", "vpropose", "backward", "vfurther", "advanced", "dribble", "sexual harassment", "advances", "imprest", "predetermined", "mend", "rotate", "set aside", "vpush", "prepoll", "overture", "preprogram", "self assertive", "backward pa ", "advanceth", "vprogress", "prefiguration", "run at", "prespecified", "vapproach", "outslide", "bridgehead", "vput forward", "prebooked", "van courier", "preconcerted", "preset", "forewarning", "foreset", "traditional publisher", "vlift", "vpromote", "advancement", "go", "vbid", "ahead of one's time", "dead horse", "screener", "approximate", "advantage", "advancive", "encroachment", "premeditation", "vhappe", "prevision", "careerism", "practical alchemy", "lovemaking", "unplanned", "vprefer", "vincrease", "break even", "aheadr", "premeditated", "vhaste", "outrider", "encroach", "electrickery", "prior", "improvement", "proceed", "foredetermined", "flash crowd", "loa", "reservation", "apreceding", "prepayer", "amilestone", "stagnate", "break ground", "sidle", "earn out", "creep up", "money", "opportunist", "vforwards", "value", "vlend", "cassette drive", "holding pattern", "wolf", "predoom", "foreshadow", "aforward", "qwerty phenomenon", "advancest", "press on", "forewarned is forearmed", "supermajority", "leadwikten 2", "get ahead", "velevate"], ["alift"], ["promotio", "elevatio", "lift"], [], ["alift", "ajack"], [], [], [], ["ballet", "duet", "larghetto", "adagios", "lift", "gracefully", "leisurely", "andante", "trio", "balance", "tempo mark", "spi", "slowly"], ["vsound", "levator palpebrae superioris", "vlift", "jainism", "vhigher", "elevatest", "jetway", "vspirit", "unsensualize", "assure", "cocktail", "riser", "vrank", "vintensity", "promote", "transhumanize", "patten", "vpositio", "pseudoptosis", "heighten", "vhonor", "velevatio", "advance", "vlever", "velevator", "vhonour", "vincrease", "jet bridge", "overpressure", "elevation", "elevatedness", "inspiration", "heave shoulder", "exalt", "levator labii superioris", "vraise", "elevatable", "browlift", "re elevate", "vlevity", "elevatory", "elevates", "lift up", "elevateth", "aerobridge", "liftinglyr", "vennoble", "vcheer up", "upraise", "white coat hypertension", "hold aloft", "drainboard", "vpromote", "incretin", "elevating", "raise", "lift"], ["heaving", "surge", "vdisplace", "vlift", "heaved", "broken wind", "dislocatio", "heavinglyr", "vthrow", "heavest", "vvomit", "horse", "heaves", "weight", "astayr", "lode", "vutter", "heaveth", "vomit", "metallic", "intersectio", "vraise", "upheaval", "vcast", "pitch", "horizontal", "hove", "careen", "bolk", "hip lock", "upheave", "retch", "vretch", "vpull", "cast"], ["autogyro", "bicopter", "helicopter", "gyrodyne", "aircraft", "tricopter", "quadcopter", "alpha hinge", "hexacopter", "delta hinge", "multirotor", "octocopter", "rotor", "lift", "tiltrotor", "multicopter"], [], [], ["spittle", "vlift", "hoiking", "vspit", "vhoist", "hoiks", "hook", "vthrow out", "wild", "shot", "style"], ["platform bridge", "shutter dam", "astationary", "personalty", "alift", "commodity", "portacot", "chicken tractor", "jump seat", "platform crane", "afixed", "sprechery", "persienne", "rocking pier", "wares", "real estate", "movableness", "fusuma", "movables", "transporter bridge", "portable toilet", "aconvey", "sweep", "hatchboat", "atime", "amphiarthrosis", "lizard", "support", "wardrobe", "sceneman", "aposture", "adraw", "teleautomatic", "property", "swing bridge", "furniture", "portacrib", "parhypate", "lichanos", "aplace", "amove", "wiper", "atur", "movability", "acarry", "goods", "personal property", "wagon", "index", "tipstock", "bear trap dam", "alcavala", "immobile"], [], ["colum", "ladderway", "moulin", "shaftless", "propeller", "cannon", "groove", "cassette", "motorized", "air", "blind level", "draglink", "vane", "vdeceit", "cross axle", "pillow block", "walk dog", "hosel", "vireton", "pencil", "pikestaff", "thill", "cable", "lift", "neckmould", "bollock dagger", "crankshaft", "upright", "shafts", "foreteam", "swashplate", "jacking gear", "bottlebrush", "vsexual", "axis", "shaftwork", "body", "natural", "vcause", "vertical", "cimbia", "post hanger", "camshaft", "midshaft", "center", "ferril", "shafted", "snath", "hammermill", "cap screw", "pedestal", "clustered column", "feather", "lacrosse stick", "thiller", "rotary encoder", "lamphole", "elevator", "liftshaft", "cleading", "turboshaft", "trumpeting", "shaft horsepower", "nib", "fireplace match", "pole", "javeli", "shaftlike", "cockshaft", "heating", "bunton", "gorgerin", "spinetail", "long", "pin", "journal bearing", "gleam", "boultel", "underlayer", "power take off", "connecting rod", "spindle", "turbopump", "vintercourse", "drift", "aven", "shift gears", "belt drive", "particularly", "mule pulley", "capital", "tubbing", "herl", "bottomer", "bellyband", "shank", "triger process", "central", "hotbox", "rapper", "vhave", "tub", "rear wheel drive", "torsionmeter", "wound rotor", "duct", "foggara", "vamplate", "fillet", "drop", "crosscheck", "diaphysis", "axle", "arrow", "vespecially", "animal", "ventilatio", "trichomycosis", "up over", "semiplume", "spear", "lightwell", "web", "vequip", "vfuck over", "blast furnace", "laundry chute", "quill", "pillar", "winze", "spline", "rhabdome", "passage", "eurytele", "beam", "earth", "spearshaft", "artificial", "conduit", "bushing", "cradle", "rod", "denehole", "backband", "lancewood", "narrow work", "harnessed", "buggy whip", "bench grinder", "blowout preventer", "vehicle", "bardiche", "equivalent shaft horsepower", "vtreachery", "harness saddle", "sunk", "crayford focuser", "narrow", "ginging", "rachis", "haulier", "adit", "driveshaft", "cross check", "toe", "hauler", "limited slip differential", "ray", "vharm", "either", "lance", "shafting", "contour feather", "qanat", "bague", "stairwell", "lum", "litter", "handle", "sollar", "crank", "hawaiian sling", "light", "tige", "projectile point", "vfuck", "lander", "nut bar", "turbine", "pivot", "heelpost", "lanceolate", "layshaft", "differential gear", "polearm", "wildcat", "stulm", "pycnostyle", "propeller shaft", "chamber", "tool", "sunshaft", "mine", "bat", "stem", "pisto", "stick"], [], ["elevator", "lift", "operate"], ["wrestler", "vstruggle", "wrestling", "wrestled", "vgrappling", "vcontend", "vthrow", "steel cage match", "struggle", "wrestles", "vimmobilize", "vmove", "vmatch", "vdepending", "vdefeat", "scruffle", "vcontest", "vdifficulty", "vstrive", "mud wrestling", "wrestleth", "vcalf", "vlift", "agonize", "vopponent", "vrule", "vbrand", "vattempting", "vwrestling", "wrestlest", "warple", "bout"], [], ["vuprightness", "vedify", "vrestore", "vrelevatio", "vlift", "vcharacter", "vrelevant"], ["vlift", "photorespiration", "pipe", "nutrient", "organism", "absorptio", "uptakes", "upcast", "transpiration", "understanding", "vtake up", "chimney", "volumizer", "acrodermatitis enteropathica", "biological pump", "take up", "comprehensio", "oxygen pulse", "oxygen deficit", "food", "steam boiler", "selective serotonin reuptake inhibitor", "radiouptake", "smokebox"], ["flap", "aircraft", "lift", "ornithopters", "aerodynamics"], ["weight", "grai", "lift", "instrument"], [], ["jumpsuit", "rocket belt", "lift", "wingsuits", "parachute", "surface area", "extreme sport"], ["vlift", "vweight"], ["sleeper", "level", "lift", "track", "stoneblowing", "ballast", "railway"], [], [], ["shaft", "elevator shaft", "lift", "lift shaft", "elevator"], ["vlift"], ["alift", "amuscle", "araise"], [], ["hovers", "pendo ", "tip", "penups", "lift", "handwriting", "graphonomics", "pe"], [" artifactpilot aircraft", " artifactpassenger boat", " artifactterminal artifact", " artifactcargo artifact", "rate of climb indicator", "no fly", "airdropped", "planemaker", "ground loop", "aileron authority", "warplane", "flight line", "air to surface missile", "flyboy", "air to missile", "sigmet", "hedge hop", "tailwheel", "drag parachute", "undercarriage", "delta wing", "hot air balloon", "parachutist", "missed approach", "aeroplane", "takeoff", "deadstick", "air pocket", "autolanding", "flying brick", "fly by wire", "airfleet", "lane", "jet age", "flightseeing", "gullwing", "aluminum shower", "touch do v", "pitot tube", "air show", "skywatch", "autothrottle", "probe", "airstrike", "turn and bank indicator", "aviate", "proprotor", "offboard", "nose cone", "aero", "dambuster", "mcrit", "charter pilot", "mailplane", "cooper vane", "crop dusting", "air mail", "jumpseating", "airframe", "skiplane", "hexarotor", "acars", "airprox", "joystick", "air drop", "bird strike", "emergency landing", "boostglide", "water bomber", "airmanship", "onwing", "payload", "flight path", "wifferdill", "escadrille", "fighter plane", "dihedral", "tailsitter", "wind tunnel", "omnibearing", "hangar", "emergency locator transmitter", "tankbusting", "air raid", "flare angel", "fighter", "omnirange", "airdash", "catalina", "landing strip", "buoyancy", "vector", "delta glider", "medevac", "convertiplane", "aerostatics", "ground to air", "aeropause", "marshaler", "prop wash", "paradiver", "airspace", "wing", "gate rape", "cropduster", "chaff", "propeller shaft", "microlight", "navigator", "titanium", "propeller", "danger area", "gravity drop", "airliner", "planespotting", "bush pilot", "test fly", "undercart", "aeronef", "cruiser", "scoutwikten 1", "eject", "optionally piloted vehicle", "wingspread", "control surface", "groundcrew", "jato", "localizer", "no fly zone", "anti aircraft", "airlifter", "dive bomber", "crate", "centre of lift", "drogue", "aviation fuel", "hull loss accident", "aerotrekking", "yellow shirt", "airportable", "cargoplane", "phugoid", "uav", "aviatress", "boarding", "subsonic", "demate", "air taxi", "airman", "piracy", "commuterliner", "lighter than air", "seaplane", "t tail", "tankbuster", "jet jockey", "preflight", "sukhoi", "wingtip", "rudder authority", "airdroppable", "pancake landing", "hush house", "astrodome", "aerospace", "waist", "trimotor", "mgtow", "surface to air", "flight deck", "aerostat", "distrail", "moorage", "jettison", "service item", "air support", "hedgehopper", "test flight", "dew line", "air terminal", "control tower", "chase plane", "approach", "cord", "tanker aircraft", "talkdo ", "poopy suit", "comanche", "fly by seat of one's pants", "fighter aircraft", "taxiway", "feather", "airmiss", "chicken cannon", "turboramjet", "air", "airmail", "corridor", "rate of climb", "airport", "hold luggage", "skyfaring", "bogey", "base jump", "specific fuel consumption", "subframe", "air to ground", "aerophobic", "aircraft attitude", "contrail", "bulkhead", "pilot", "air rage", "nosewheel", "fighter bomber", "airflow", "loxodrome", "anhedral", "second officer", "flitter", "airmails", "cumulogranite", "digital target", "airfaring", "airwar", "airstrip", "drift meter", "ornithopter", "mayday", "anti icing", "flare", "hush kit", "groundfire", "landplane", "airdrop", "aerodrome", "overflight", "aeromodeller", "lift to drag ratio", "jet fighter", "hedgehop", "groundspeed", "ground effect vehicle", "flying machine", "deicing boot", "radio fix", "airsickness", "mosquito", "bail out", "turret", "hurricane", "superjet", "floatstick", "radiomarker", "backseater", "upcast", "rocket plane", "spyplane", "flop tube", "flying school", "crash land", "lancaster", "deplanement", "sideslip", "spaceplane", "smokey bear", "ultralight", "bizjet", "great circle route", "direct flight", "aircrafts", "spinner", "aerial", "matewikten 1", "superbomber", "movement", "supersonic", "crash landing", "taildragger", "bombsight", "duralumin", "hijacked", "turbulence", "airscoop", "paratrooper", "crossfeed", "air rights", "flying ace", "airspeed", "flaptrack", "stick shaker", "air to", "airview", "machmeter", "loop", "airdrome", "aeromechanic", "gyrodyne", "bailout", "washout", "aircraftlike", "ground power", "flaperon", "surface mail", "tiltwing", "fuselage", "typhoon", "bellyload", "embarkation", "supermaneuverability", "dogfight", "propwash", "trijet", "airspeak", "air traffic", "air base", "aviation", "air freight", "airfoil", "rotor", "nose art", "airpath", "cargo", "pullout", "preboard", "tailspin", "ownship", "king post", "air piracy", "radar horizon", "avgas", "hydrocopter", "papa", "blue shirt", "waverider", "tailstrike", "barrage balloon", "airspeed indicator", "estimated position", "air traffic controller", "liftoff", "aerial photography", "elevator", "thrust reverser", "jetport", "clear air turbulence", "nimrod", "yaw", "scramjet", "mig", "gyroplane", "mile high club", "outboard", "magnesium alloy", "titanium aluminide", "hangar rash", "ejector seat", "first officer", "dead reckoning", "flight data recorder", "alert five", "ejection seat", "flying coffin", "synchroscope", "backwash", "evacuation slide", "glider", "air to ship", "rato", "rejected takeoff", "stick landing", "airwoman", "longeron", "gate guard", "autogiro", "aircover", "rotorcraft", "vtol", "airship", "a", "stabilizer", "war grave", "heckler", "aircrew", "airbus", "head up display", "skydive", "enplanement", "flight recorder", "sonic boom", "fred", "headwind", "tiffy", "aerobomb", "zero length launching", "leading edge", "aircraft carrier", "hangar queen", "air strike", "abeamr", "foxhound", "stealth fighter", "air to surface", "ozone sickness", "fsw", "air corridor", "interceptor", "dogfighting", "navigate", "attack aircraft", "nitromethane", "stick pusher", "taxi", "elevator authority", "glass cockpit", "zero", "aeroengineer", "aerodyne", "gosport tube", "aerospace engineering", "twinjet", "inclinometer", "flight engineer", "box tail", "model aircraft", "aerocraft", "scramble", "manchester", "glideslope", "centrifuge", "turboprop", "black box", "flarepath", "spin", "airbridge", "nacelle", "compass swing", "tailslide", "aeromodelling", "hand off", "aerometeorograph", "purser", "sortie", "statoscope", "bush plane", "george", "autobrake", "shadow factory", "radio direction finder", "airfield", "graveyard spiral", "tailhook", "flight", "avian ingestion", "bandit", "flying sport", "weymann", "tailnumber", "glide path", "shakedo ", "flight envelope", "lysander", "aluminum", "airbreather", "rib", "afterburner", "empennage", "copilot", "air cargo", "air navigation", "tiltrotor", "cheatline", "mechanic", "offwing", "hang glider", "taxiing", "x plane", "flying wing", "flight suit", "vertiport", "bombload", "aerostructure", "mother ship", "broken bird", "air lane", "aerodonetics"], [], ["shrugginglyr", "garment", "cardiga", "vconcer", "shruggie", "shrugged", "knit", "indifference", "vdread", "\u30c4", "lift", "vuncertainty", "shrugging", "shrugs", "shruggy", "shoulder", "shrugger", "movement", "shoulders", "gesture", "shoulder movement", "body", "gesticulatio", "up", "shoulders up", "oh well", "oh", "well", "language", "body language", "unsure", "shoulder motio", "motio", "raised shoulders", "raised", "body movement"], [], ["lift", "elevator", "mechanical"], ["stumpie", "body", "step", "risers", "bridgeboard", "nosing", "internal combustion engine", "conduit", "rumpie", "staircase", "harness", "webbing", "placement", "convey", "cable", "pipe", "path", "strip", "rigging", "fluid", "bow", "parachute", "manx cat", "vertical", "line", "telephone", "elevate", "midrise", "rise", "platform", "utility", "networking", "showable", "stand", "lift"], ["assist", "lifters", "thief", "spatula", "weightlifter", "lift", "jack"], ["muscle", "levation", "levators", "lift"], [], ["wing", "lift", "nacelle", "aircraft", "rotor", "aerostats", "airship", "aerostatic", "balloo", "aerostatics", "aerodyne", "buoyancy", "dirigible"], ["bird", "stork", "industrial", "leg", "cranelike", "rubbernecker", "titan crane", "luff", "armwikten 1", "device", "stone county", "pendulation", "flight", "vraise", "vextend", "crane county", "craning", "minicrane", "extend", "machine", "pipe tong", "yakamik", "great blue hero", "wrecking ball", "grus", "platform crane", "neck", "gruidae", "deus ex machina", "vpull up", "constructio", "cranes", "tagline", "sandhill crane", "transtainer", "twickenham", "vlower", "banksman", "usa", "cranberry", "demoiselle crane", "tower crane", "bath county", "harney county", "county seat", "egret", "craned", "gantry crane", "sheerleg", "cdp", "crowned crane", "lift", "dogman", "felling head", "indiana", "orego", "hero", "container crane", "gibbet", "brolga", "moulinet", "londo", "wading bird", "portainer", "ardea herodias", "common crane", "boom", "any", "thames", "sarus crane", "vjump", "coolung", "transporter", "hoist", "teagle", "craneman", "virginia", "long", "cranage", "gruiform", "mechanical", "family", "oversail", "agami", "siberian crane", "texas", "martin county", "rubberneck", "davit", "large", "missouri", "building", "long neck", "lifting", "machinery", "vehicle", "heavy", "tall", "construction equipment", "equipment", "building vehicle", "heavy machinery", "sky", "sites", "building sites", "delivers babies", "delivers", "babies", "lifting heavy", "construction vehicle", "tall bird", "lifting machine", "grabber", "object mover", "mover", "object", "high", "high lifting", "yellow", "yellow usually", "usually", "building lift"]], "/r/UsedFor": [[], [" artifacttransport contact", " artifactraise motio", " artifacthoist contact"], ["ski tow artifact motio", "elevator artifact motio", "wing artifact motio"], ["carrier bag", "holding point", "handle", "vanity case"], [], [], ["picking lock"], [], [], [], ["child"], [], [], ["highway", "muscle", "central passage", "taking walk", "vessel"], [], [], [], [], [], [], [], [], [], [], [], [], [], [], [], [], [], [], [], [], [], [], [], [], [], ["lifting heavy objects", "lift heavy objects", "lift things", "elevator artifact contact", "ski tow artifact contact", "lifting", "moving objects", "lift object", "lifting boats", "li", "lifting things", "lift", "lifting up", "raise object", "easing manual labor", "transporting objects", "pulling up", "lifting objects"], [], [], [], [], [], [], [], [], [], [], [], [], [], [], [], [], [], [], [], [], [], [], [], [], [], [], [], [], [], [], [], [], [], [], [], [], [], [], [], [], [], [], [], [" artifacttransport motio", " artifactfly motio", " artifactland motio", "wing artifact"], [], [], [], [], [], [], [], [], [], []], "/r/LocatedAt": [[], [], [], [], [], [], [], [], [], [], [], [], [], [], [], [], [], [], [], [], [], [], [], [], [], [], [], [], [], [], [], [], [], [], [], [], [], [], [], [], [], [], [], [], [], [], [], [], [], [], [], [], [], [], [], [], [], [], [], [], [], [], [], [], [], [], [], [], [], [], [], [], [], [], [], [], [], [], [], [], [], [], [], [], [], [], [], [], [], [], [], [], [], []], "/r/FormOf": [["ups", "u.p", "upping"], ["elevators"], ["raises", "raised"], ["carrying"], [], [], ["picks", "picked", "picking", "picketh", "pick'd", "pickest"], [], ["rosest", "riseth", "risen", "rised"], [], ["raise", "raisings", "vraise"], [], ["arising", "arisen", "ariseth", "arisest", "arosest", "arises", "arose", "arised"], ["movings", "vmove"], [], ["lift", "vlift"], ["vlift", "lift"], ["ejectors"], [], ["weightlifters", "weight lifter"], ["caging", "cages", "caged"], ["paternosters", "paternostering", "paternostered"], [], [], ["shaftways"], [], [], ["mastopexies"], [], ["boosted", "boosts", "boosting"], ["tiltrotors"], [], [], ["mainplanes"], [], [], ["liftovers"], [], ["teagles", "teagling", "teagled"], ["hoisting", "hoisted", "hoists", "hoisteth"], [], [], [], [], ["autogyro", "autogiros"], [], ["advanced", "advances", "advancing", "advanceth"], [], ["upliftments"], [], [], [], [], [], ["adagios"], ["elevateth", "elevating", "elevates", "elevated"], ["heaves", "heaved", "heavest", "heavedst", "heaveth", "heaving"], ["rotorcrafts"], [], [], ["hoiks", "hoick", "hoiked", "hoiking"], ["moveable", "movables"], [], ["shafting", "shafted", "shafts"], [], ["liftmen"], ["wrestles", "wrestling", "wrestled"], [], ["relevates", "relevated", "relevating"], ["uptaken", "uptakes", "uptaking", "uptook"], ["ornithopters"], ["wechts"], [], ["wingsuits"], [], ["stoneblowers"], [], [], ["liftshafts"], ["relifting", "relifted", "relifts"], [], [], ["penups"], ["aircrafts"], [], ["shrugged", "shrugs", "shrugging"], [], ["hoistaways"], ["risers"], ["lifters"], ["levatores", "levators"], [], ["aerostats"], ["craned", "cranes", "craning"]], "/r/IsA": [["directio", "rup", "quark", "opencycup port administrative statuscomputer ports"], [" artifactlifting device artifact", " artifactairfoil artifact", "paternoster artifact", "freight elevator artifact", "dumbwaiter artifact", "medical instrument", "intra building transportation device", "roomopencycroom in constructio", "transport container", "surgical hand tool", "mechanical device", "alternative to stairs", "externally powered device", "part of building", "bucket elevator"], [" attributeincrease attribute", "doubling act poker", " pokergamble act"], ["portage act", "fireman's carry act", "packing act", "porterage act", " acttransportation act", "piggyback act"], ["pansys", "pink floyd", "british tourist", "englishman", "little sark island person", "guernsey island person", "jersey island person", "herm island person", "british serviceman", "lithou island person", "british businessman", "jethou person"], [], [" artifactdevice artifact", " artifactedge tool artifact", " actbasketball play act", "toothpick artifact", "mattock artifact", "icepick artifact", "guitar pick artifact", " artifacthand tool artifact", "opencycpick toolindustrial equipment", "opencycpickaxerigid portable object", "ice pickopencycpick tool", "tool", "opencycpickaxehardware tool", "opencycpickaxematerial movement hand tool", "opencycpickaxeshaped thing", "opencycpick toolmaterial movement hand tool", "opencycpickaxegardening tool", "opencycpick toolhardware tool", "opencycpickaxeindustrial equipment"], [], [" actmotion act", "takeoff event", "climb act", "soar act", " eventchange of location event", "heave event", "elevation event", "spike event", "climb event", "uplifting event", "heave act", "rapid climb event", "levitation act", " eventemergence event", "crime wave event", "upheaval geology event", "wave event", "liftoff event", " attributeincrease attribute"], [], [" attributeupbringing attribute", "growing herbsopencycraising living things", "cultivatingopencycraising living things", "animal husbandryopencycraising living things", "plant kingdom husbandryopencycraising living things", "opencycraising living thingsmaintenanceopencycmaintaining", "beekeepingopencycraising living things", "opencycresurrectiophysical transformation", "worm husbandryopencycraising living things", "keepingopencyckeeping raising living thingsopencycraising things", "grape growingopencycraising living things"], [], [], ["opencycchange of residencephysical event", "dressingopencycputting on clothing itemopencyccausing another objects translational motio", "directed movementopencyccausing another objects translational motio", "clubbingopencyccausing another objects translational motio", "removal by movingopencyccausing another objects translational motio", "taking refugeopencycchange of residence", "change in coordinates", "expellingopencyccausing another objects translational motio", "conveying eventopencyccausing another objects translational motio", "inducing vomitingopencyccausing another objects translational motio", "opencycmoving buyingbuying", "placing in orientationopencyccausing another objects translational motio", "handingopencyccausing another objects translational motio", "liftingopencyccausing another objects translational motio", "spinning laundryopencyccausing another objects translational motio", "opencycchange of residencegoingopencycgoing somewhere", "opencyccausing another objects translational motioaction on object", "transmittingopencyccausing another objects translational motio", "impellingopencyccausing another objects translational motio"], [], [], [], [], [], [" persoathlete perso"], [" stateconstraint state", "squirrel cage artifact", " artifactnet field hockey", "iron cage state", "hutch artifact", "birdcage artifact", " artifactenclosure artifact", "animal container", "steel pe"], [" artifactelevator artifact"], [], [], [], [], [], [" actplastic surgery act"], [], ["morale building act", " actaid act", " actpush act", "wpc librariessoftware"], [], [], [], [], [], [], [], [], [], ["headgear artifact", "block and tackle artifact", "wheel and axle artifact", " artifactlifting device artifact"], [], [], [], [], [" artifactheavier than air craft artifact"], [], [" possessiosum possessio", " actincrease act", "cash advance"], [], [], [], [], [], [], [], [" musicmusical composition communicatio", " musicpassage communicatio", " actdancing act"], [], [" eventrise event", " actrise act", " actthrow act", " geologymovement event", " actspasm pathology"], [], [], [], [], [], [], [" architectureupright artifact", "axle artifact", " artifactpassageway artifact", "ventilation shaft artifact", " artifactpassage artifact", "air shaft artifact", " communicatioline communicatio", "elevator shaft artifact", "thill artifact", " artifactrod artifact", "downcast artifact", "well artifact", "drumstick", "crank shaft", "rivet", "pole vaulting", "nail", "shower curtain rod", "cam shaft", "curtain rod", "stake made of woodopencycwooden", "non agentive artifact", "stake", "pin", "helical shaft", "needle", "batonopencycbaton sports", "broom handle", "ski pole", "gaff", "axle", "threaded fastener", "postopencycpost stuck in ground", "spoke", "solid tangible artifact", "yardopencycyard boat part", "flagpole", "batonopencycbaton musical", "rod", "knitting needle", "towel rod", "crochet needle"], [], [], [" actstruggle act"], [], [], [" processhuman process", "reuptake process"], [], [], [], [], [], [], [], [], [], [], [], [], [], ["stealth aircraft artifact", "bombers", "cruise missile artifact", " artifactcraft artifact", "bogy artifact", "lighter than air craft artifact", "radio controlled helicopter", "radio controlled airplane", "heavier than air craft artifact", "unmanned aircraft", "embraer e jets", "bae hawk", "lighter than air aircraft", "northrop grumman x 47b", "lockheed sr 71 blackbird", "boeing 787 dreamliner", "commercial aircraft", "atr 72", "avro lancaster", "craft", "de havilland comet", "airbus a320 family", "eurocopter tiger", "douglas dc 3", "bell x 1", "supermarine spitfire", "terrestrial functioning object", "cargo aircraft", "passenger aircraft", "dassault rafale", "boeing 777", "dassault mirage f1", "transportation device", "fixed wing aircraft", "witch's broomstick", "tupolev tu 4", "chuteopencycparachute", "sukhoi pak fa", "boeing ah 64 apache", "socata tbm", "sikorsky h 5", "aea silver dart", "hawker siddeley harrier", "military aircraft", "boeing b 52 stratofortress", "air transportation vehicle", "airplane", "convair b 36", "mil mi 24"], [], [" communicatiogesture communicatio"], [], [], ["early bird person perso", " artifactstructural member artifact", " artifactpipe artifact", " persoperson", "manx"], [], [" bodymuscle body"], [], [], [" artifactlifting device artifact", "transporter artifact", "derrick artifact", "whooping crane animal", " animalwading bird animal", "davit artifact", "mississippi sandhill craneopencyccrane bird", "opencyccrane motorized devicemechanical device", "crane shovelopencyccrane motorized device", "crane vehicleopencyccrane motorized device", "opencyccrane birdbird", "whooping craneopencyccrane bird", "bird", "wpbirdbird"]], "/r/PartOf": [[], ["car artifact", " artifactbuilding artifact", " artifacthorizontal tail artifact"], [], [], [], [], ["ice axe"], [], [], [], [], [], [], [], [], [], [], [], [], [], [], [], [], [], [], [], [], [], [], [], [], [], [], [], [], [], [], [], [], [], [], [], [], [], [], [], [], [], [], [], [], [], [], [], [" actpas de deux act"], [], [], [], [], [], [], [], [], [" artifactmine artifact", " artifacttunnel car", " artifactbuilding artifact", " communicatioarrow communicatio", " architecturecolumn architecture"], [], [], [], [], [], [], [], [], [], [], [], [], [], [], [], [], [], [], [], ["cockpit artifact", "bay artifact", "nose artifact", "aircraft engine artifact", "skeleton artifact", "skin artifact", "fuel system artifact", "cabin artifact"], [], [], [], [], [" artifactstep artifact"], [], [], [], [], []], "/r/HasA": [[], ["door"], [], [], [], [], [], [], [], [], [], [], [], [], [], ["offices often have"], [], [], [], [], [], [], [], [], [], [], [], [], [], [], [], [], [], [], [], [], [], [], [], [], [], [], [], [], [], [], [], [], [], [], [], [], [], [], [], [], [], [], [], [], [], [], [], [], [], [], [], [], [], [], [], [], [], [], [], [], [], [], [], [], [], [], [], [], [], [], [], [], [], [], [], [], [], []], "/r/CapableOf": [[], ["pry up bone fragments", "lifting or descending", "lift people", "lift freight"], ["increase salary"], ["bag"], [], [], [], [], [], [], [], [], [], ["cause backaches"], [], [], [], [], [], ["lift weight", "lift weights", "lift dumb bell", "weight lift"], ["control wild animal"], [], [], [], [], [], [], [], [], [], [], [], [], [], [], [], [], [], [], [], [], [], [], [], [], [], [], [], [], [], [], [], [], [], [], [], [], [], [], [], [], [], [], ["turn at high speed"], [], [], ["wrestler"], [], [], [], [], [], [], [], [], [], [], [], [], [], [], [], [], ["land on runway", "drop bomb"], [], [], [], [], [], [], [], [], [], ["set mobile home", "lower cement block", "lift large masses", "lower freight", "reach post", "lift lot of weight", "lift bricks", "lower it's load", "lift heavy weight"]], "/r/AtLocation": [[], ["building", "hotel", "at hotel", " artifactbuilding artifact", " artifactelevator shaft artifact", "suspension cable", "apartment", "music", "huma", "mall"], [], [], [], [], [], [], [], [], [], [], [], [], [], [], [], [], [], ["gym"], ["small dog", "marmot", "bird", "snake", "lemur", "marmoset", "kitte", "wiener dog", "zoo", "lizard", "fox", "feather", "koala", "sloth", "cat"], [], [], [], [], [], [], [], [], [], [], [], [], [], [], [], [], [], [], ["boathouse", "party", "workshop", "ship's hold", "automotive repair shop", "marina", "dock", "auto repair garage", "factory"], [], [], [], [], [], [], [], [], [], [], [], [], [], [], [], [], [], [], [], [], [], [], [], [], [], [], [], [], [], [], [], [], [], [], [], [], [], [], [], [], [], [], [], [" artifactsky object", "air", "huma", "bomb", "flight bag", "sky"], [], [], [], [], [], [], [], [], [], []], "/r/HasProperty": [["sky", "opposite of do "], [], [], [], [], [], [], [], [], [], [], [], [], ["projectile ball"], [], [], [], [], [], [], [], [], [], [], [], [], [], [], [], [], [], [], [], [], [], [], [], [], [], [], [], [], [], [], [], [], [], [], [], [], [], [], [], [], [], [], [], [], [], [], [], [], [], [], [], [], [], [], [], [], [], [], [], [], [], [], [], [], [], [], [], [], [], [], [], [], [], [], [], [], [], [], [], []], "/r/CreatedBy": [[], [], [], [], [], [], [], [], [], [], [], [], [], [], [], [], [], [], [], [], [], [], [], [], [], [], [], [], [], [], [], [], [], [], [], [], [], [], [], [], [], [], [], [], [], [], [], [], [], [], [], [], [], [], [], [], [], [], [], [], [], [], [], [], [], [], [], [], [], [], [], [], [], [], [], [], [], [], [], [], [], [], [], [], [], [], [], [], [], [], [], [], [], []], "/r/Synonym": [["r upwardsr ", "a upward ", "a astir ", "r upwardlyr ", "a improving ", "ralley oop", "upwardr", "vturn up"], ["lift artifact", "lift"], ["bring up communication communicatio", "get up motion motio", "v bodyresurrect body", "v socialrear social", "v changeenhance change", "bring up motion motio", "wage hike attribute", "bring up creation creatio", "invoke creation creatio", "conjure creation creatio", "set up construction constructio", "v emotioarouse emotio", " actlift act", "put up construction constructio", "call do v creation creatio", "call forth creation creatio", "v motiolift motio", "prove motion motio", "v farminggrow farming", "v changelift change", "erect construction constructio", "evoke creation creatio", "salary increase attribute", " objectascent object", "elevate motion motio", "rise attribute", "wage increase attribute", "hike attribute", "leaven motion motio", "v socialpromote social", "rear construction constructio", "stir creation creatio", "lift motion motio", "conjure up creation creatio", "lift change", "put forward creation creatio", "v competitiorecruit competitio", "arouse creation creatio"], ["v socialbehave social", "v contacthold contact", "v possessiostock possessio", "sway social", "v contacttransport contact", "hold consumption consumptio", "take stative", "persuade social", "convey communication communicatio", "v bodyhave bun in oven body", "v sportdribble sport", "extend change", "v possessiopost possessio", "run creation creatio", "pack stative", "v stativehold stative", "express communication communicatio", "v motioconduct motio", "conduct", "take", "vhave", "vtransmit", "vadopt"], [" persobritish people perso", "proto brythonic"], [], ["v contactpluck contact", "pickax artifact", "pickaxe artifact", "break up contact", "v contactpeck contact", " actchoice act", "pluck contact", "v consumptionibble consumptio", "v communicatioblame communicatio", "cull contact", "plectrum artifact", " cognitiochoice cognitio", " quantitypicking quantity", " artifactwoof artifact", "v changeclean change", "plectron artifact", " groupcream group", "v possessiofoot possessio", "picklock", "vselect", "decide", "vchoose", "plectrum", "pickaxe"], [], ["ascent event", "uprise astronomy", "boost attribute", "v motiomove up motio", "jump change", " eventlift event", "ascending act", "v socialrebel social", "v motiosurface motio", "v motioarise motio", "rear stative", "climb change", "climb up change", "ascension event", "hike attribute", "prove motion motio", "uprise motion motio", "ascent act", " attributeraise attribute", " objectascent object", "go up", "cost increase attribute", "ascend astronomy", " attributeupgrade attribute", " actadvance act", "ascension act", "lift motion motio", "go up motion motio", "arise motion motio", "move up motion motio", "v stativeoriginate stative", "v changewax change", " theologyemanation theology", "rising event", "v bodyresurrect body", "come up motion motio", "lift stative", "v bodyget up body", "come up astronomy", "v changeheighten change", "go up change", "vwikten 1come back from dead", "arise", "mushroom"], [], ["rearing attribute", "nurture attribute", " actbreeding act", " eventelevation event", "working"], [], ["v bodyget up body", "rise motion motio", "come up stative", "v motiorise motio", "come up change", "vappear", "v stativeoriginate stative", "v socialrebel social", "get up motion motio", "vemerge", "bob up stative", "uprise motion motio", "stand up motion motio", "vascent", "vsoar", "vmount", "vreappear", "vrise", "vsurface", "vgo up", "vpop up", "vproceed", "vcome", "vbegi", "originate", "get to one's feet", "vstart up", "voccur", "vget up", "vspring up", "vresult", "vrevolt", "vcome into being", "vaccrue", "vensue", "emerge", "appear", "vget out of bed", "be born", "voriginate", "vissue"], ["motive"], [], [], ["a upraised ", "blazed"], [" persoouster perso", " artifactcartridge ejector artifact"], [], ["lifter person perso"], [" persojohn milton cage jr perso", "cage in social", "coop artifact", " artifactbatting cage artifact"], ["lord's prayer"], [], [], [], [], [], [], [], [" attributerise attribute", "v motiohike motio", "supercharge change", "v socialpromote social", "advance change", "encouragement act", "jump start", "wpc librarieswpc libraries"], [], [], [], [], [], [], [], [], [], ["lift contact", "wind contact", "run up contact", "lift", "jack"], [], [], [], [], ["autogyro artifact", "gyroplane artifact"], [], ["cash advance possession possessio", "go on motion motio", "bring forward motion motio", "v competitiogain competitio", "v socialpromote social", " eventimprovement event", "rise act", "set ahead motion motio", " actprogress act", "v changeboost change", " eventprogress event", "move on motion motio", "a in advance ", "march on motion motio", "a beforehand ", " communicatiooverture communicatio", "v changeprogress change", "progress motion motio", "pass on motion motio", "throw out communication communicatio", "gain change", "expectant", "come closer", "progress", "come along", "go on", "way", "accelerate", "adduce", "vallege", "go forward", "attend to", "vaccelerate", "approach", "prepay", "vassig", "dignify", "push forward", "advance payment", "velevate"], [], [], [], [], [], [], [], [], ["v motioraise motio", "v socialpromote social", "v changelift change", "vincrease", "dignify", "lift", "advance", "lift someone's spirits", "lord", "vcheer up", "vlift", "ennoble", "vennoble", "vpromote"], ["heave up contact", "heft contact", " actlift act", "v bodypant body", "v bodygag body", "buckle change", "heaving act", "retch act", "heaving event", "v motiobillow motio", "warp change", "heft up contact", "huzzah"], [""], [], [], [], ["a transportable ", " furniturechattel furniture", "personalty", "relocatable"], [], ["scape architecture", " bodydiaphysis body", "v competitiocheat competitio", " artifactspear artifact", " bodycock body", " communicatioshot communicatio", " artifactrotating shaft artifact", " animalquill animal", " phenomenobeam phenomeno", "mineshaft", "rachis", "stale"], [], [" persoelevator man perso"], ["wrestling act", "grappling act", "hand to struggle act", "v motiowrithe motio", "grapple act"], [], [], [" actconsumption act"], [" artifactorthopter artifact", ""], [], [], [], [], [], [], [], ["elevator shaft"], [], [], [], [], ["flying machine"], [], [], [], [], ["riser pipe artifact", "riser pipeline artifact", "riser main artifact", "footstep"], [" persobooster perso", " persoweightlifter perso", "tappet", "fish slice"], [], [], ["lighter than air craft"], ["stretch out body", " persostephen crane perso", " persoharold hart crane perso", " objectgrus object", "wpmachinewpmachine", "wpbirdwpbird"]], "/r/LocatedNear": [[], ["fire exit"], [], [], [], [], [], [], [], [], [], [], [], [], [], [], [], [], [], [], [], [], [], [], [], [], [], [], [], [], [], [], [], [], [], [], [], [], [], [], [], [], [], [], [], [], [], [], [], [], [], [], [], [], [], [], [], [], [], [], [], [], [], [], [], [], [], [], [], [], [], [], [], [], [], [], [], [], [], [], [], [], [], [], [], [], [], [], [], [], [], [], [], []], "/r/SimilarTo": [["dormie golf ", "risen a ", "a computerfunctioning ", "a in lead ", "raised a ", "a upfield sport", "upbound a ", "a upward ", "finished a ", "a upbound ", "a dormie golf", "heavenward a ", "aweigh a ", "upfield sport ", "a raised ", "a sprouted vegetatio", "upward a ", "a aweigh ", "prepared a ", "a finished ", "a heavenward ", "functioning a computer", "a risen ", "sprouted vegetation ", "in lead a ", "a prepared "], [], [], [], [], [], [], [], [], [], ["a increasing ", "increasing a "], [], [], ["a kinetic ", "a awheel ", "a ahorseback ", "a afoot ", "blo a ", "mobile a ", "a haunting ", "awheel a ", "affecting a ", "kinetic a ", "self propelled a ", "a animated ", "haunting a ", "animated a ", "a affecting ", "a self propelled ", "flaring a ", "oncoming a ", "a fast flying ", "a soul stirring ", "a mobile ", "soul stirring a ", "afoot a ", "wriggling a ", "fast flying a ", "a oncoming ", "restless a ", "a restless ", "ahorseback a ", "heartwarming a ", "a heartwarming ", "a blo ", "a vibratory ", "a flaring ", "vibratory a ", "a wriggling "], [], [], [], [], [], [], [], [], [], [], [], [], [], [], [], [], [], [], [], ["foreplane"], [], [], [], [], [], ["winch"], [], [], [], [], [], [], [], [], [], [], [], [], [], [], ["a slow music", "slow music "], [], [], [], [], [], [], ["a portable ", "portable a "], [], [], [], [], [], [], [], [], [], [], [], [], [], [], [], [], [], [], [], [], [], [], [], [], [], [], ["longy", "rumpy", "ru"], [], [], [], [], []], "/r/MadeOf": [[], [], [], [], [], [], ["metal"], [], [], [], [], [], [], [], [], [], [], [], [], [], [], [], [], [], [], [], [], [], [], [], [], [], [], [], [], [], [], [], [], [], [], [], [], [], [], [], [], [], [], [], [], [], [], [], [], [], [], [], [], [], [], [], [], [], [], [], [], [], [], [], [], [], [], [], [], [], [], [], [], [], [], [], [], [], [], [], [], [], [], [], [], [], [], []], "/r/ReceivesAction": [[], [], [], [], [], [], [], [], [], [], [], [], [], [], [], [], ["infatuation feels like spirit", "toilet seat"], [], [], [], [], [], [], [], [], [], [], [], [], [], [], [], [], [], [], [], [], [], [], [], [], [], [], [], [], [], [], [], [], [], [], [], [], [], [], [], [], [], [], [], [], [], [], [], [], [], [], [], [], [], [], [], [], [], [], [], [], [], [], [], [], [], [], [], [], [], [], [], [], [], [], [], [], []]}, "/r/UsedFor": {"/r/RelatedTo": [["vmove", "raised", "forkliftable", "headguard", "forklifted", "like", "stringer", "hi lo", "lowered", "forklifts", "pallet", "power", "insertio", "moved", "platform", "load", "fork", "forklifting", "cargon", "pronged", "operated", "vstack", "industrial", "vehicle", "lifted"], ["mechanical", "take up", "rube goldberg machine", " artifactoperator perso", "device", "scale", "motor", "copy", "robot", "haywire", "cheek", "vending machine", "contraption", "mechanophobe", "machineless", "microoperation", "tomograph", "movement", "transplanter", "dud", "multimachine", "crane", "caml", "intermixer", "harvester", "machinelike", "airplane", "call originator", "washplant", "coil winder", "electricity", "spinning frame", "hydroseeder", "turbine", "stock picker", "mechanician", "manual labor", "fingerguard", "concher", "street sweeper", "pulp engine", "pascaline", "photocomposer", "nonmachine", "aberuncator", "turboencabulator", "reel to", "supermachine", "fourdrinier", "microphonograph", "repaver", "linisher", "repressurizer", "automobile", "autopen", "cornsheller", "mixer", "biorobotics", "remachine", "sequencer", "haymaker", "moderator", "swather", "vinificator", "masheen", "cycloscope", "drawbench", "pile driver", "machinic", "stack machine", "prime mover", "spinning jenny", "circulatory system", "stop motion", "automaton", "sling cart", "polyphaser", "pasteurizer", "burster", "weight", "guard", "blancher", "mechanist", "nonmachined", "reap", "impactor", "guidewheel", "turbomachine", "stonebreaker", "machinate", "nanorobotics", "artificial intelligence", "orograph", "sawmill", "split leather", "steam hammer", "headstock", "brussels net", "machinery", "replenisher", "steam shovel", "corncutter", "meter stamp", "bottlewasher", "micromachine", "teleautomaton", "flipper", "multipolar", "metadyne", "packager", "bring up", "perfecting press", "roboroach", "xerographer", "machinable", "machined", "scrimping bar", "pulper", "briquettor", "tumbling mill", "roller", "enrober", "governor", "depalletizer", "guillotine", "machine readable", "bolt bucket", "gadget", "manhandle", "photoduplicator", "moving part", "musical instrument", "scribbler", "feedhole", "carder", "classifier", "nipper", "spinning mule", "delinter", "household appliance", "degreaser", "instantizer", "spin dryer", "squirrel", "barcode", "recoater", "state machine", "polyvinylsiloxane", "brain", "pulsator", "stretching frame", "tenter", "cash register", "carrier", "photoplotter", "deus ex machina", "kneader", "envelope stuffer", "metacompilation", "robochef", "bundler", "ice cream maker", "point net", "self binder", "simulator", "responsiveness", "varitypist", "conditioner", "ctrl alt delete", "corrugator", "wire bonder", "machinist", "catadrome", "peelerwikten 2", "encephalograph", "quartz crusher", "machining", "mechanistic", "masticator", "smutter", "drawbar", "overwrapper", "copier", "speeder", "zamboni", "chevrette", "flocculator", "pentapod", "toys to life", "fragmentizer", "vm", "macerator", "deambulation", "food waste disposer", "erecting shop", "trumpet", "controller", "installation", "bodok seal", "corn cracker", "planter", "air compressor", "trencher", "turing machine", "plaiter", "intermachine", "typesetter", "neuroscanning", "votator", "kinetophone", "raker", "self test", "bolster", "spotface", "cytoanalyzer", "guideway", "swift", "windmill", "lithotype", "riveter", "telltale", "ball machine", "efficient", "gig mill", "mechanology", "screw machine", "autocook", "billy", "slubber"], ["crane", "hoik", "stay", "parbuckle", "jack up", "hutch", "hoister", "vlift", "vraise", "vflog", "lift", "velevatio", "glossocomon", "heeze", "perpendicular", "fly system", "fore and aft", "height", "vierkleur", "hudge", "craneman", "vconstruct", "fly", "vpackage", "cage", "polyspaston", "mast", "length", "vpulley", "boatswain's chair", "voptimizatio", "teagle", "repeater", "vtackle", "tug", "hoistable", "hoists", "top rope", "pulley", "vflag", "hoise", "chockablock", "cargo pallet", "flag", "shear legs", "barbette", "puller", "jears", "vertical", "hoisted", "stock tackle", "sway", "vloop", "hoisting", "draw up", "can hook", "hoistway", "becue", "catfall", "ball signal", "jacked up", "vweight", "keg stand", "sail", "staff", "uphoist", "horizontal", "vsail", "stretcher"]], "/r/UsedFor": [["move heavy objects", "lifting", "load truck", "lifting heavy things", "raise heavy items", "move heavy items", "carry things", "lift heavy items", "store pallets of merchandise", "remove pallets of merchandise from storage", "accomplish work in warehouse", "moving heavy objects", "lifting pallets", "lift", "ride across plant", "carrying things", "use in factory", "lifting and moving unloaded pallets", "moving large heavy objects", "moving things", "lift pile of heavy rocks", "use in warehouse", "doing construction work", "lifting heavy crates", "doing warehouse work", "lifting bulky objects", "picking up heavy things", "moving bulky objects", "warehouse", "moving heavy objects in warehouse", "lifting and moving awkwardly shaped objects", "wheeled and motorized power lifting", "lifting and moving loaded pallets", "lifting stuff", "lift and transport heavy things", "moving heavy crates in warehouses", "cut deck of cards", "lifting things", "driving"], ["work", "exercise muscles", "crush ice", "manufacture", "vend newspapers", "play chess", "wax floor", "brush teeth", "refrigerate", "filter", "count coins", "pop popcor", "televise", "seal", "lift skiiers", "rotate tires", "create electricity", "harvest", "bind books", "wash dirty clothes", "load ship", "make bread", "play tape", " artifactperform creatio", "mix concrete", "lubricate", "dig", "generate electricity", "record messages", "simulate airplane", "mold", "make cotton candy", "create parts", "apply coatings", "clip sheep", "sprinkle la ", "simulate automobile", "develop strength", "weave cloth", "repair car bodies", "power trai", "take tire off rim", "deliver luggage", "cremate", "pump water", "entertai", "survey", "burn trash", "beat eggs", "count money", "iron clothes", "make artificial snow", "fry", "see stars", "enlarge print", "vend products", "move vehicle", " artifactfunction contact", "dispense cigarettes", "scrub floor", "write", "lay railroad track", "pack cartons", " artifactwork act", "dump", "make juice drinks", "circulate water", "paint house", "water field", "test astronauts", "water flowers", "make copies", "test body temperature", "lift", "fill orders", "lift car", "combine", "play checkers", "dry clothes", "grind grains", "press clothes", "deliver insecticide", "print", "test blood", "power plane", " artifactwork artifact", "drive nails", "fly", "grind garbage", "take picture", "cut paper", "plow", "transport goods", "glaze", "clean sonically", "scan product codes", "make popcor", "simulate human thinking", "dispense gum", "dispense candy", "burn wood", "vacuum", "measure", "dispense snacks", "burn into leather", "grasp part", "smooth ice", "drain swamp", "power boat", "answer phone", "bend metal", "pump oil", "paint car", "pour grains", "build health in gym", "cook", "fry donuts", "heat tar", " artifacthelp social", "scan body", "incinerate", "drill teeth", "mechanized processes", "test pilots", "phone", "crosscut wood", "verify checks", "pump gas", "fan air", "bake bread", "wash clothes", "wash carpet", "kill", "power car", "drill hole", "dispense water", "bake goods", "calculate", "wash car", "dispense popcor", "record meetings", "shave metal", "dive deep into ocea", "mold plastic", "play cds", "mix drinks", "open cans", "store and retrieve computer storage media", "clean aquarium", "extend hearing power", "conveyor things", "punch holes", "print newspapers", "wash dishes", "power saw", "saw wood", "pasteurize milk", "cut hair", "receive signals", "extend human senses", "unscrew screw", "jig saw cut", "distill liquor", "pump liquids", "staple", "screw in", "fill bottles", "process cheese", "act as bank teller atm", "air conditio", "spray paint", "smooth wood", "x ray body", "sand wood", "solder metal", "inflate tires", "bond parts", "make fasteners", "rotate tower restaurant", "shave beard", "pump oxyge"], ["lifting heavy objects", "lift heavy objects", "lift things", "elevator artifact contact", "ski tow artifact contact", "lifting", "moving objects", "lift object", "lifting boats", "li", "lifting things", "lift", "lifting up", "raise object", "easing manual labor", "transporting objects", "pulling up", "lifting objects"]], "/r/LocatedAt": [[], [], []], "/r/FormOf": [["forklifts", "forklifting", "forklifted"], ["machines"], ["hoisting", "hoisted", "hoists", "hoisteth"]], "/r/IsA": [[" artifactself propelled vehicle artifact", "land vehicle", "internal combustion powered device"], ["refrigerator", "pump", "plane", "rocket", "assembly artifact", "bagger artifact", "hop picker artifact", "perpetual motion machine artifact", "stapler artifact", "cash machine artifact", "typewriter", "power shovel artifact", "workhorse artifact", "complex tool", "riveting machine artifact", "vehicle", " grouporganization group", "pulley artifact", "sorter artifact", "calculator artifact", "slicer artifact", "robot", "lever artifact", "farm machine artifact", "televisio", "wheel artifact", "trimmer artifact", "stamp artifact", "automato", "machinery artifact", "cotton gin artifact", "calender artifact", "self feeder artifact", "pile driver artifact", "washing machine", "franking machine artifact", "staple gun artifact", "computer", "snow thrower artifact", "bidet", "car", "power tool artifact", "decoder artifact", "motor artifact", "pavior artifact", "slot machine artifact", "toaster", "machine tool artifact", "cyborg person perso", "press artifact", " artifactdevice artifact", "milking machine artifact", "concrete mixer artifact", "textile machine artifact", "record player artifact", "corker artifact", "inclined plane artifact", "simulator artifact", "computer science artifact", "comber artifact", "clock", " persoperson", "printer artifact", " artifactmechanical device artifact", "time machine artifact", "backhoe", "transmitter", "centrifuge", "answering machine", "helicopter", "phone", "vaccum cleaner", "dishwasher", "tank", "artifact", "man made object", "watch", "windmill", "photocopier"], ["headgear artifact", "block and tackle artifact", "wheel and axle artifact", " artifactlifting device artifact"]], "/r/PartOf": [[], [], []], "/r/HasA": [["four wheels"], [], []], "/r/CapableOf": [["lift heavy things", "lift heavy crates", "lift pallet", "need battery to work", "raise loads of products", "need fuel to work", "dip over"], ["construct", "dispense", "vend", "wash dishes", "sort letters", "bottle soda", "sew seam", "dig hole", "ball cotto", "box product in container", "sort numbers", "do task"], []], "/r/AtLocation": [["construction yard", "factory", "construction site", "loading dock", "wherehouse", "warehouse"], ["ball bearing", "push button artifact", "museum", "bar", "house", "laboratory", "office", "industrial area", "own home", "every hom in united states", "cars"], ["boathouse", "party", "workshop", "ship's hold", "automotive repair shop", "marina", "dock", "auto repair garage", "factory"]], "/r/HasProperty": [["heavy"], ["mechanical"], []], "/r/CreatedBy": [[], ["people"], []], "/r/Synonym": [["forklift truck", "tow motor", "fork truck", "lift truck", "sideloader", "trailer loader", "fork hoist", "stacker truck", ""], ["political machine group", " artifactcar artifact", "simple machine artifact", "facsimile", "organizatio", "engine", "machinery", "apparatus", "puppet"], ["lift contact", "wind contact", "run up contact", "lift", "jack"]], "/r/LocatedNear": [[], [], []], "/r/SimilarTo": [[], [], ["winch"]], "/r/MadeOf": [[], [], []], "/r/ReceivesAction": [["found in warehouse", "found at factory"], [], []]}, "/r/LocatedAt": {}, "/r/FormOf": {"/r/RelatedTo": [["inclined plane", "vlift", "araise up", "forklift", "ahold aloft", "astole", "haulee"], [], ["vlift", "lift", "heaver"], [], ["carry", "ashitori", "pallet truck", "exercise", "weightlifting", "plastic surgery", "weights", "pump truck", "tighte", "backlift", "elevatio", "vlift", "pallet jack", "headgear", "raise", "crane", "rise", "strength", "arm", "weight", "heavy", "jack", "handle"]], "/r/UsedFor": [[], [], [], [], ["forklift", "hoist", "handle", "muscle"]], "/r/LocatedAt": [[], [], [], [], []], "/r/FormOf": [["vlift", "lift"], ["vlift"], ["lift", "vlift"], ["vlift"], ["liftings", "vlift"]], "/r/IsA": [[], [], [], [], ["going up", "raising automobile", "type lifting", "lifting opponent", "lifting onto shoulders", "movingopencyccausing another objects translational motio"]], "/r/PartOf": [[], [], [], [], []], "/r/HasA": [[], [], ["offices often have"], [], []], "/r/CapableOf": [[], [], [], [], ["right fallen vase"]], "/r/AtLocation": [[], [], [], [], []], "/r/HasProperty": [[], [], [], [], []], "/r/CreatedBy": [[], [], [], [], []], "/r/Synonym": [["a upraised ", "blazed"], [], [], [], []], "/r/LocatedNear": [[], [], [], [], []], "/r/SimilarTo": [[], [], [], [], []], "/r/MadeOf": [[], [], [], [], []], "/r/ReceivesAction": [["infatuation feels like spirit", "toilet seat"], [], [], [], []]}, "/r/IsA": {"/r/RelatedTo": [[], [], [], [], [], [], [], ["airlifted", "supplies", "civilia", "airlifting", "airlifter", "sea bed", "troops", "air", "pipe", "airbridge", "haylift", "emergency", "suck", "transportatio", "airlifts", "flight"]], "/r/UsedFor": [[], [], [], [], [], [], [], []], "/r/LocatedAt": [[], [], [], [], [], [], [], []], "/r/FormOf": [[], [], [], [], [], [], [], ["airlifting", "airlifts", "airlifted"]], "/r/IsA": [[], [], [], [], [], [], [], [" acttransportation act", "lift", "translocatingopencyctranslocatio"]], "/r/PartOf": [[], [], [], [], [], [], [], []], "/r/HasA": [[], [], [], [], [], [], [], []], "/r/CapableOf": [[], [], [], [], [], [], [], []], "/r/AtLocation": [[], [], [], [], [], [], [], []], "/r/HasProperty": [[], [], [], [], [], [], [], []], "/r/CreatedBy": [[], [], [], [], [], [], [], []], "/r/Synonym": [[], [], [], [], [], [], [], ["lift contact", "lift act", "air bridge"]], "/r/LocatedNear": [[], [], [], [], [], [], [], []], "/r/SimilarTo": [[], [], [], [], [], [], [], []], "/r/MadeOf": [[], [], [], [], [], [], [], []], "/r/ReceivesAction": [[], [], [], [], [], [], [], []]}, "/r/PartOf": {"/r/RelatedTo": [[]], "/r/UsedFor": [[]], "/r/LocatedAt": [[]], "/r/FormOf": [[]], "/r/IsA": [[]], "/r/PartOf": [[]], "/r/HasA": [[]], "/r/CapableOf": [[]], "/r/AtLocation": [[]], "/r/HasProperty": [[]], "/r/CreatedBy": [[]], "/r/Synonym": [[]], "/r/LocatedNear": [[]], "/r/SimilarTo": [[]], "/r/MadeOf": [[]], "/r/ReceivesAction": [[]]}, "/r/HasA": {}, "/r/CapableOf": {}, "/r/AtLocation": {}, "/r/HasProperty": {}, "/r/CreatedBy": {}, "/r/Synonym": {"/r/RelatedTo": [[], [], ["lift", " artifactpassenger boat", " artifactcargo artifact", "hoistway", "shaft", "disemelevator", "elevatorgate", "hoistaway", "zipway", "elevatorlike", "control", "inclinator", "elevate", "shaftway", "aircraft", "express elevator", "liftboy", "up", "raise", "counterweight", "wheelbarrowing", "elevatorless", "built i", "liftshaft", "walk up", "ultra light rail", "paternoster", "nonelevator", "safety cage", "muscle", "pitching", "tailplane", "manlift", "turbolift", "skip stop", "elevator surfer", "teagle", "uplift", "elevator authority", "silo", "dumbwaiter", "platform", "elevation", "hoistroom", "elevator talk", "elevators", "elevatored", "control surface", "liftman", "step"], [], [], [], [], [], [], [], [], [], [], [], [], [], [], [], [], [], [], [], [], [], ["vsound", "levator palpebrae superioris", "vlift", "jainism", "vhigher", "elevatest", "jetway", "vspirit", "unsensualize", "assure", "cocktail", "riser", "vrank", "vintensity", "promote", "transhumanize", "patten", "vpositio", "pseudoptosis", "heighten", "vhonor", "velevatio", "advance", "vlever", "velevator", "vhonour", "vincrease", "jet bridge", "overpressure", "elevation", "elevatedness", "inspiration", "heave shoulder", "exalt", "levator labii superioris", "vraise", "elevatable", "browlift", "re elevate", "vlevity", "elevatory", "elevates", "lift up", "elevateth", "aerobridge", "liftinglyr", "vennoble", "vcheer up", "upraise", "white coat hypertension", "hold aloft", "drainboard", "vpromote", "incretin", "elevating", "raise", "lift"], [], ["help", "aid", "unassistedlyr", "counseling", "assistances", "cast", "cry wolf", "talkdo ", "elmer", "help out", "technical support", "elmering", "pitch in", "subsidy", "assistant", "behelp", "application", "extra pair of hands", "hotline", "stand by", "by oneself", "medicide", "transcribe", "corporate welfare bum", "defence accord", "invocation", "assistive", "auxiliary", "throw bone to", "fireman's carry", "single handedlyr", "medicaid", "old boy network", "recourseless", "relieve", "unhelpful", "rightwikten 1", "unhelped", "air traffic control", "refuge", "invoker", "go it alone", "assist", "telephone operator", "coassist", "leave someone high and dry", "self help", "coadjutorship", "superadvenient", "warmline", "unassistedr", "transition", "helping hand", "invoke", "unaided", "leg up", "benefit", "guide on side", "racism of low expectations", "tour guide", "ecosphere", "guide dog", "paraplanning", "friend", "unassisted", "autopilot", "on one's o ", "stand alone", "single handedness", "legal blindness", "casual alien", "pogey", "left in lurch", "support", "helping", "care", "service", "out", "cane", "aid hep", "hep", "someone", "helping someone", "aid help", "who", "assists", "who assists", "welfare", "ot", "ot help"], ["help", "support", "assistance", "oddfellow", "good samaritan law", "wikten 1loa", "behelp", "home help", "subsidy", "wikten 1helper", "workfare", "succour", "bestand", "aidable", "horsewikten 1", "by accidentr", "white magic", "give someone hand", "ministrative", "succourless", "alms", "sustain", "minister", "benefit", "vwikten 2aide de camp", "butabarbital", "wikten 1feudal", "blueing", "nonaid", "doublecross", "brute force", "any port in storm", "aids", "subaid", "vwikten 2support", "micro macro paradox", "socialism of chair", "abet", "adjuvant", "aidful", "gaboxadol", "aidless", "aas", "gradus", "radio direction finder", "god helps those who help themselves", "assistless", "vwikten 2further", "walking stick", "subventionize", "on one's lonesome", "helping hand", "adminicle", "flamberge", "adjutant", "washing soda", "out relief", "suffrage", "cold comfort", "lorenz", "succursal", "cannulator", "conjugator", "unaidable", "nonaided", "pray", "wikten 1tribute", "aided", "pelagian", "cooperatio", "sponsorship", "arm of flesh", "aiding", "coadjutive", "papa", "eyewear", "behalf", "unassisted suicide", "drilling fluid", "aidance", "retinography", "instrument landing system", "tenth", "swim bladder", "unaided", "squinch", "crib note", "sig", "stick", "soap", "assist", "bed", "servant", "cross", "orderly", "first", "band", "board", "lend", "lend help", "handle", "payment", "charity", "cut", "number", "assisting", "helping", "eye", "helping hurt", "hurt", "corps", "medical", "relief", "first medical", "protectio", "famine help", "famine", "pencil"], ["jet engine", "introverted", "jab", "attack", "underthrust", "thrustinglyr", "nonthrust", "counterthrust", "clean and jerk", "reach", "propulsor", "turbojet", "thrustful", "drawbore", "face fuck", "fascet", "parallel", "satelloid", "thrusteth", "thrusts", "exsert", "face fucking", "impulse", "primary", "thrustlike", "smallsword", "retrude", "booster", "unchariot", "afterburning", "afterburner", "boke", "hunch", "propulsio", "drift", "reverse", "thring", "job", "antithrust", "inflict", "counterriposte", "push up", "extrude", "ripost", "autogiro", "force", "reaction engine", "exsertile", "thrusting", "pelvic thrust", "thrustless", "stab", "strokewikten 1", "goal", "tail rotor", "vadvance", "passade", "trusion", "vextend", "tsuki oshi", "upthrust", "thrustest", "riposte", "main gauche", "allonge", "thrusted", "rocket engine", "extrovert", "exsertion", "unthrust", "prop wash", "working mass", "flanconade", "forward", "upheave", "gyrodyne", "specific thrust", "bethrust", "thrustmeter", "rocket belt", "stockwikten 2", "plunge", "push", "effort", "jet pack", "home thrust", "uphilt", "thrutch", "lunge", "specific impulse", "extroverted", "land", "resistojet", "intrude"], ["servant", "support", "aid", "assistance", "assist", "care", "sos", "helper's high", "adjuvate", "helped", "facilitator", "nasal cannula", "helpest", "lend hand", "auxiliarlyr", "spirit animal", "speedwikten 2", "helper", "counterproductive", "indoor relief", "assistant", "unhelpful", "spotter", "helpability", "helpable", "help seeker", "mend", "assistless", "stand on one's own two feet", "helps", "safety coffin", "helpee", "can you help me", "moocher", "socialpreneur", "unhelpable", "helpinglyr", "come forward", "helping hand", "by oneself", "body heat", "directional", "reach out", "unhelpwikten 1", "coadjument", "guideline", "benefit", "save"], [], [], []], "/r/UsedFor": [[], [], [" artifacttransport contact", " artifactraise motio", " artifacthoist contact"], [], [], [], [], [], [], [], [], [], [], [], [], [], [], [], [], [], [], [], [], [], [], [], [], [], [], ["perso", "machinery artifact social", "crutch artifact social", "machine artifact social", "mechanism artifact social", "means artifact stative", "secretary", "book", "success", "mayor", "robot"], [], [], []], "/r/LocatedAt": [[], [], [], [], [], [], [], [], [], [], [], [], [], [], [], [], [], [], [], [], [], [], [], [], [], [], [], [], [], [], [], [], []], "/r/FormOf": [[], [], ["elevators"], [], [], [], [], [], [], [], [], [], [], [], [], [], [], [], [], [], [], [], [], [], ["elevateth", "elevating", "elevates", "elevated"], [], ["assistances"], ["aided", "aiding", "aids", "aideth", "aidest"], ["thrusts", "thrustedst", "thrusting", "thrustest", "thrusteth"], ["holp", "helps", "helping", "helped", "holpen"], [], [], []], "/r/IsA": [[], [], [" artifactlifting device artifact", " artifactairfoil artifact", "paternoster artifact", "freight elevator artifact", "dumbwaiter artifact", "medical instrument", "intra building transportation device", "roomopencycroom in constructio", "transport container", "surgical hand tool", "mechanical device", "alternative to stairs", "externally powered device", "part of building", "bucket elevator"], [], [], [], [], [], [], [], [], [], [], [], [], [], [], [], [], [], [], [], [], [], [], [], [], ["boost act", " actactivity act", "lift act", "hand act", "thanks act", "comfort act", "support act", "accommodation act", "relief act", "service act", "self help act", " attributeresource attribute", "facilitation act", "recourse act", "wpw\u00fcrmriver"], [" communicatiocriticism communicatio", "wpvideo gamevideo game"], [], [], [], []], "/r/PartOf": [[], [], ["car artifact", " artifactbuilding artifact", " artifacthorizontal tail artifact"], [], [], [], [], [], [], [], [], [], [], [], [], [], [], [], [], [], [], [], [], [], [], [], [], [], [], [], [], [], []], "/r/HasA": [[], [], ["door"], [], [], [], [], [], [], [], [], [], [], [], [], [], [], [], [], [], [], [], [], [], [], [], [], [], [], [], [], [], []], "/r/CapableOf": [[], [], ["pry up bone fragments", "lifting or descending", "lift people", "lift freight"], [], [], [], [], [], [], [], [], [], [], [], [], [], [], [], [], [], [], [], [], [], [], [], [], [], [], ["logic", "help others and"], [], [], []], "/r/AtLocation": [[], [], ["building", "hotel", "at hotel", " artifactbuilding artifact", " artifactelevator shaft artifact", "suspension cable", "apartment", "music", "huma", "mall"], [], [], [], [], [], [], [], [], [], [], [], [], [], [], [], [], [], [], [], [], [], [], [], [], [], [], [], [], [], []], "/r/HasProperty": [[], [], [], [], [], [], [], [], [], [], [], [], [], [], [], [], [], [], [], [], [], [], [], [], [], [], [], [], [], [], [], [], []], "/r/CreatedBy": [[], [], [], [], [], [], [], [], [], [], [], [], [], [], [], [], [], [], [], [], [], [], [], [], [], [], [], [], [], [], [], [], []], "/r/Synonym": [[], [], ["lift artifact", "lift"], [], [], [], [], [], [], [], [], [], [], [], [], [], [], [], [], [], [], [], [], [], ["v motioraise motio", "v socialpromote social", "v changelift change", "vincrease", "dignify", "lift", "advance", "lift someone's spirits", "lord", "vcheer up", "vlift", "ennoble", "vennoble", "vpromote"], [], [" attributeaid attribute", " possessiofinancial aid possessio", " actaid act", "lift", "help"], ["help attribute", " possessiofinancial aid possessio", "v socialhelp social", "assistance attribute", "assist act", "assistance act", " actcare act", "help act", "v bodyhelp body", "help", "adjutor", "vwikten 2support", "comfort", "contribute", "vhelp", "vwikten 2bestand", "favor", "lift", "attend to", "vwikten 2sustai", "helpwikten 1", "vwikten 2assist", "adjute", "wpw\u00fcrmwpw\u00fcrm"], ["push up stative", " actjab act", "v motiolunge motio", "shove motion motio", "squeeze motion motio", " actdrive act", " phenomenopush phenomeno", "stuff motion motio", "v contactthrow contact", " actstab act", "v communicatioforce communicatio", "v contactpierce contact", "vcompel", "impulse", "liement", "pass", "vdart", "lift", "focus", "break", "vattack", "wpvideo gamewpvideo game"], [" attributeavail attribute", " attributeaid attribute", "v stativehelp oneself stative", "v consumptioavail consumptio", " persoassistant perso", "assist social", "facilitate stative", "aid social", " actaid act", "aid body", "v consumptioserve consumptio", "lift", "vaid", "adjuvate", "helper", "wikten 1aid", "vavert", "succor", "comfort", "favor"], [], [], []], "/r/LocatedNear": [[], [], ["fire exit"], [], [], [], [], [], [], [], [], [], [], [], [], [], [], [], [], [], [], [], [], [], [], [], [], [], [], [], [], [], []], "/r/SimilarTo": [[], [], [], [], [], [], [], [], [], [], [], [], [], [], [], [], [], [], [], [], [], [], [], [], [], [], [], [], [], [], [], [], []], "/r/MadeOf": [[], [], [], [], [], [], [], [], [], [], [], [], [], [], [], [], [], [], [], [], [], [], [], [], [], [], [], [], [], [], [], [], []], "/r/ReceivesAction": [[], [], [], [], [], [], [], [], [], [], [], [], [], [], [], [], [], [], [], [], [], [], [], [], [], [], [], [], [], ["good"], [], [], []]}, "/r/LocatedNear": {}, "/r/SimilarTo": {}, "/r/MadeOf": {}, "/r/ReceivesAction": {}}},
  "": {}}