{"opened": {"N1": {"/r/RelatedTo": ["door", "wound", "field", "a ", "unsealed a ", "a unsealed ", "space", "market", "doors", "gate", "down tack", "quasi compact", "chappy", "leaf out", "lay open", "publiclyr", "unclose", "solid", "scissorwiser", "pioneer", "schoolday", "re opening", "avowed", "nightclub", "air", "wikten 3the", "latrine", "franklyr", "opener", "mooc", "reclose", "semiopen", "combination", "slide", "otopy", "k cell", "patefaction", "enfilade", "sindon", "drop spine", "chimney corner", "fishmouth", "willow", "phaeton", "accordion file", "left bracket", "return valve", "wikten 3scrutiny", "door chain", "openlyr", "loose handed", "puzzle box", "hypaethron", "fissuration", "convertible", "outdoorsr", "sensitive", "apert", "baire space", "dos", "labile verb", "hyperbolic plane", "frontstage", "awikten 1together", "unrip", "voc", "ya v", "open mid", "switchblade", "buzz in", "pelagic", "epinaos", "aperitive", "sideless", "vwikten 2access"], "/r/UsedFor": ["key artifact contact"], "/r/LocatedAt": [], "/r/FormOf": ["openedst"], "/r/IsA": [" eventtournament event", " locatioarea locatio", " cognitiopublic knowledge cognitio"], "/r/PartOf": [], "/r/HasA": [], "/r/CapableOf": ["door", "flower"], "/r/AtLocation": [], "/r/HasProperty": [], "/r/CreatedBy": [], "/r/Synonym": ["v contactunfold contact", "unfastened a ", "a undefendable ", "a undetermined ", "a capable ", " locatiooutdoors locatio", "clear location locatio", "open up contact", "a loose ", "a clear ", "surface cognition cognitio", "open up social", "a candid ", "v possessioafford possessio", "a exposed ", "a receptive ", "a overt ", "opened a ", "open up change", "a opened ", "appear", "exorheic"], "/r/LocatedNear": [], "/r/SimilarTo": ["active a ", "a wide open ", "gaping a ", "available a ", "ajar a ", "a wide eyed ", "wide eyed a ", "a nonunion ", "staring a ", "wide open a ", "a unrestricted ", "unconstricted a ", "a gaping ", "a unenclosed ", "public a ", "a active ", "unstoppered a ", "a unstoppered ", "unrestricted a ", "a ajar ", "a unconstricted ", "opened a ", "a public ", "a yawning ", "a staring ", "a opened ", "yawning a ", "a available ", "unenclosed a ", "nonunion a "], "/r/MadeOf": [], "/r/ReceivesAction": []}, "N2": {"/r/RelatedTo": {"/r/RelatedTo": [["entrance", "opening", "house", "portal", "knob", "entry", "window", "gate", "room", "wall", "exit", "ope", "handle", "entryway", "wood", "front", "hinges", "rectangle", "way", "woode", "building", "entering", "lock artifact", "bolt artifact", "rooms", "house entrance", "house opening", "enter", "gateway", "houses", "wall opening", "lock", "through", "room entrance", "opens", "passage", "rectangular", "house entry", "pull", "latch", "mat", "hinged", "has", "buzz in", "doorwardr", "rim lock", "sport one's oak", "door frame", "quadrivalve", "draught excluder", "snib", "doorframe", "crossette", "lintel", "loid", "butt hinge", "safety arch", "embrasure", "plan", "house door", "janus faced lock", "boltwikten 1", "storm door", "doorknob", "casing", "ingress", "double doors", "doorcase", "knocker", "door seal", "doors", "tracery", "dharna", "brickmould", "lockset", "heelpost", "vision panel", "stile", "shoji", "rat tat", "curtainwall", "lunette", "lock up", "wicket", "jamb", "roller shutter", "doorwardsr", "car door", "fanlight", "vitrage", "dooring", "doorlatch", "door god", "foredoor", "master key", "software", "fairy door", "placard", "hinge", "trapdoor", "vestibule", "front loader", "unhinge", "clausilium", "barn door", "file cabinet", "vcyclist", "cherry knocking", "cellar door", "hatchback", "dutch reach", "dropfile", "coupe", "garage door", "fingerguard", "architrave", "porti\u00e8re", "metal", "church door", "cripple", "top light", "fusuma", "hyperthyrion", "biforate", "shear cake", "unshoot", "stagedoor", "doorless", "doorway", "sidelight", "doggie door", "walk in", "scissor door", "hallstand", "scene dock", "doorlike", "barndoor", "program", "unbar", "halligan bar", "transom", "keyplate", "shotgun house", "put wood in hole", "anteport", "chowkat", "betty", "doorhanger", "monty hall problem", "kickboard", "adoorsr", "doorstaff", "doorline", "ram", "doorknocker", "four door", "judas hole", "peephole", "leaf", "vcollisio", "voncoming", "turn button", "hustle alarm"], ["injury", "cut", "hurt", "ope", "gash", "sore", "stitch", "scar", "ski", "bleeding", "blood", "flesh", "bur", "painful", "pai", "bloody", "hole", "injure", "battle", "vulnific", "sarcocol", "glover's suture", "issue pea", "underhealing", "lesion", "bipp", "imbrication", "windup", "xeroform", "graze", "cicatrise", "swab", "reepithelialization", "st hubert's key", "open wound", "scaith", "tampon", "reel", "weapon salve", "autoclip", "bite", "wounded", "sindon", "skin glue", "wounder", "photobiomodulation", "aseptic technique", "blighty", "cicatrix", "headwound", "repifermin", "cut up", "pannus", "dressing station", "twisted", "underwound", "debride", "woundable", "protractor", "dossil", "gastrorrhaphy", "woundeth", "dirty wound", "living bandage", "discharge", "unwoundable", "vulnerate", "stab", "irrigator", "band aid", "retractor", "bogota bag", "wikten 1hurt", "woundlike", "styptic pencil", "autoplasty", "lip", "wounding", "attaint", "langate", "spurt", "wounds", "cuticularization", "compound fracture", "dressing forceps", "epithelialization", "plaster", "wheel and axle", "maggot therapy", "contraction", "gorewikten 1", "rase", "biodebridement", "contusion", "gastroraphy", "french wire", "abrasion", "woundless", "reapproximate", "breach", "woundinglyr", "woundsome", "intrawound", "biotherapy", "paper cut", "probe scissors", "neodermis", "powder of sympathy", "sympathetic powder", "epithelialize", "bandage", "sanies", "ecouvillon", "trajector", "sticking plaster", "irrigate", "entry wound", "overhealing", "catscratch", "vulnerant", "pyoderma gangrenosum", "dressingwikten 1", "abdominal evisceration", "cicatrisive", "woundest", "scud", "through and", "ichthyotherapy", "laceration", "wikten 1tear", "secondary intention", "stab wound", "self winding", "epluchage", "counterincision", "biosurgery", "fingerprick", "conglutinant", "vulnus", "woundcare", "granulation", "tetanin", "hornerin", "lacerate", "granulation tissue", "colombian necktie", "penicil", "arquebusade", "maim", "eventration", "vulnose", "cicatrizant", "stigmata", "close up"], ["crop", "area", "farm", "baseball", "grass", "grassy", "meadow", "ope", "land", "course", "cor", "crops", "garde", "pasture", "science", "growing", "space", "wizard", "harquebus", "orthogonal group", "playing field", "campestrian", "primitive element", "hyperfield", "base flashing", "technique", "hayfield", "dentistry", "splitting field", "centre of mass", "onfield", "gyrofield", "technologist", "showfield", "cayley dickson construction", "hypergluon", "central simple algebra", "cow corner", "backward", "hemispace", "know one's stuff", "slope field", "return flow", "women's studies", "autotype", "outfield", "jessant", "computer game", "discrete valuation", "term of art", "ramifiable", "chap\u00e9", "electromagnetism", "foredraft", "linear algebra", "javelin", "extraspecial", "fields", "bare hand", "groundwikten 1", "peccei quinn theory", "headland", "retarded", "cross cultural communication", "bondager", "fieldish", "chromoelectric", "tour de force", "planapochromatic", "hersage", "five tool player", "unirational", "mass communication", "agrimetrics", "geon", "biocommunication", "competitive", "topological field", "comparative literature", "semifield", "pickup", "batsman", "infield", "pedregal", "neck of woods", "farmyard", "galois field", "lynchet", "knowledge", "minimal polynomial", "long jump", "geopotential", "leazings", "on ground", "isotron", "floater", "thermofield", "polarized light", "electromagnetohydrodynamics", "profile", "composite key", "sportscape", "canonwikten 1", "potential", "varchar", "high priest", "return", "jordan algebra", "vorticity", "mover and shaker", "isoelectric point", "neurolaw", "canefield", "gambo", "line of force", "general linear group", "torsatron", "pseudofinite", "ridge course", "family medicine", "textual criticism", "data science", "academy", "interaction space", "union jack", "campestral", "fieldstone", "erminois", "monomath", "attack", "tillage radish", "toolsy", "cottonfield", "nanobiomechanics", "isofield", "cornfield", "practice", "autocompletion", "form", "flag", "flanch", "inside outr", "fieldwardr", "trop\u00e6um", "make cut", "off field", "vertical deflection", "vector", "iron harvest", "paddy field", "hopfion", "field unit", "covers", "fieldnote", "lorentz force", "real vector space", "pocket", "fieldside", "on deck circle", "heliotron", "stfantasy", "afieldr", "cab rank rule", "agrestal", "faddeev popov ghost"], [], [], [], ["room", "outer", "stars", "universe", "planets", "area", "atmosphere", "earth", "empty", "vacuum", "nothing", "moo", "void", "oort cloud", "final", "beyond", "galaxy", "emptiness", "outside", "frontier", "ope", "sky", "desk", "final frontier", "garde", "stars planets", "rocket", "outer atmosphere", "outside earth", "infinite", "black", "beyond atmosphere", "office", "home", "field", "stage", "above", "lot", "secondspace", "hydrobot", "cauchy space", "local fluff", "protostar", "spacepower", "extraterrestrial", "arc", "big bang", "space elevator", "office floor plate", "incode", "location", "simplex", "cul de lampe", "uniform space", "agentspace", "intercolumnation", "occupy", "rocketpunk", "eigendirection", "take up", "rotopulsator", "placemaking", "distance", "gravitational keyhole", "de broglie bohm theory", "dirac string", "vessel", "circumspatial", "borderspace", "sociospatial", "spaceborne", "interspatiallyr", "isro", "complex plane", "en space", "spacelore", "sputnik", "indention", "intervacuum", "breathing space", "place", "chashitsu", "splashdo ", "spear closet", "spime", "pointset", "back in", "alternate universe", "intercolumniation", "constant", "move", "limit", "boundaries", "lipohemarthrosis", "spaceplane", "geekosphere", "hilbert space", "despatialize", "k d tree", "ductway", "reading room", "loop quantum gravity", "eads", "ringworld", "stardust", "space of disse", "vspace suit", "magnetosheath", "non euclidean geometry", "unique", "french spacing", "tesseractic", "time", "hemispatial", "countdo ", "personal", "synechism", "spacy", "terf", "astromaterial", "spatious", "planet", "beamspace", "astrogeophysics", "untabify", "coordinate", "astroecology", "sea room", "astrophilately", "solar wind", "squeeze into", "permutohedron", "unspaced", "construct", "loopspace", "spacescape", "vacuist", "petty apartheid", "local", "ubiety", "electric field", "discitis", "interspace", "path loss", "e", "hartle hawking state", "spacelike", "local bubble", "earth return vehicle", "earthspace", "spatiotopic", "cyberspace", "space exploration", "brahman", "text", "aerospace", "conceptual physics", "spatialize", "planovolumetric", "translocal", "correlation function", "chamber", "fluxtube", "microlocal", "starburst", "heliosphere", "medium", "star", "coursey", "fit in", "spacewear", "treespace", "ergosphere", "grassmannian", "vacuum energy", "agate line", "mansionization", "far flung", "periplegmatic", "astromolecule", "codimension", "spaceless", "spacing", "generalized", "foremost", "isothermic", "prolonger", "interaxis", "geometrization", "between decks", "plenism", "spatial", "exoatmosphericallyr", "spatiotemporal", "space time", "spaces", "precinct", "word", "eigentone", "screenspace", "astrophobia", "procession", "quasibarrelled", "farthest", "footprint", "voltage", "cut out", "spacious", "interfenestration", "logspace", "robonaut", "bootspace", "radiopanspermia", "capacity", "camellate", "step", "realspace", "homaloidal", "diskspace", "recess", "muttnik", "wavefunction", "ost", "herpetarium", "prolong", "spacecraft", "espace", "orbispace", "space saving", "relationalism", "diffusion", "horoball", "recessed", "horosphere", "staff", "superbubble", "radix tree", "dimension", "space of destot", "spacewalk", "guard band", "spacely", "spectrahedron", "point cloud", "spacer", "curvaton"], ["store", "place", "shopping", "food", "selling", "shop", "grocery", "buying", "super", "market share", "stalls", "flea", "grocery store", "trade", "farmers", "trading", "ope", "goods", "outdoor", "selling place", "shopping place", "outside", "stock", "buying place", "produce", "slave market", "comarket", "cybermarket", "servicescape", "mismarket", "over counter", "goodwill", "static equilibrium", "promarket", "disease mongering", "marketing", "flotation", "product", "prediction market", "trader", "village", "feitoria", "midmarket", "buttercross", "marketplace", "playing field", "split tail", "san polo", "commercial", "markets", "demand", "winner take all", "feedlot", "christkindl", "barra boy", "evergreen industry", "overtrade", "fishmarket", "marketeth", "truck farming", "lombard street", "lifestyle", "dumping", "buyer's market", "foraneous", "mammy market", "marketwide", "contrarian", "nonmarket", "oligopolist", "market square", "flea market", "unmerchantable", "downtick", "shadow price", "barra", "undermarketed", "culler", "vsale", "area", "upside", "nundine", "price control", "overmarket", "marketer", "city", "bord halfpenny", "duopoly", "boomster", "monopoly", "frat lit", "wet market", "chick lit", "seller's market", "supply side", "douceur", "foodstall", "group", "hot money", "engrosser", "nundinal letter", "orphan drug", "d\u00e9bouch\u00e9", "fayre", "car boot sale", "free marketeering", "remarketability", "january effect", "freddie mac", "corsair", "mart", "marketwider", "cart stall", "street team", "street market", "gross national product", "pay to stay", "microsegment", "garrupa", "merchant", "saturation", "plague cross", "fair value", "lafayette", "glocalization", "floating market", "stop loss order", "thin trading", "oversold", "remarketable", "plestor", "diamond water paradox", "brandscape", "information velocity", "browse", "market gardening", "geography", "undersell", "e market", "stallholding", "marketlike", "marketizer", "marketability", "shoulder season", "white market", "bottom fishing", "quote stuffing", "vmarketing campaig", "stallholder", "vortal", "confusopoly", "vmarketer", "shunting", "oligopoly", "arbitrage", "event", "understored", "quintopoly", "multimarket", "remarket", "quadropoly", "systempunkt", "option", "cornmarket", "dry market", "customer", "square", "potential", "marketman", "transfer payment", "triopoly", "marketization", "metamarket", "brickor mortis", "cartel", "sprinkler strategy", "marketless", "market goer", "path dependence", "uberize", "postmarket", "market economy", "monopsonist", "to ", "market price", "party plan", "cap and trade", "homeowner association", "marketed", "rollup", "oligopsony", "marketest", "program trading", "barrier to entry"], ["handle", "ope", "house", "pull", "shotgun shack", "lancet arch", "gut rehab", "door", "hall", "home", "room", "window", "cabinet", "lock", "close", "closet", "car", "lift", "va", "latch", "knob", "saloo", "bank", "bell", "key", "sig", "wood", "building", "push", "locker", "gate", "guard", "clock", "wall", "mat", "entrance"], ["fence", "door", "opening", "fence opening", "entrance", "bridge", "fence door", "or", "ope", "multigate", "wikten 1outside", "oklahoma", "gated", "postern", "alleygating", "wikten 1mechanism", "tedge", "hank", "wikten 2path", "gatewiser", "autogating", "toll bar", "gateleg", "closetgate", "wikten 1frame", "wikten 1terminal", "stall handler", "gatekeeper", "gatelike", "alexiares", "wikten 1five", "gateway", "shutter dam", "back gate", "sally port", "torii", "sidepost", "and", "wikten 1passageway", "stile", "backgate", "strike", "spruewikten 2", "watergate", "stairgate", "obturator", "wicket", "wikten 1barrier", "gatepost", "wikten 1waste", "medium scale integration", "gates", "portcullis", "ultra large scale integration", "portwood", "wikten 1lock", "talented", "gifted educatio", "e gate", "gated community", "quoin post", "heelpost", "slalom", "wikten 1switches", "trigate", "stump", "giant slalom", "grid", "wikten 1sprue", "educatio", "door god", "shear cake", "very large scale integration", "anicetus", "foregate", "batardeau", "gifted education", "gatehouse", "herse", "anteport", "battering ram", "bacule", "wikten 1ticket", "ganesha", "tetrapylon", "aboideau", "thyristor", "bottomgate", "gateless", "nexion", "tailgate", "lithwikten 3", "gatepier", "sluice", "wikten 1bolt", "hunting crop", "caisson", "janus", "wikten 1vertical", "climategate", "yett", "wikten 1doorway", "front gate", "gifted", "floodgate", "wikten 1mould", "gateable", "water gate", "twi gated", "hunting whip", "wikten 2manner", "wikten 1concert", "small scale integration", "fences", "garde", "latch", "portal", "woode", "lock", "hinges", "field", "field door", "doorway", "property", "outside", "garden door", "metal", "iron door", "iro", "fence hole", "hole", "on fence", "yard", "entryway", "entry", "square", "fence closure", "closure", "in fence", "in fences", "barred", "barred entrance", "fence entrance", "chains", "bars", "wooden bars", "outside door", "passage", "used", "used farming", "farming", "boundary", "wooden opening", "horses", "horses door", "before door", "before", "wooden fence", "open fence", "fence entry", "guard", "big", "wood", "pasture door", "pasture"], [], [], ["chap", "agaping", "aope", "fellow", "acleft", "achap"], [], [], [], ["uncloses", "unclosing", "vope", "vunclench"], ["solidify", "a hard ", "solidarity", "metal", "glass", "land", "chapeau", "nonsolid", "bicupola", "spinon", "melting", "srp", "elastic limit", "cryoconcentration", "ferrite", "stereoplasm", "black", "undecahydrate", "hemihydrate", "polyhedron", "glue stick", "crystallography", "melting point", "surnatant", "smoke", "fork", "color", "hard boiled", "cotectic", "sputter", "trihydrate", "cardice", "bicylinder", "stearoptene", "congeal", "dihydrate", "macrophase", "brix", "ocp", "ion exchange", "unshakable", "triple point", "liquid", "nanolaminate", "solipedous", "fracture plane", "melt", "solution", "intermetallic compound", "comminutor", "acoustoelectronics", "lattice energy", "asolid as rock", "fullerite", "solidlyr", "conoid", "sop", "constant", "semifluid", "asolid state", "hole state", "sublimate", "crust", "microphase", "hendecahedron", "ray marching", "bowling ball", "grain boundary", "icosasphere", "clinometric", "rigid body", "monohydrate", "condensed matter", "polyform", "solid state", "trisoctahedron", "cohesive energy", "solidary", "metaphosphoric acid", "thin layer chromatography", "paraffin wax", "astrong", "ovifer", "stereoelectric", "tillite", "tribrid modeller", "heterogeneous catalysis", "topology", "nanosolid", "solidish", "headbox", "thick", "pentacron", "hexagram", "piston", "hexoctahedron", "curve", "zone melting", "dna microarray", "heat of fusion", "thixotropic", "monotectic", "beta naphthol", "unsolidlyr", "cixutumumab", "area", "generator", "viscous", "acetylferrocene", "corrosive", "berylloid", "white dwarf", "hardback", "succinonitrile", "tricarbimide", "aerosol", "permanganate", "turd", "hexadecahydrate", "xanthopterin", "glass transition temperature", "volatilization", "decahydrate", "poroelastic", "fluidize", "irregular prism", "aquality", "holon", "fume", "asolid shot", "desorption", "booked solid", "microprobe", "pyroconductivity", "aexcellent", "foursquare", "ageometrical", "aunyielding", "viscoplastic", "desublimate", "phase diagram", "rhyphe", "concretion", "paint", "liquidy", "filter funnel", "cupric oxide", "peritectoid", "aquiclude", "cohesion", "semiliquid", "vitrification", "ice", "aliquid", "spherocylinder", "ambergris", "thigmatropism", "red mud", "photonic crystal", "nitroguanidine", "hygroplasm", "volociximab", "tungstic acid", "subnatant", "benzenesulfonic acid", "outgassing", "hemihedron", "tetrakaidekahedron", "margarine", "generatrix", "white phosphorus", "step through", "triphenylmethane", "cryoscope", "heterogeneous", "solidus", "consolidate", "selenic acid", "monotectoid", "rsolidly", "vapor", "acubic", "grape wine", "ahole", "synroc", "pentahydrate", "yield stress", "continuous phase", "anticrystal", "saturated fat", "hindley's screw", "heavyset", "hexahydrate", "embedded", "eutectoid", "freezing point", "inkstick", "quasicrystal", "precipitation", "pentachloronitrobenzene", "pave", "macerator", "change of state", "sieve", "vaporization", "state of matter", "unmelted", "wetting agent", "gelation", "solutionize", "oxamide", "polyacron", "rayleigh wave", "scutoid", "entrainment", "semianechoic", "alarge", "heptahydrate", "fecal impaction", "rspace", "three dimensional", "channelography", "subsolid", "crystal", "adsorbent", "clothing", "young's modulus", "tetrahexahedron", "generate", "god object", "chernobylite", "keplerate", "resin", "pentahedron", "aope", "liquidus", "particulate matter", "cold trap", "ahollow", "dipyramid", "solvent", "clarified butter", "agas", "unfounded", "column", "decantation", "sesquihydrate", "acondensed matter", "solidlike", "boogie", "undermelt", "hexamethylenediamine", "salicylaldoxime", "chimney", "peritonic", "cover", "pyramidoid", "plaster", "semisolid", "acolor", "quantum spin liquid", "supercritical fluid", "pyramid", "wettability", "deposition", "nematogenic", "imporous", "kapitza resistance", "dodecahydrate", "peritectic", "draper point", "adimensio", "sludge", "steinmetz solid", "windsor chair", "banach tarski paradox", "euatmotic", "hogwash", "vegetable fat", "seterwikten 2", "residual stress", "trimethylolpropane", "solids", "disperse phase", "capillarity", "isostructure", "gas"], [], ["pioneers", "jakobsonian", "brennerian", "pioneered", "homesteader", "crookesian", "soviet unio", "vernean", "vprepare", "voortrekker", "eisensteinian", "vway", "cyberpioneer", "wilderness", "pathfinder", "ernstian", "pioneering", "be prepared", "thurstonian", "cagean", "way", "vope", "waymaker", "carnotian", "trailblazer", "groundbreaker", "push envelope", "halutz", "before", "pioneer day", "frontier", "follow", "desert fruit cake", "early", "settler", "early settler", "went", "west", "went west", "adventurer", "wester", "across", "across wester", "perso", "settlement", "fort"], ["ope", "usually", "public school", "synonymous", "schooltime", "day", "school year", "weekday"], [], ["avowal", "aavowable", "apositive", "aasserted", "vavow", "avowable", "aacknowledge", "aope", "avow", "aoath", "astate", "avowedness"], ["sweatbox", "floorshow", "thai disco", "nightclubs", "chantoosie", "black and tan", "nightclub goer", "balearic beat", "honky tonk", "music", "superclub", "juice joint", "booze can", "clubber", "club hop", "entertainment", "ope", "dancing", "drink", "caf\u00e9 society", "homosexual", "ultra lounge", "siam diu", "clubwear", "club kid", "club", "public", "nightclubber", "disco", "clubby", "jello shooter", "bottle service", "bottle rat", "club music", "oxygen bar", "bandstand", "doorstaff", "nightclublike", "night", "nightspot", "nightclubby", "bouncer", "nightlife", "clubbing", "cage dancer", "discotheque", "private", "niterie", "food", "club hopping", "cabaret", "clubgoer", "establishment", "light jockey", "clubland", "clubgoing", "strip club", "face control", "trance music", "pick up joint", "port harcourt", "dance", "bar", "cover"], ["wind", "oxyge", "smoke", "gas", "sound", "atmosphere", "blow", "breathe", "breathing", "steam", "sky", "fly", "breath", "breathable", "mist", "cloud", "air out", "nitroge", "bird", "we", "element", "breathed", "everywhere", "around", "invisible", "we breathe", "nothing", "oxygen nitroge", "tarnish", "take breath", "choke", "airtrapping", "fill", "pneumaticity", "airpuff", "airs", "zyklon b", "serpentine belt", "tidal air", "hot blast", "air transport", "phosphorus pentoxide", "whipped cream", "lung", "alveolar", "heat gun", "phone in", "aero", "aerobiosis", "rocket belt", "psychrometry", "birthing ball", "airometer", "arrestance", "nepheloscope", "lungfish", "vacuum", "aerometry", "air ship", "pneumat", "pneumatize", "hemopneumoperitoneum", "helium speech", "fan heater", "pyrophoric", "waft", "bronchoconstriction", "inhale", "fermentation lock", "drying oil", "litharge", "refractive index", "pneumothorax", "aerotolerant", "aspirate", "blowpipe", "pneumatization", "katabatic wind", "flue pipe", "constituting", "bude light", "snowgun", "diesel", "aerated", "snobby", "pneumatic bone", "aeraulic", "ostent", "fan blade", "respiratory tract", "bunsen burner", "decipol", "surround", "whish", "canvas", "groundburst", "quintessence", "standard fare", "aerohydrodynamic", "pneumopericardium", "stribog", "airborne", "pneumoencephalography", "airbox", "airfreight", "air bed", "airwardsr", "wind machine", "manh\u00e8s process", "vbroadcast", "airliner", "antiozonant", "sip and puff", "pneumotherapy", "dry line", "thermoclinic", "anaerophyte", "firmament", "feu de joie", "sonic boom", "stridor", "aerial", "apparently", "pneumoperitoneum", "shaft", "spiracle", "swirl flap", "pilot balloon", "electric arc", "outswing", "consider", "calcium nitrate", "zonal", "propeller", "graciousness", "rebreathe", "hot tube", "pretence", "respirometer", "musette", "hyperbaric chamber", "aerogenouslyr", "oil paint", "airship", "circuity", "gastrography", "specific humidity", "humid heat", "freeflow", "plain song", "balloon", "ope", "windpipe", "air hose", "airing", "pulmonic sounds", "feeling", "airburst", "aerometric", "album graecum", "newscast", "air kerma rate", "aerogenous", "ventilate", "aerology", "physograde", "blowhole", "pyrophoric iron", "smokejack", "jet engine", "velometer", "vapor", "parabronchus", "blitzkrieg", "succuss", "prebronchial", "spunlaid", "compensator", "spirometer", "airline", "intake system", "thermotank", "tongue", "aeriferous", "freestream", "compression", "pyrophorus", "aerenchymous", "oxygenator", "egressive", "pulmotor", "pulmonic", "humidity", "combustion chamber", "aria", "expression stop", "bag valve mask", "sylph", "airmobile", "xylorcin", "radiation fog", "minuet", "aerobioscope", "fanfare", "elementology", "nitrogen dioxide", "aeronaval", "aereous", "jaffa", "daypart", "ingressive", "air intake", "lapse", "foredraft", "scramjet", "air lock", "tephra", "malaria", "bubble ring", "aerocele", "miasmatism", "downwash", "bailout", "breathability", "hovercraft", "pneumomediastinum"], [], ["thunderbox", "toilet", "lavatory", "urinatio", "privy", "necessarium", "outhouse", "gold finder", "reredorter", "device", "ope", "trench", "defecatio", "pit", "use", "whether", "latrinal", "facility", "gong pit"], [], ["separate", "tin opener", "metal", "can opener", "batsma", "innings", "variety show", "concert", "openers", "act", "bottle opener", "open batting", "positio", "value", "goal", "device", "game", "ope", "four score and seven years agor", "player", "top order", "fatiha", "sheet", "betting", "carry bat", "ca", "knob", "corkscrew", "key", "door", "handle", "zipper"], ["free of charge", "ope", "enrollment", "distance learning", "world wide web", "course", "massive", "online"], ["vclose", "vope"], ["aope", "asemi open game"], ["safe", "chord", "oxidation", "article", "one two punch", "universal lever", "hybrid wave function", "permutatio", "combinational", "concerted", "hypermarket", "noncombinative", "dissonance", "polysynthesis", "thermohaline", "alt key", "fines herbes", "chorded", "factorial experiment", "hybrid orbital", "fantasy baseball", "sex chromosome", "impastation", "quadexciton", "select", "trophology", "biexciton", "clash", "supercomposite", "czechlish", "regard", "generative grammar", "unlock", "consignify", "mode of production", "cotrimoxazole", "purpose", "basic balance", "chemoimmunotherapy", "combining", "pairing", "cointegration", "order", "noncombination", "axis", "hadwiger's theorem", "betel", "combining form", "eyepiece", "superpathway", "two of kind", "metabolic syndrome", "binary clone", "wheelset", "ambuphylline", "sultamicillin", "add up to", "twinset", "one armed bandit", "acrylic acid", "compound chocolate", "geospatial", "immunoelectrophoresis", "fantasy sports", "alliance", "r k selection theory", "without", "immunodiffusion", "control key", "superposition principle", "potiori", "guaiacolate", "strange bedfellows", "harmony", "motorcycle", "textonym", "ope", "compound machine", "aphthong", "chemical fingerprint", "eigenarray", "iodinating", "sniffing position", "combinative", "chador", "paralexia", "combinatorial", "permwikten 2", "number", "chlorometry", "conglomerate", "policy mix", "comboscore", "reaction", "cross reading", "keyboard shortcut", "case quarter", "combined", "double depression", "dipositronium", "diallel", "ninja", "grassmann's law", "combine", "party in one's mouth", "minute repeater", "fen phen", "combinations", "combinatorialism", "alloyage", "symphony", "dilepton", "tirlie whirlie", "semolexeme", "supersex", "conservative", "mechanism", "pick n mix", "combinedlyr", "commo", "electrostrong", "consortium", "triexciton", "recombinant", "symphonion", "keyset", "aluminophosphate", "chuck luck", "isocost", "trigram", "letter", "enchirito", "login", "prison industrial complex", "diligence", "molecular orbital", "folk illness", "amalgam", "combinatory", "electroweak", "grotesque", "logon", "sandwich", "punch card", "phonotactics", "triangulateration", "match made in heaven", "combo", "compatibility", "multicombination", "best of both worlds", "combination lock", "cross purpose", "co amoxiclav", "scheme", "perfect storm", "selectio", "kaon", "poleaxe", "combinational circuit", "meets", "stereopticon", "theragnosis", "escape", "element", "conjugative", "vitamer", "sidecar", "cartesian product", "associatio", "combination shot", "billiard", "set", "recombination", "sequence", "shortcut key", "hybridization", "fantasy football", "lock", "binomial coefficient", "multiset", "locker", "mixture", "numbers", "hybrid", "joi", "unio", "variation lock", "variatio", "what", "stew", "pizza", "also", "outfit"], ["playground", "buck and wing", "split", "rubble", "rusure", "backless", "ope", "diascopy", "downslide", "sliding", "avalanche", "cover slide", "trombone", "piston ring", "earth", "telescopic", "shoe", "slide guitar", "stones", "ooch", "process plate", "slideshow", "clash gear", "helter skelter", "resection", "overslip", "microscope", "midslide", "slip knot", "slide whistle", "sliding pond", "side hand", "slipboard", "stage", "tinter", "slipwikten 3", "playing apparatus", "slides", "d valve", "immersion lens", "bursa", "slideable", "adventure playground", "slit scan", "moonwalk", "powerpoint", "stand up", "slip and slide", "animatography", "slidey", "inwick", "poid", "gunter rig", "kerry", "transat", "slidinglyr", "voluntary", "image", "pocket door", "project", "do ", "speech", "patio door", "transparent", "slideway", "powerpointlessness", "outslide", "power slide", "playframe", "8x8 rule", "guide", "plate", "grace", "scene", "slidablyr", "coast", "sledding", "coverslip", "visual aid", "presentatio", "slipslop", "toe", "steel guitar", "scree", "water slide", "diapositive", "slue", "ferning", "slither", "slidingness", "fast rope", "slide trombone", "playbarn", "lever", "stutter", "slicky slide", "viewer", "overslide", "tower of hanoi", "valve", "toboggan slide", "nonsliding", "microslide", "wholemount", "boardslide", "cytosmear", "pecha kucha", "slide scanner", "slid", "mechanism", "fusuma", "illustrated song", "page", "technique", "playground equipment", "equipment", "going", "going do ", "playgrounds", "slip", "chute", "down slope", "slope", "playground thing", "triangle", "move", "move do ", "play", "ground", "play ground", "slip and", "playground ride", "ride", "dance", "ice slip", "ice", "toy", "childre", "children toy", "amusement", "parks", "parks amusement", "rub", "object", "playground object", "low frictio", "low", "playground structure", "frictio", "structure", "bread", "on playgrounds", "rail", "bolt", "push", "smooth surface", "surface", "smooth", "ladder", "tall", "tall slippery", "slippery", "metal", "height", "tilted", "tilted road", "road", "playground board", "board", "cut", "park", "at park"], ["ope", "vector field", "tangent"], [], ["disclose", "ope", "declaratio", "manifest"], ["ope", "door", "target", "defilade", "traverse", "defilement", "bonnet", "series", "surtout", "vista", "passage", "vrake", "directed", "gunfire", "length"], ["wrapper", "jesus", "use", "garment", "fill", "roll", "ope", "pledget", "wound", "douse", "crucifixio", "place", "usually", "following", "shroud", "cloth", "wad", "corporal", "medicine", "eucharist", "surgery"], [], [], ["ope", "mouth", "cylindrical", "void", "conical", "wrinkling"], ["tree", "vope", "willow wort", "alaska", "crack willow", "osier", "shrub", "willows", "white willow", "nucament", "hemisphere", "wood", "drum", "salicaceous", "willying", "goat willow", "salicetum", "peachleaf willow", "fusain", "willow weed", "salicin", "cricket bat", "penduline", "desert willow", "catkin", "salicaceae", "wicker", "pussy willow", "capsule", "helicin", "salix", "lulav", "bushwillow", "least willow", "withy", "genus", "willowlike", "wand", "weeping willow", "baseball bat", "willowed", "wisconsi", "willowware", "fedge", "polar willow", "oklahoma", "vcleanse", "willowy", "deciduous", "peking willow", "willowish", "prickle", "cotto", "wilga", "almond willow", "weeping", "weeping tree", "tree type", "type", "type tree", "flexible branches", "branches", "flexible"], ["top", "touring", "stanhope", "horse", "motorcar", "carriage", "t cart", "phaetons", "ope", "wheeled", "folding", "four", "helios", "cygnus"], [], [], [], [], [], [], [], [], ["court", "ope", "hypaethral"], ["fissure", "divide", "ope"], ["ope", "atur", "convertibles", "agai", "aope", "foldable", "set", "computer", "droptop", "strongly typed", "aespecially", "certai", "ca", "thing", "bullionize", "vehicle", "areligio", "stock", "aframe", "indican", "preferred stock", "adifferent", "hemialbumose", "able to", "convertibility", "coup\u00e9", "achange", "convertiblyr", "interchangeable", "removable", "back", "fluid", "drophead coup\u00e9", "inconvertible", "peptogen", "ragtop", "bond", "aconverted", "landaulet", "hardtop", "term", "ai.e", "athing", "security", "roadster", "turned into", "abelief", "laptop", "car", "nonconvertible", "aconversio", "topless", "aparticularly", "awithout", "aexchange", "aturned into", "reconvertible", "calash", "roof", "common stock", "aagai", "aundergo", "aback", "exponentiable", "ainversio", "afalsehood", "aclosed", "tablet", "hemipeptone", "aone", "bullionist", "convert", "convertibleness", "aable to", "foreign exchange certificate", "apurpose", "usually", "another", "soft top", "aother", "fixed head coup\u00e9", "closed"], [], ["sensible", "susceptible a ", "a responsive ", "a susceptible ", "responsive a ", "sensible a ", "a sensible ", "atricksy", "spill tea", "aope", "sanitize", "hear grass grow", "touch and go", "electrohypersensitive", "sensitize", "chemosensitizer", "sensitivelyr", "paranormal", "psychrosensitive", "aupset", "cryosensitive", "aproblematic", "amesmerism", "barosensitive", "flavorubredoxin", "hot natured", "conscious", "aclassified", "quick", "tocodynamometer", "clearance", "millivoltmeter", "ultrasensitive", "supersensible", "touchpad", "aexposed", "harden", "allergic", "unimpressible", "outfit", "gingersome", "immunosensitive", "hydrosensitive", "undersensitive", "sensitized", "tell tales out of school", "thin skinned", "ecosensitive", "orthochromatic", "phluorin", "marma", "erogenous", "enderon", "ahairy", "keep shtum", "oversensitivity", "caring", "anasty", "aoffend", "nonsensitive", "aendangered", "aticklish", "pasteurisation", "keep mum", "osmosensitive", "phototransistor", "aknotty", "infit", "aparanormal", "ahurt", "pyranine", "censor", "supersensitive", "touchy", "squeal", "filament tape", "sensitivity", "radiosensitizer", "photopentode", "kinemometer", "sympiesometer", "microdensitometer", "critical period", "chemosensitive", "alive", "panchromatic", "tender handed", "robustification", "electrosensitive", "cold natured", "feeling", "asensatio", "phishing", "sensitization", "susceptible", "aaccurate", "hypersensitive", "barochemoreceptor", "photodiode", "traffic light protocol", "context sensitive", "radiosensitize", "acute", "sensitometry", "photoresist", "asense", "tactful", "eco", "light sensitive", "aproblematical", "subsensitive", "electrosensitivity", "ticklish", "asecret", "overwriter", "adodgy", "hemosensitive", "aresponsive", "sensation", "walk on eggshells", "security culture", "new man", "afrail", "desensitize", "cold sensitive", "avulnerable", "scotch tape", "yankee white"], ["aope", "apertion"], [], ["do", "in charge", "denial of service attack", "diskette", "cassette", "ms dos", "expanded memory", "operating system", "operate", "academic", "tsr", "pc dos", "minicomputers", "ddos", "ibm"], [], [], ["rpublic", "arole", "rrole", "apublic", "aope"], [], ["vrip", "vope", "vtear"], ["recuperative thermal oxidizer", "china", "committee", "voltage", "btex", "organizer", "volatile organic compound", "rci", "ope", "canada", "circuit", "organizing", "vancouver", "voice", "regenerative thermal oxidizer", "of", "thermal oxidizer"], [], [], ["switchblades", "jack knife", "knife", "vcut", "vspring", "switchbladed", "vup", "vtransitio", "flick knife", "vattack", "vope", "vsudde", "vmove"], [], ["asea", "pelagian", "acoastal", "sea", "longneck eel", "benthopelagic", "apertai", "inland", "waters", "organism", "epitoky", "porbeagle", "benthic", "mesopelagic", "semipelagic", "oceanic", "pelagicallyr", "whitefish", "ope", "thalassic", "bubble shell", "planktonic", "dogtooth tuna", "thaliacean", "manx shearwater", "shearwater", "oceanic whitetip shark", "awaters", "nonpelagic", "ainland", "opah", "manta ray", "pteropod", "holopelagic", "coastal", "demersal", "aope", "bathyorographical", "epitoke", "thresher", "mollemoke", "pyrosome", "nektonic", "hemipelagic", "doliolid", "fulmar"], ["vestibule", "ope", "opisthodomos", "nave"], ["abowels", "aaperient", "aope", "aperient"], ["aope", "aside"], []], "/r/UsedFor": [["separating rooms", "entry or exit to locatio", "keeping people out of room", "enter", "closing passageway", "passage", "control access", "entering or exiting area", "entering or exiting room", "enter room", "separate two rooms", "making room private", "protecting things", "get out of car", "keeping people in room"], ["arrow artifact state", "get sympathy", "inflict pai", "healing", "getting sympathy", "harm opponent", "bleeding", "lose blood", "injury"], ["cultivating crops", "growing vegetables", "run with dog", "grazing animals"], [], [], [], ["seperatio", "counter artifact locatio", "separating words", "occupying", "parking", "do just about", "storage"], ["distributing goods", "exchanging", "getting goods", "buying and selling bonds", "buying clothes", "selling food", "buying and selling commodities futures", "purchase items", "buying things", "buying food", "trading", "buy fresh vegetables", "clearing prices of stocks", "buying items", "getting groceries", "sell new line", "selling clothes"], ["limit access"], ["closing", "leaving garde", "keep out bad people", "keep animals in field", "controlling access", "walk through", "keep animals out of field", "keep neighbors out", "allowing in or out", "pass through fence", "control access", "keep in pets", "keeping trespassers out", "restrict access", "walking into fenced in yard", "opening", "locking"], [], [], [], [], [], [], [], [], [], [], [], [], [], ["parties", "drinking", "staying up late", "meeting people", "drink and dance", "listening to music", "feeling sexual", "meeting with friends", "toast", "socialising", "getting drunk", "partying", "having fu"], ["dish artifact broadcast medium"], [], [], [], [], [], [], [], [], [], [], [], [], [], [], [], [], [], [], [], [], [], [], [], [], [], [], [], [], [], [], [], [], [], [], [], [], [], [], [], [], [], [], [], [], [], [], [], [], [], []], "/r/LocatedAt": [[], [], [], [], [], [], [], [], [], [], [], [], [], [], [], [], [], [], [], [], [], [], [], [], [], [], [], [], [], [], [], [], [], [], [], [], [], [], [], [], [], [], [], [], [], [], [], [], [], [], [], [], [], [], [], [], [], [], [], [], [], [], [], [], [], [], [], [], [], [], [], [], [], [], []], "/r/FormOf": [["doors", "dooringwikten 2"], ["wounding", "wounded", "wounds", "woundedst", "woundest", "woundeth"], ["fielded", "fielding"], [], [], [], ["spaces", "spacing"], ["marketing", "markets", "marketed"], ["door", "vdoor"], ["gates", "gating", "gated", "yeat"], [], [], ["chappie"], [], [], [], ["uncloses", "unclosed", "unclosing"], ["solids", "solidest"], [], ["pioneers", "pioneering", "pioneered"], ["schooldays"], [], ["vavow"], ["nightclubs", "nightclubbing", "nightclubbed", "night club"], ["airs", "airing"], [], ["latrines"], [], ["openers"], ["moocs"], ["reclosed", "reclosing", "recloses"], [], ["combinations"], ["sliding", "slides", "slideth", "slid", "slided", "slidest"], [], [], ["patefactions"], ["enfilading", "enfilades", "enfiladed"], ["sindons"], [], [], ["fishmouths"], ["willowing", "willows"], ["phaetons", "pha\u00ebtho"], [], [], [], [], [], [], [], [], ["hypaethra"], ["fissurations"], ["convertibles"], [], ["sensitives"], [], [], ["do", "doses", "do's"], [], [], ["frontstages"], [], ["unrips", "unripping", "unripped"], ["vocs"], [], [], ["switch blade", "switchblades", "switchblading", "switchbladed"], [], ["pelagics"], ["epinaoi"], ["aperitives"], [], []], "/r/IsA": [[" artifactmovable barrier artifact", "swing door artifact", "screen door artifact", " attributeentree attribute", "interior door artifact", "double door artifact", "trap door artifact", "sliding door artifact", "car door artifact", " artifactroom artifact", "cargo door artifact", "storm door artifact", "open door attribute", "fire door artifact", "french door artifact", "revolving door artifact", " artifactstructure artifact", "way to enter classroom", "elevator door", "pet door", "sliding door", "part of car", "refrigerator door", "microwave door", "front door", "barrier", "passageway", "backdoor", "screen door", "dishwasher door", "glass door", "entrance", "door in building", "back door", "portal covering", "find downstairs", "door outdoor region to"], ["bite state", "raw wound state", "flesh wound event military", " militarypersonnel casualty military", "cut state", " stateinjury state", " feelingdistress feeling", "stigmata state", "blighty wound event military", " actdamage act", "abrasion state", "laceration state", "gunshot wound", "injuryopencycinjury object", "injury"], ["grainfield location locatio", " mathematicsset mathematics", "gasfield location locatio", "firebreak location locatio", " locatiogeographical area locatio", "electric field phenomenon phenomeno", " militaryregion locatio", "oilfield location locatio", " horse racingset group", "paddy location locatio", "microscopic field cognition cognitio", " computer scienceset group", "lalocation locatio", "operative field cognition cognitio", "bit field computer science", " phenomenophysical phenomenon phenomeno", "gravitational field phenomenon phenomeno", " locatiotract locatio", " actcommercial enterprise act", "yard artifact locatio", " groupset group", "scalar field group mathematics", " cognitiovisual percept cognitio", "campus location locatio", "magnetic field phenomenon phenomeno", " locatioregion locatio", "coalfield location locatio", "radiation field phenomenon phenomeno", "poppy cropopencycfield land", "field of grass familiesopencycfield land", "field of coconutopencycfield land", "pastureopencycfield land", "scalar fieldopencycfield mathematical", "vector fieldopencycfield mathematical", "ordered field", "what athletes play o", "where play football", "opencycfield mathematicalunary function", "field of pine treesopencycfield land", "division ring"], [], [], [], [" locatioarea locatio", "airspace location locatio", "workspace location locatio", "separation location locatio", "no parking zone location locatio", "disk space computer science locatio", "angle shape", "opening object shape", "indentation communication communicatio", " attribute", "key basketball locatio", " communicatioarea attribute", "phase space physics ", "absolute space ", "swath quantity shape", "void shape", "expanse object shape", "outer space location ", "area", "first three dimensions", "cavity shape", "compartment artifact shape", "dangerous place", " shapelocation", "flies dramaturgy locatio", "hole shape", " communicatiocharacter communicatio", "margin communication communicatio", "crawlspace location locatio", "parking space location locatio", "terreplein location locatio", "vacuum", "mathematical space mathematics ", "subarachnoid space body shape", "pleural space body shape", " shapeamorphous shape", "enclosure object shape", "pocket bowling shape", "seat dramaturgy locatio", "crenel artifact shape", "vast vaccum of emptiness", "defined physical area", "sidereal", "what between else", "place i"], ["seller's market act", " actactivity act", "monopoly economics act", "wall street group", "bear market group", "money market group", "monopsony economics act", "black market act", " groupindustry industry", "black market group", " groupclass group", "labor market act", "city group", "oligopoly economics act", "buyer's market act", "bull market group", "gray market act", "stock trade", "bond market", "securities market", "where buy products", "business activity", "new prescription sales", "housing market", "single supplier market", "bond marketopencycmarket 282", "total prescription sales", "falling market", "market trough", "place", "market peak"], ["entrances to rooms", "openings", "rectangular shaped", "pushed opne", "archways", "band"], ["lock gate artifact", "tailgate artifact", "head gate artifact", "portcullis artifact", "arrival gate artifact", "tail gate artifact", "lychgate artifact", "turnstile artifact", "wicket artifact", "tollgate artifact", "or circuit artifact", " artifactcomputer circuit computer science", "and circuit artifact", "postern artifact", "departure gate artifact", "nand circuit artifact", "x or circuit artifact", " artifactmovable barrier artifact", " possessiogross possessio", "turnpike artifact", " artifactpassageway artifact", "entrance", "entry", "baby gate", "building block", "vertical wall", "electrode", "door in fence"], [], [], [], [], [], [], [], ["ice", "glass", "wood", "frustum shape", " shapeshape", "food substance", "cast shape", "dry ice substance", "glass substance", "vitrification substance", "plastic substance", "state of matter", "convex shape", " substancesubstance", "powder substance", "block shape", "ovoid shape", "polyhedron shape", " statestate of matter chemistry", "precipitate substance", "toroid shape", "cylinder shape", "crystal substance", "concave shape", "sodium hydroxideopencycsolid state of matter", "wet francisella tularensisopencycsolid state of matter", "siliconopencycsolid state of matter", "hexachloroethaneopencycsolid state of matter", "mineral", "dry yersinia pestisopencycsolid state of matter", "solid blood plasmaopencycsolid state of matter", "solid sodium chlorideopencycsolid state of matter", "liskov substitution principle", "uranium hexafluorideopencycsolid state of matter", "solid silveropencycsolid state of matter", "interface segregation principle", "phosphorusopencycsolid state of matter", "thin filmopencycsolid state of matter", "white phosphorousopencycsolid state of matter", "arsenicopencycsolid state of matter", "solid mercuryopencycsolid state of matter", "iodineopencycsolid state of matter", "solid adamsiteopencycsolid state of matter", "octahedro", "single responsibility principle", "anthrax in dry formopencycsolid state of matter", "nylonopencycsolid state of matter", "solid metalopencycsolid state of matter", "open closed principle", "dry smallpoxopencycsolid state of matter", "wet yersinia pestisopencycsolid state of matter", "ammonium phosphateopencycsolid state of matter", "opencycsolid state of mattersolid object", "potassium 32opencycsolid state of matter", "kryptoniteopencycsolid state of matter", "solid goldopencycsolid state of matter", "solid groundopencycsolid state of matter", "rock solid", "wet bacillus thuringiensisopencycsolid state of matter", "hypochloriteopencycsolid state of matter", "boronopencycsolid state of matter", "dry coxiella burnetiiopencycsolid state of matter", "frozen fresh wateropencycsolid state of matter", "dodecahedro", "icosahedro", "seleniumopencycsolid state of matter", "fog oilopencycsolid state of matter", "dry bacillus thuringiensisopencycsolid state of matter", "frozen saltwateropencycsolid state of matter", "dry bacillus globigiiopencycsolid state of matter", "solid platinumopencycsolid state of matter", "dry staphylococcus enterotoxin bopencycsolid state of matter", "solid rocky planetary stuffopencycsolid state of matter", "paracetamolopencycsolid state of matter", "solid plasticopencycsolid state of matter", "iceopencycsolid state of matter", "polypropyleneopencycsolid state of matter", "wet botulinum toxinopencycsolid state of matter", "cementopencycsolid state of matter", "carbonopencycsolid state of matter", "glassopencycsolid state of matter", "dependency inversion principle", "vinylopencycsolid state of matter", "dry francisella tularensisopencycsolid state of matter", "veeopencycsolid state of matter", "solid colored glassopencycsolid state of matter", "wet bacillus globigiiopencycsolid state of matter", "diamondopencycsolid state of matter", "frozen liquid", "sodium fluorideopencycsolid state of matter", "polyethyleneopencycsolid state of matter", "silver acetateopencycsolid state of matter"], [], ["frontiersman person perso", "bushman person perso", " persosettler perso", "frontierswoman person perso", " persooriginator perso"], [], [], [], ["opencycnight club facilitypublic place", "opencycnight club facilitycommercial facility", "opencycnight clubbaropencycbar drinking establishment", "opencycnight clubsocial club", "comedy clubopencycnight club", "opencycnight club facilitybusiness location", "usally rather noisy", "find downto ", "dance clubopencycnight club", "opencycnight clubentertainment organization"], ["gas", " locatioregion locatio", "liquid air substance", " substanceelement substance", "note attribute", "breath substance", "vibration attribute", "mystique attribute", " substancegas substance", " attributequality attribute", "hot air substance", " communicatiomedium communicatio", "mixture of gases", "not water", "thinner higher go", "pressurized air", "lighter than water", "thinner at higher altitudes", "transparent and slightly blue", "good isolator", "fluid"], [], [" militarypublic toilet artifact", "restroom", "human waste conversion device", "cavity or container", "man made object"], [], ["can opener artifact", "bottle opener artifact", " eventstart event", " artifacthand tool artifact", "latchstring artifact", "bottle opener", "letter opener", "can opener", "first line of conversatio", "powered device", "tool", "corkscrew"], [], [], [], ["consolidation act", "fusion act", " politicsalliance group", "complexion group", "mix act", "blend act", "amalgam group", " groupunit group", "confusion act", "temperance act", "interspersion act", " groupcollection group", " actchange of integrity act", "attachment act", "color scheme group", "union act", "combination in restraint of trade law politics", " groupsequence group", "haplotype genetics group", " actmathematical process mathematics"], ["landslide event geology", "avalanche event geology", " artifactfoil artifact", "snowboarding act", " artifactplate glass artifact", " actmotion act", " artifactplaything artifact", "skid act", " geologydescent event", "opencycslide photographphoto", "opencycslide recreational deviceplayground equipment", "opencycsliding into baseintelligent agent activity", "opencycslide recreational devicedirected route", "opencycsliding into basesports action"], [], [], [], [" actgunfire act"], [], [], [], [], ["crack willow plant", "cricket bat willow plant", "weeping willow plant", "arctic willow plant", "silver willow plant", "shining willow plant", "pussy willow plant", "bay willow plant", "creeping willow plant", "wisconsin weeping willow plant", "hoary willow plant", "sitka willow plant", "white willow plant", "peachleaf willow plant", "swamp willow plant", " artifacttextile machine artifact", "gray willow plant", "dwarf willow plant", "arroyo willow plant", "sallow plant", "balsam willow plant", "bearberry willow plant", "osier plant", "dwarf gray willow plant", " planttree plant", "prairie willow plant", "white willow", "weeping willow", "pussy willow", "tree", "plant"], ["carriage"], [], [], [], [], [], [], [], [], [], [], [" artifactsofa artifact", " artifactcar artifact", "davenport artifact", "studio couch artifact", " possessiosecurity possessio", "car", "mercedes convertible", "bmw convertible", "cadillac convertible"], [], ["hypersensitive", "light sensitive", "photosensitive", "case sensitive"], [], [], [" communicatiooperating system computer science", "album"], [], [], [], [], [], ["ethylbenzene", "benzene", "toluene", "bvoc", "organic compound"], [], [], [" artifactpocketknife artifact", "knife", "close combat weapon", "non projectile bladed weapon"], [], [], [], [], [], []], "/r/PartOf": [["handle", "doorknob", " artifactdoorway artifact", "lock artifact", "latch", "lock", "house", "keyhole", "transportation vehicle"], [], [" militarytheater of war locatio", "combat zone military"], [], [], [], [" communicatiostaff music", " communicatioform communicatio", "aerospace location ", "location ", " communicatiomusical notation music"], ["commercial enterprise act"], [], [" artifactair terminal artifact", "lock artifact", "hinge artifact"], [], [], [], [], [], [], [], [], [], [], [], [], [], [], ["oxyge"], [], [], [], [], [], [], [], [], ["section object artifact", "positive artifact", " artifactplayground artifact", "cover glass artifact"], [], [], [], [], [], [], [], [], [], [], [], [], [], [], [], [], [], [], [], [], [], [], [], [], [], [], [], [], [], [], [], [], [], [], [], [], [], [], [], [], []], "/r/HasA": [["house", "handle", "booth", "two halfs", "telephone box", "every room", "elevator", "apartment"], [], [], [], [], [], ["zero pressure"], [], ["house", "rooms", "houses", "door knobs", "cabinets", "passageway", "cars", "handles", "arches"], [], [], [], [], [], [], [], [], [], [], [], [], [], [], [], ["oxyge", "pressure", "oxygen nitrogen and carbon dioxide"], [], [], [], [], [], [], [], [], [], [], [], [], [], [], [], [], [], [], [], [], [], [], [], [], [], [], [], [], [], [], [], [], [], [], [], [], [], [], [], [], [], [], [], [], [], [], [], [], [], []], "/r/CapableOf": [["ope", "swing on hinges", "seal off room", "fire rated", "paird", "close", "enclose cupboard", "keep people out"], ["kill", "pain victim"], [], [], [], [], ["separate two objects"], ["target audience", "feel selling pressure", "internet", "selling produce", "feel investor opinio"], ["open and close", "get stuck shut", "stick shut", "stay ope"], ["allow selected people to pass by", "swing"], [], [], [], [], [], [], [], [], [], ["circle wagons"], [], [], [], [], ["blow hard", "raise titanic", "transport energy", "dry paint", "dissolve in water"], [], [], [], ["need"], [], [], [], [], [], [], [], [], [], [], [], [], [], ["stand harsh wind by bending"], [], [], [], [], [], [], [], [], [], [], [], [], [], [], [], [], [], [], [], [], [], [], [], [], [], [], [], [], [], [], [], []], "/r/AtLocation": [["building", "knob", "lock", "wall", "theater", "handle", "apartment", "room", "office", "neighbor's house", "union suit", "note", "car", "motel", "key i", "shut off notice", "internet cafe", "key", "classroom", "school", "front door"], ["hospital", "body", "patient", "perso", "emergency room", "injured perso", "battle", "fungus", "arm", "war"], ["wheat", "cor", "grape", "snake", "apple tree", "grass", "country", "ferret", "countryside", "meadow", "bugs", "crops", "cobblestone", "ficus", "insects", "weed", "wild flowers", "daisies", "bar", "expert", "small plants", "stones", "crops growing", "wildflowers", "many insects", "knight", "ants", "cat", "cotto", "rosebush", "daisy", "two lovers running towards one another", "vole", "wago", "cowpats", "fungus", "rocks", "wind"], [], [], [], ["star", "moo", "planets", "vacuum", "black hole", "space shuttle", "satellites", "comets", "meteors", "world", "quasars", "box", "space junk", "galaxy", "stars", "photons", "black holes", "more space", "spaceships", "radiatio", "suitcase", "asteroid", "planet", "aliens", "pluto", "meteor", "jar", "hydroge", "sentence", "ufo", "hydrogen atoms", "daydream", "cold", "text", "vaccum", "novas", "comet", "mir", "gas", "reasion to explore", "universe", "asteroids", "hydrogen gas", "emptiness", "vaccuum", "black holes and quasars", "satellite", "milky way", "space statio", "front"], ["potato", "fruit", "bread", "cheese", "city", "tomatoes", "cashier", "stalls", "fresh vegetables", "magazines", "customers", "fish", "shopping carts", "produce", "milk", "carrots", "box of cereal", "coupo", "vegetables", "food", "stands", "frozen foods", "stall", "onions", "dog food", "apples and grapes", "cut flowers", "cabbage", "cor", "bag", "fruits and vegetables", "shopping bag", "roast beef", "stocks", "rural area", "merchant", "cans of soup", "kiwi", "cough drops", "fresh fruit", "fruits", "organically grown vegetables", "mellons", "barrel", "tuna", "grape", "vending stand", "greengrocer", "mexico", "village", "corner of two streets", "butcher", "supermarket", "onio", "groceries", "seller", "meat", "shopping cart"], ["building"], ["fence", "lock", "horse", "backyard", "heaven and guarded by st", "garde", "apartment"], [], [], [], [], [], [], [], [], [], [], [], [], [], ["downtown area", "manhatta", "major city", "teenagers", "building", "bar", "drug dealer"], ["airplane", "birds", "kite", "space shuttle", "nitroge", "clouds", "owl", "balloo", "plane", "supermarket", "aircraft", "dust", "bird", "pollutio", "house", "oxyge", "surface of earth", "sky", "nitrogen molecule", "insects", "sound waves", "freshness", "frisbee", "sirrus cloud", "moisture", "airplanes", "helium balloo", "gases", "jet", "all around", "airport", "odor", "molecule", "hot air balloo", "butterfly", "magic", "lungs", "rai", "helicopter", "bus", "geese", "nose"], [], [], [], [], [], [], [], [], ["park", "anemone"], [], [], [], [], [], [], [], [], [], [], [], [], [], [], [], [], [], [], [], [], [], [], [], [], [], [], [], [], [], [], [], [], [], [], [], [], [], [], [], [], []], "/r/HasProperty": [["opened or closed", "rectangular in shape", "open or closed", "opaque", "hollow", "large", "solid"], [], ["covered in grass and wide ope"], [], [], [], ["empty", "cold", "dark", "infinite", "silent"], [], ["pushed ope", "pulled ope"], [], [], [], [], [], [], [], [], ["ice", "wood", "tv sets", "piano", "frozen carbon dioxide", "trumpet", "rocks", "metals", "basic tenets of global warming", "buildings", "matter", "glass", "watches", "pear", "leather", "flower", "cd"], [], [], [], [], [], ["loud", "open in evening"], ["invisible"], [], [], [], [], [], [], [], [], [], [], [], [], [], [], [], [], [], [], [], [], [], [], [], [], [], [], [], [], [], [], [], ["fingers"], [], [], [], [], [], [], [], [], [], [], [], [], [], [], [], [], [], []], "/r/CreatedBy": [[], [], [], [], [], [], [], [], [], [], [], [], [], [], [], [], [], [], [], [], [], [], [], [], [], [], [], [], [], [], [], [], [], [], [], [], [], [], [], [], [], [], [], [], [], [], [], [], [], [], [], [], [], [], [], [], [], [], [], [], [], [], [], [], [], [], [], [], [], [], [], [], [], [], []], "/r/Synonym": [[" artifactdoorway artifact", "porti\u00e8re", "car door"], ["v bodyinjure body", "wounding act", "injury military", "combat injury military", "v emotiohurt emotio", "lesion state", "hurt", "injure", "annoy", "wikten 1injury"], ["field of operations military", "field of view cognition cognitio", " artifactairfield artifact", "theatre military", " statesphere state", "force field phenomenon phenomeno", " objectplain object", "theater military", "line of business act", "field of force phenomenon phenomeno", "theater of operations military", " locatioplaying field locatio", " locatiobattlefield locatio", "field of operation act", "theatre of operations military", " cognitiodiscipline cognitio", "skater", "vaddress", "input field", "discipline"], [], [], [], ["blank space communication communicatio", "infinite ", " printingquad printing", " timedistance time", "blank communication communicatio", "place communication communicatio", " locatioouter space locatio", "place", "blank", "ether", "gap"], [" artifactmarketplace artifact", "marketplace act", "securities industry group", "market place act", " artifactgrocery store artifact", "v commercecommercialize commerce", "fair", "arcade"], [""], ["logic gate artifact", ""], [], [], [], [], [], [], [], ["solid state", "a substantial ", "a satisfying ", "firm a ", "a upstanding ", "a self coloured ", "a unanimous ", "solidness state", "asubstantial"], [], ["open up creation creatio", "trailblazer person perso", "innovator person perso", "v creatioinitiate creatio", "groundbreaker person perso", "vbreak new ground", "pathbreaker", "vpush envelope"], [], [], ["a professed "], [" artifactcabaret artifact", "club", "disco", ""], [" locatioatmosphere locatio", "v communicatiopublicize communicatio", " communicatiotune communicatio", "transmit broadcast medium", "broadcast medium", "atmosphere", " actair travel act", "send broadcast medium", "v perceptioair out perceptio", " phenomenobreeze phenomeno", "atmosphere attribute", "aura attribute", "beam broadcast medium", "airwave communication communicatio", "v changevent change", "telecast", "aura", "gas", "nimbus", "vbroadcast", "apricate"], [], ["privy"], [], [" persoundoer perso"], [], [], [], ["combining act", "compounding act", "fusio", "blend", "merger", ""], ["playground slide artifact", "sliding board artifact", " musicswoop music", "lantern slide artifact", "v motioskid motio", "coast act", " artifactchute artifact", "v motioslither motio", "glide act", "microscope slide artifact", "chute", "runner", "slippery dip"], [], [], [], ["enfilade fire act", "vflank", "raking fire", "flanking fire"], ["shroud"], [], [], [], ["willow tree plant", "willow tree", "withy", ""], [" artifacttouring car artifact"], [], [], [], [], [], [], [], [], [], [], ["sofa bed artifact", "convertible security possession possessio", "a transformable ", "exchangeable a ", "cabriolet", "aequivalent"], [], [" persomedium perso", "tender a ", "raw a ", "sore a ", "a sensible ", "acompassionate", "acaring", "aaware", "atender", "anesh", "aprecise"], [], [], ["disk operating system communication communicatio", " groupdepartment of state group", ""], [], [], [], [], [], ["volatile organic compound", "vanoc"], [], [], ["flick knife artifact", "switchblade knife artifact", "flick knife"], [], ["a oceanic "], [], [], [], []], "/r/LocatedNear": [[], [], [], [], [], [], [], [], [], [], [], [], [], [], [], [], [], [], [], [], [], [], [], [], [], [], [], [], [], [], [], [], [], [], [], [], [], [], [], [], [], [], [], [], [], [], [], [], [], [], [], [], [], [], [], [], [], [], [], [], [], [], [], [], [], [], [], [], [], [], [], [], [], [], []], "/r/SimilarTo": [[], ["coiled a ", "a coiled "], [], [], [], [], [], [], [], [], [], [], [], [], [], [], [], ["concrete a ", "a serious ", "a massive ", "a hard ", "a sound ", "a solid state ", "cubic a mathematics", "a unbroken ", "congealed a ", "a coagulated ", "hard a ", "coagulated a ", "a semisolid ", "good a ", "a good ", "a mathematicscubic ", "unbroken a ", "a congealed ", "a solid state electronics", "solid state electronics ", "massive a ", "homogeneous a ", "a homogeneous ", "solid state a ", "dry a ", "opaque a ", "semisolid a ", "a concrete ", "sound a ", "a dry ", "a opaque ", "serious a ", "liquid"], [], [], [], [], [], [], [], [], [], [], [], [], [], [], [], ["creep", "vcreep"], [], [], [], [], [], [], [], [], [], [], [], [], [], [], [], [], [], [], [], [], ["adaptable a ", "a adaptable ", "cashable a ", "a cashable "], [], ["classified a ", "a delicate ", "light sensitive a ", "a classified ", "a oversensitive ", "a thin skinned ", "responsive a ", "erogenous a ", "a alive ", "a erogenous ", "irritable physiology ", "a nociceptive ", "a painful ", "delicate a ", "oversensitive a ", "painful a ", "a highly sensitive ", "a light sensitive ", "irritable pathology ", "a irritable physiology", "a irritable pathology", "a radiosensitive ", "alive a ", "a responsive ", "highly sensitive a ", "radiosensitive a ", "nociceptive a ", "thin skinned a ", "sympathetic"], [], [], [], [], [], [], [], [], [], [], [], [], [], ["turbiditic"], [], [], [], []], "/r/MadeOf": [[], [], [], [], [], [], ["passageway"], [], [], [], [], [], [], [], [], [], [], [], [], [], [], [], [], [], ["wind", "molecules"], [], [], [], [], [], [], [], [], [], [], [], [], [], [], [], [], [], [], [], [], [], [], [], [], [], [], [], [], [], [], [], [], [], [], [], [], [], [], [], [], [], [], [], [], [], [], [], [], [], []], "/r/ReceivesAction": [["opened", "closed", "locked", "found on car", "found in church", "found at shower"], [], [], [], [], [], [], [], ["meant for entering", "found in houses and buildings", "meant for exiting"], ["locked"], [], [], [], [], [], [], [], [], [], [], [], [], [], [], ["composed primarily of nitrogen and oxyge", "composed of gases", "atmosphere of planet earth", "made up of many different gasses", "earth's atmosphere", "find inside"], [], [], [], [], [], [], [], [], [], [], [], [], [], [], [], [], [], [], [], [], [], [], [], [], [], [], [], [], [], [], [], [], [], [], [], [], [], [], [], [], [], [], [], [], [], [], [], [], [], []]}, "/r/UsedFor": {"/r/RelatedTo": [[]], "/r/UsedFor": [[]], "/r/LocatedAt": [[]], "/r/FormOf": [[]], "/r/IsA": [[]], "/r/PartOf": [[]], "/r/HasA": [[]], "/r/CapableOf": [[]], "/r/AtLocation": [[]], "/r/HasProperty": [[]], "/r/CreatedBy": [[]], "/r/Synonym": [[]], "/r/LocatedNear": [[]], "/r/SimilarTo": [[]], "/r/MadeOf": [[]], "/r/ReceivesAction": [[]]}, "/r/LocatedAt": {}, "/r/FormOf": {"/r/RelatedTo": [[]], "/r/UsedFor": [[]], "/r/LocatedAt": [[]], "/r/FormOf": [["vope"]], "/r/IsA": [[]], "/r/PartOf": [[]], "/r/HasA": [[]], "/r/CapableOf": [[]], "/r/AtLocation": [[]], "/r/HasProperty": [[]], "/r/CreatedBy": [[]], "/r/Synonym": [[]], "/r/LocatedNear": [[]], "/r/SimilarTo": [[]], "/r/MadeOf": [[]], "/r/ReceivesAction": [[]]}, "/r/IsA": {"/r/RelatedTo": [[], [], []], "/r/UsedFor": [[], [], []], "/r/LocatedAt": [[], [], []], "/r/FormOf": [[], [], []], "/r/IsA": [[], [], []], "/r/PartOf": [[], [], []], "/r/HasA": [[], [], []], "/r/CapableOf": [[], [], []], "/r/AtLocation": [[], [], []], "/r/HasProperty": [[], [], []], "/r/CreatedBy": [[], [], []], "/r/Synonym": [[], [], []], "/r/LocatedNear": [[], [], []], "/r/SimilarTo": [[], [], []], "/r/MadeOf": [[], [], []], "/r/ReceivesAction": [[], [], []]}, "/r/PartOf": {}, "/r/HasA": {}, "/r/CapableOf": {"/r/RelatedTo": [["entrance", "opening", "house", "portal", "knob", "entry", "window", "gate", "room", "wall", "exit", "ope", "handle", "entryway", "wood", "front", "hinges", "rectangle", "way", "woode", "building", "entering", "lock artifact", "bolt artifact", "rooms", "house entrance", "house opening", "enter", "gateway", "houses", "wall opening", "lock", "through", "room entrance", "opens", "passage", "rectangular", "house entry", "pull", "latch", "mat", "hinged", "has", "buzz in", "doorwardr", "rim lock", "sport one's oak", "door frame", "quadrivalve", "draught excluder", "snib", "doorframe", "crossette", "lintel", "loid", "butt hinge", "safety arch", "embrasure", "plan", "house door", "janus faced lock", "boltwikten 1", "storm door", "doorknob", "casing", "ingress", "double doors", "doorcase", "knocker", "door seal", "doors", "tracery", "dharna", "brickmould", "lockset", "heelpost", "vision panel", "stile", "shoji", "rat tat", "curtainwall", "lunette", "lock up", "wicket", "jamb", "roller shutter", "doorwardsr", "car door", "fanlight", "vitrage", "dooring", "doorlatch", "door god", "foredoor", "master key", "software", "fairy door", "placard", "hinge", "trapdoor", "vestibule", "front loader", "unhinge", "clausilium", "barn door", "file cabinet", "vcyclist", "cherry knocking", "cellar door", "hatchback", "dutch reach", "dropfile", "coupe", "garage door", "fingerguard", "architrave", "porti\u00e8re", "metal", "church door", "cripple", "top light", "fusuma", "hyperthyrion", "biforate", "shear cake", "unshoot", "stagedoor", "doorless", "doorway", "sidelight", "doggie door", "walk in", "scissor door", "hallstand", "scene dock", "doorlike", "barndoor", "program", "unbar", "halligan bar", "transom", "keyplate", "shotgun house", "put wood in hole", "anteport", "chowkat", "betty", "doorhanger", "monty hall problem", "kickboard", "adoorsr", "doorstaff", "doorline", "ram", "doorknocker", "four door", "judas hole", "peephole", "leaf", "vcollisio", "voncoming", "turn button", "hustle alarm"], ["plant", "pretty", "rose", "petals", "garde", "petal", "bloom", "blossom", "lily", "daisy", "pretty plant", "bud", "dandelio", "blooming", "daffodil", "seed", "has", "tulip", "colorful", "bouquet", "stem", "beautiful", "part", "gardens", "flora", "plant part", "carnatio", "iris", "violet", "orchid", "animal flower", "gynomonoecious", "scaphium", "rice paper", "florivore", "softscape", "fleuron", "snowdrop", "balsam", "corsage", "anthology", "bractlet", "aphananthy", "aandblom", "antiflorigenic", "calliopsis", "foveolate", "florid", "florigenic", "papyriform", "antarctic pearlwort", "lodicule", "vexillar", "pseudanthium", "triandrian", "pluriflorous", "orange lily", "noctiflorous", "unflowering", "knosp", "hydrangea", "petunidin", "twinflower", "mayblossom", "uniaxial", "remontant", "midrib", "monomerous", "dyc", "heteranthery", "deflorate", "fioriture", "verdoy", "queen anne's lace", "geranium", "caulocarpous", "kewra", "honeyeater", "snapdragon", "cowherb", "nelumbo", "vase", "preanthesis", "sanicle", "forget me not", "bracteole", "capitulescence", "pelargonium", "squamula", "palate", "ragwort", "dichasium", "triflorous", "nonflowering", "flowerette", "inflorescence", "truss", "anthoid", "flowerless", "receptacle", "emergent", "turkey's beard", "homogamy", "adelaster", "perigone", "mokihi", "oilseed rape", "peloria", "slipperwort", "hanami", "enfleurage", "chasmogamy", "interfloral", "hypsophyll", "peach blossom", "bitterroot", "anthecology", "dicliny", "postanthesis", "carnation", "death camas", "hungary water", "alcyonium", "attar", "floriform", "flowering tea", "sleep at noon", "head", "flower fence", "illegitimate", "lilac", "umbel", "keel", "intrastaminal", "botryoid", "scyphus", "broccoli", "syconium", "broom rape", "everlasting flower", "monandrous", "flowerhead", "anther", "millefleur", "jacobean lily", "anthocyanosis", "nasturtium", "shank", "silk", "flowerkind", "dandelion", "floret", "unguis", "stephanotis", "nanoflower", "ramiflorous", "gynodioecious", "hegemone", "rafflesia", "gillyflower", "flowerness", "cleistogamy", "aaron's rod", "flowered", "yellowwort", "wreather", "germander", "ball flower", "blue fenugreek", "rhizanthous", "heterogony", "clinandrium", "pot lace", "parrot weed", "liguliflorous", "sleepwikten 2", "floriculturist", "pinwheel", "antepetalous", "anthotaxy", "mock heather", "gypsophila", "creeping jenny", "multiflowered", "eau cr\u00e9ole", "krubut", "clary water", "uniflorous", "anthocorm", "aggregate fruit", "curlycup gumweed", "anthophilia", "florilegium", "homochromous", "okra", "efflorescence", "stamen", "florallyr", "merosity", "hellebore", "subfloral", "unicapsular", "anthela", "glumelle", "kadupul", "autocompatibility", "andromonoecious", "tokonoma", "pinks", "flowering plant", "capillaire", "gardenia", "kern baby", "deadheading", "turtlehead", "simple fruit", "polyflower"]], "/r/UsedFor": [["separating rooms", "entry or exit to locatio", "keeping people out of room", "enter", "closing passageway", "passage", "control access", "entering or exiting area", "entering or exiting room", "enter room", "separate two rooms", "making room private", "protecting things", "get out of car", "keeping people in room"], ["attracting pollinators", "producing fruit or seed"]], "/r/LocatedAt": [[], []], "/r/FormOf": [["doors", "dooringwikten 2"], ["flowerest", "flowereth", "flowered"]], "/r/IsA": [[" artifactmovable barrier artifact", "swing door artifact", "screen door artifact", " attributeentree attribute", "interior door artifact", "double door artifact", "trap door artifact", "sliding door artifact", "car door artifact", " artifactroom artifact", "cargo door artifact", "storm door artifact", "open door attribute", "fire door artifact", "french door artifact", "revolving door artifact", " artifactstructure artifact", "way to enter classroom", "elevator door", "pet door", "sliding door", "part of car", "refrigerator door", "microwave door", "front door", "barrier", "passageway", "backdoor", "screen door", "dishwasher door", "glass door", "entrance", "door in building", "back door", "portal covering", "find downstairs", "door outdoor region to"], ["hibiscus", "iris", "lily", "carnatio", "violet", "dandelio", "part of plant", "candytuft plant", "sweet alyssum plant", "oxeye daisy plant", "dahlia plant", "carolina spring beauty plant", " plantangiosperm plant", "daisy plant", "valerian plant", "cosmos plant", "bloomer plant", "damask violet plant", "gentian plant", "tuberose plant", "corydalis plant", "cape marigold plant", "gazania plant", "ammobium plant", "floret plant", "spring beauty plant", "ageratum plant", "blazing star plant", "toadflax plant", "calendula plant", "virginian stock plant", "pheasant's eye plant", "streptocarpus plant", "bartonia plant", "commelina plant", "malcolm stock plant", "nigella plant", "centaury plant", "daisy", "peony plant", "african violet plant", "tidytips plant", "begonia plant", " timetime period time", "mexican sunflower plant", "billy buttons plant", "stokes aster plant", "orchid plant", "prairie rocket plant", "delphinium plant", "kingfisher daisy plant", " plantreproductive structure plant", "apetalous flower plant", "bush violet plant", "globe amaranth plant", "zinnia plant", "scarlet musk flower plant", "woodland star plant", "orchid", "texas star plant", "poppy plant", "soapwort plant", "african daisy plant", "sowbread plant", "brass buttons plant", "cotton rose plant", "xeranthemum plant", "shortia plant", "coneflower plant", "horn poppy plant", "scabious plant", "umbrellawort plant", "fig marigold plant", "blue eyed african daisy plant", "china aster plant", "heliophila plant", "pink plant", "verbena plant", "coral drops plant", "composite plant", "spathiphyllum plant", "wallflower plant", "bud plant", "christmas bells plant", "four o clock plant", "bellwort plant", "butterfly flower plant", "sandwort plant", "sweet sultan plant", "inflorescence plant", "silene plant", "marigold plant", "golden age time", "achimenes plant", "calceolaria plant", "columbine plant", "ursinia plant", "cowherb plant", "lotus", "tulip", "catananche plant", "white topped aster plant", "petunia plant", "snapdragon plant", "peony", "rocket larkspur plant", "cineraria plant", "aster plant", "veronica plant", "portulaca plant", "lychnis plant", "virginia spring beauty plant", "mistflower plant", "red valerian plant", "wandflower plant", "ray flower plant", "gerardia plant", "cyclamen plant", "painted daisy plant", "schizopetalon plant", "lesser celandine plant", "western wall flower plant", "rue anemone plant", "poppy", "stock plant", "calla lily plant", "cornflower plant", "blue daisy plant", "sunflower plant", "lace flower vine plant", "florest's cineraria plant", "easter daisy plant", "baby's breath plant", "scorpionweed plant", "anemone plant", "chrysanthemum plant", "swan river daisy plant", "gymea lilyopencycflowery plant", "monochaetum floribundumopencycflowery plant", "fritillaria meleagrisopencycflowery plant", "nigellaopencycflowery plant", "zinniaopencycflowery plant", "aubrietaopencycflowery plant", "poppyopencycflower botanical part", "lobelia thapsoideaopencycflowery plant", "wildfloweropencycflowery plant", "forget notopencycflowery plant", "trolliusopencycflowery plant", "waratahopencycflowery plant", "parulopencycflowery plant", "pollination syndromeopencycflowery plant", "nasturtiumopencycflowery plant", "myosurusopencycflowery plant", "morny glory", "passiflora caeruleaopencycflowery plant", "opencycflower botanical partplant organ", "tritonia plantopencycflowery plant", "cosmos bipinnatusopencycflowery plant", "liparophyllumopencycflowery plant", "goldenheadopencycflowery plant", "flower of hypericum perforatumopencycflower botanical part", "cherry blossom", "sunflower", "flower of angelica sinensisopencycflower botanical part", "hymenocallis speciosaopencycflowery plant", "kentucky wisteriaopencycflowery plant", "lilium humboldtiiopencycflowery plant", "rafflesiaopencycflowery plant", "luculiaopencycflowery plant", "gaillardiaopencycflowery plant", "actinotus helianthiopencycflowery plant", "villarsiaopencycflowery plant", "gladiola", "guernsey lilyopencycflowery plant", "daffodilopencycflower botanical part", "werauhia insignisopencycflowery plant", "gardeniaopencycflowery plant", "pyoliopencycflowery plant", "duke of durhamopencycflowery plant", "primula beesianaopencycflowery plant", "nymphoidesopencycflowery plant", "ylang ylangopencycflowery plant", "lilium columbianumopencycflowery plant", "erysimum nevadenseopencycflowery plant", "epidendrum radicansopencycflowery plant", "lilac", "erysimum mediohispanicumopencycflowery plant", "crocosmiaopencycflowery plant", "opencycflower botanical partsmell of flowers", "trillium nivaleopencycflowery plant", "primula vulgarisopencycflowery plant", "lobelia oligophyllaopencycflowery plant", "hymenocallisopencycflowery plant", "hibiscusopencycflowery plant", "cosmos sulphureusopencycflowery plant", "primula verisopencycflowery plant", "bellis perennisopencycflowery plant", "kniphofiaopencycflowery plant", "phlox floweropencycflower botanical part", "castillejaopencycflowery plant", "peonyopencycflowery plant", "morning glory", "yaretaopencycflowery plant", "sunfloweropencycflowery plant", "lotus uliginosusopencycflowery plant", "yellow tack stemopencycflowery plant", "protea cynaroidesopencycflowery plant"]], "/r/PartOf": [["handle", "doorknob", " artifactdoorway artifact", "lock artifact", "latch", "lock", "house", "keyhole", "transportation vehicle"], ["pistil plant", " plantangiosperm plant", "stame", "stamen plant", "floral leaf plant", "stem", "perianth plant", "carpel plant", "ovary plant"]], "/r/HasA": [["house", "handle", "booth", "two halfs", "telephone box", "every room", "elevator", "apartment"], []], "/r/CapableOf": [["ope", "swing on hinges", "seal off room", "fire rated", "paird", "close", "enclose cupboard", "keep people out"], ["cast shadow", "blossom", "ope", "spread petals"]], "/r/AtLocation": [["building", "knob", "lock", "wall", "theater", "handle", "apartment", "room", "office", "neighbor's house", "union suit", "note", "car", "motel", "key i", "shut off notice", "internet cafe", "key", "classroom", "school", "front door"], ["vase", "park", "windowsill", "flower garde", "shelf"]], "/r/HasProperty": [["opened or closed", "rectangular in shape", "open or closed", "opaque", "hollow", "large", "solid"], ["alive"]], "/r/CreatedBy": [[], []], "/r/Synonym": [[" artifactdoorway artifact", "porti\u00e8re", "car door"], ["bloom time", "v changebloom change", "bloom plant", "flush time", "heyday time", "efflorescence time", "blossom time", "blossom plant", "prime time", "peak time", "wikten 1cream"]], "/r/LocatedNear": [[], []], "/r/SimilarTo": [[], []], "/r/MadeOf": [[], []], "/r/ReceivesAction": [["opened", "closed", "locked", "found on car", "found in church", "found at shower"], ["picked"]]}, "/r/AtLocation": {}, "/r/HasProperty": {}, "/r/CreatedBy": {}, "/r/Synonym": {"/r/RelatedTo": [[], [], [], [], [], [], [], [], [], [], [], [], [], [], [], [], [], [], [], [], ["up", "show", "appearance", "show up", "watched pot never boils", "grow", "semble", "pepper's ghost", "coappear", "strike", "visit", "make out", "surface", "undersigned", "vapparent", "spring to mind", "come on", "mirror image", "queer", "random encounter", "subpoena", "misken", "crop out", "ghost", "phenomenal world", "come and go", "star", "sunup", "by looks of thingsr", "ventriloquism", "front up", "fly by night", "appearing", "heaven", "cital", "reappearance", "heavenly stem", "fuck dog", "pretend", "come off", "vappearance", "style it out", "three dimensionality", "noncompearance", "nonappearance", "viewfinder", "continual", "bail jumping", "hit headlines", "maieusiophilia", "come to mind", "apparent", "appeareth", "come out of woodwork", "new", "seem", "outclass", "barnstorm", "default", "pop up", "beseem", "reappear", "guest", "leap to mind", "smack of", "court appearance", "planetary aberration", "flash up", "misappear", "all that glitters is not gold", "historicity", "gild", "come forth", "burst out", "nonappearing", "turn up", "appears", "anticlimax", "flea circus", "autokinesis", "virtual memory", "subpoena duces tecum", "show one's face", "feature", "look"], []], "/r/UsedFor": [[], [], [], [], [], [], [], [], [], [], [], [], [], [], [], [], [], [], [], [], [], []], "/r/LocatedAt": [[], [], [], [], [], [], [], [], [], [], [], [], [], [], [], [], [], [], [], [], [], []], "/r/FormOf": [[], [], [], [], [], [], [], [], [], [], [], [], [], [], [], [], [], [], [], [], ["appeared", "appears", "appearing", "appear'd", "appearest", "appeareth"], []], "/r/IsA": [[], [], [], [], [], [], [], [], [], [], [], [], [], [], [], [], [], [], [], [], [], []], "/r/PartOf": [[], [], [], [], [], [], [], [], [], [], [], [], [], [], [], [], [], [], [], [], [], []], "/r/HasA": [[], [], [], [], [], [], [], [], [], [], [], [], [], [], [], [], [], [], [], [], [], []], "/r/CapableOf": [[], [], [], [], [], [], [], [], [], [], [], [], [], [], [], [], [], [], [], [], [], []], "/r/AtLocation": [[], [], [], [], [], [], [], [], [], [], [], [], [], [], [], [], [], [], [], [], [], []], "/r/HasProperty": [[], [], [], [], [], [], [], [], [], [], [], [], [], [], [], [], [], [], [], [], [], []], "/r/CreatedBy": [[], [], [], [], [], [], [], [], [], [], [], [], [], [], [], [], [], [], [], [], [], []], "/r/Synonym": [[], [], [], [], [], [], [], [], [], [], [], [], [], [], [], [], [], [], [], [], ["come along change", "seem perception perceptio", "arise", "v perceptiolook perceptio", "come out change", "vcrop out", "vobvious", "vda ", "vseem", "vheave in sight", "come into sight", "materialize", "voffer", "vhave", "occur", "emerge", "vsight", "vemerge", "varise", "look", "varrive", "vope", "vbecome", "vanswer", "come across", "vappearance", "vlook", "seem", "voccur", "vpresent"], ["aope"]], "/r/LocatedNear": [[], [], [], [], [], [], [], [], [], [], [], [], [], [], [], [], [], [], [], [], [], []], "/r/SimilarTo": [[], [], [], [], [], [], [], [], [], [], [], [], [], [], [], [], [], [], [], [], ["look like", "vlook like"], []], "/r/MadeOf": [[], [], [], [], [], [], [], [], [], [], [], [], [], [], [], [], [], [], [], [], [], []], "/r/ReceivesAction": [[], [], [], [], [], [], [], [], [], [], [], [], [], [], [], [], [], [], [], [], [], []]}, "/r/LocatedNear": {}, "/r/SimilarTo": {"/r/RelatedTo": [[], [], [], [], [], [], [], [], [], [], [], [], [], [], [], [], [], [], [], [], [], [], [], [], [], [], [], [], [], []], "/r/UsedFor": [[], [], [], [], [], [], [], [], [], [], [], [], [], [], [], [], [], [], [], [], [], [], [], [], [], [], [], [], [], []], "/r/LocatedAt": [[], [], [], [], [], [], [], [], [], [], [], [], [], [], [], [], [], [], [], [], [], [], [], [], [], [], [], [], [], []], "/r/FormOf": [[], [], [], [], [], [], [], [], [], [], [], [], [], [], [], [], [], [], [], [], [], [], [], [], [], [], [], [], [], []], "/r/IsA": [[], [], [], [], [], [], [], [], [], [], [], [], [], [], [], [], [], [], [], [], [], [], [], [], [], [], [], [], [], []], "/r/PartOf": [[], [], [], [], [], [], [], [], [], [], [], [], [], [], [], [], [], [], [], [], [], [], [], [], [], [], [], [], [], []], "/r/HasA": [[], [], [], [], [], [], [], [], [], [], [], [], [], [], [], [], [], [], [], [], [], [], [], [], [], [], [], [], [], []], "/r/CapableOf": [[], [], [], [], [], [], [], [], [], [], [], [], [], [], [], [], [], [], [], [], [], [], [], [], [], [], [], [], [], []], "/r/AtLocation": [[], [], [], [], [], [], [], [], [], [], [], [], [], [], [], [], [], [], [], [], [], [], [], [], [], [], [], [], [], []], "/r/HasProperty": [[], [], [], [], [], [], [], [], [], [], [], [], [], [], [], [], [], [], [], [], [], [], [], [], [], [], [], [], [], []], "/r/CreatedBy": [[], [], [], [], [], [], [], [], [], [], [], [], [], [], [], [], [], [], [], [], [], [], [], [], [], [], [], [], [], []], "/r/Synonym": [[], [], [], [], [], [], [], [], [], [], [], [], [], [], [], [], [], [], [], [], [], [], [], [], [], [], [], [], [], []], "/r/LocatedNear": [[], [], [], [], [], [], [], [], [], [], [], [], [], [], [], [], [], [], [], [], [], [], [], [], [], [], [], [], [], []], "/r/SimilarTo": [[], [], [], [], [], [], [], [], [], [], [], [], [], [], [], [], [], [], [], [], [], [], [], [], [], [], [], [], [], []], "/r/MadeOf": [[], [], [], [], [], [], [], [], [], [], [], [], [], [], [], [], [], [], [], [], [], [], [], [], [], [], [], [], [], []], "/r/ReceivesAction": [[], [], [], [], [], [], [], [], [], [], [], [], [], [], [], [], [], [], [], [], [], [], [], [], [], [], [], [], [], []]}, "/r/MadeOf": {}, "/r/ReceivesAction": {}}}, "": {}}