{"pick": {"N1": {"/r/RelatedTo": ["choose", "pick out", "lift", "pick off", "flang", "scree", "varm", "vplay", "vattach", "vpluck", "jostle", "vlock pick", "rondalla", "pickman", "vhand", "vrelease", "vselect", "vwire", "primrose", "shuttle", "ventire", "vdecide", "handpick", "dermatillomania", "picklock", "culler", "interceptio", "vball", "fire axe", "vfingernail", "vconsumptio", "picksome", "pickfest", "choice", "prepicked", "vplant", "vpositio", "lockpicker", "auriscalpium", "pikeman", "vharvest", "pickoff", "hakapik", "agri entertainment", "vremove", "vgrasp", "vvegetable", "pickproof", "mattock", "vfinger", "repick", "unpickable", "picked strings", "vmusical instrument", "plectrum", "vfruit", "vstudying", "vrecognise", "comb", "lock pick", "choose up", "choosewikten 1", "take", "picker", "grape", "motherlode", "infielder", "berrying", "hoe", "pick hammer", "pickaxe", "maundril", "vground", "unpicked", "halligan bar", "vbowled", "tool", "pickery", "vbowler", "phaneromania", "pickable", "picked", "pickt", "elect", "select", "drop", "cotto", "guitar", "mining", "hold", "gather", "carry", "choosing", "ice", "decide", "mine", "selectio", "choose select", "mining tool", "ice tool", "mountai", "handle", "digging tool", "digging", "guitar tool", "breaking", "rocks", "breaking rocks"], "/r/UsedFor": ["picking lock"], "/r/LocatedAt": [], "/r/FormOf": ["picks", "picked", "picking", "picketh", "pick'd", "pickest"], "/r/IsA": [" artifactdevice artifact", " artifactedge tool artifact", " actbasketball play act", "toothpick artifact", "mattock artifact", "icepick artifact", "guitar pick artifact", " artifacthand tool artifact", "opencycpick toolindustrial equipment", "opencycpickaxerigid portable object", "ice pickopencycpick tool", "tool", "opencycpickaxehardware tool", "opencycpickaxematerial movement hand tool", "opencycpickaxeshaped thing", "opencycpick toolmaterial movement hand tool", "opencycpickaxegardening tool", "opencycpick toolhardware tool", "opencycpickaxeindustrial equipment"], "/r/PartOf": ["ice axe"], "/r/HasA": [], "/r/CapableOf": [], "/r/AtLocation": [], "/r/HasProperty": [], "/r/CreatedBy": [], "/r/Synonym": ["v contactpluck contact", "pickax artifact", "pickaxe artifact", "break up contact", "v contactpeck contact", " actchoice act", "pluck contact", "v consumptionibble consumptio", "v communicatioblame communicatio", "cull contact", "plectrum artifact", " cognitiochoice cognitio", " quantitypicking quantity", " artifactwoof artifact", "v changeclean change", "plectron artifact", " groupcream group", "v possessiofoot possessio", "picklock", "vselect", "decide", "vchoose", "plectrum", "pickaxe"], "/r/LocatedNear": [], "/r/SimilarTo": [], "/r/MadeOf": ["metal"], "/r/ReceivesAction": []}, "N2": {"/r/RelatedTo": {"/r/RelatedTo": [["pick", "select", "elect", "decide", "decisio", "choice", "take", "make", "picking", "opt", "make choice", "selectio", "pick one", "have time", "choosed", "chooser", "choosing", "choosy", "catalan number", "culler", "pitch upon", "luminary", "number", "wyciwyg", "walewikten 2", "extract", "vanity plate", "vanity license plate", "picksome", "chosen", "choicelyr", "free will", "forechosen", "prechosen", "have mind of one's o v", "selector", "take one's pick", "make up one's mind", "keep baby", "vchoosy", "electant", "horses for courses", "opt out", "pick and choose", "freestyle", "anoint", "predilect", "opt in", "buridan's ass", "chooseth", "discretionary", "adlect", "chooses", "write one's own ticket", "split difference", "check off", "go with", "accessorize", "pick over", "plump for", "vchoice", "foretake", "chose", "mischoose", "liberty", "nominative", "appoint", "actio", "options", "selecting", "make decisio", "determine", "optio", "pick and", "like", "like pick", "out", "pick out", "opt to", "many options", "action choice", "something", "preference", "menu", "president", "elect president", "decision making", "making", "opt select", "opt for", "select something", "liking", "best", "liking best", "past", "answer", "between choices", "choices", "betwee", "decision choice", "decide o", "refuse", "vote", "deciding", "opportunity", "pick something"], [], ["up", "elevator", "raise", "carry", "british", "actio", "pick", "pick up", "rise", "british elevator", "raising", "raise up", "arise", "moving", "heftable", "lifts", "lifted", "ejector", "service lift", "weightlifter", "cage", "paternoster", "fornyr\u00f0islag", "wikten 2device", "shaftway", "get leg up", "control brief", "mastopexy", "unlifted", "boost", "tiltrotor", "hold up", "vwikten 2restrictio", "mainplane", "jerkwikten 1", "foot lifter", "liftover", "unlifting", "teagle", "hoist", "vwikten 2raise", "pilot balloon observation", "break ground", "vwikten 2collect", "autogiro", "pump iron", "advance", "liftable", "upliftment", "pull up", "jackable", "kitewikten 1", "wikten 2lift gate", "lift to drag ratio", "adagio", "elevate", "heave", "rotorcraft", "shoe insert", "safety cage", "hoik", "movable", "vwikten 2lighte", "shaft", "vwikten 2alleviate", "liftman", "wrestle", "wikten 2elevator", "relevate", "uptake", "ornithopter", "wecht", "liftinglyr", "wingsuit", "outlift", "stoneblower", "hoist bridge", "hike up", "liftshaft", "relift", "attolent", "wikten 2elevatio", "penup", "aircraft", "wikten 2raising", "shrug", "run back", "hoistaway", "riser", "lifter", "levator", "hydraulic belt", "aerostat", "crane"], [], ["double", "miner", "flangs", "pick"], ["wikten 4coarse", "wikten 1debris", "screelike", "fellfield", "vwikten 3gravel", "screes", "rockfall", "wikten 2high pitched", "bat"], [], [], [], [], ["vcontend", "vjustle", "vbump", "crowd", "jostling", "vpockets", "hunch", "vpushing", "jostleth", "jostlinglyr", "vacquire", "vvie", "unjostled", "vclose", "jockey", "shove", "jostles", "hurtle", "justle", "jostly", "vcontact", "joggle", "jostler", "vshoving", "like bag of ferrets", "jostled", "vpick", "vphysical", "elbow", "vbrush", "push", "snake rake", "jostlest", "vaside", "shake"], [], ["stringed instrument", "plectrum", "pick", "ensemble"], ["pick", "break", "ground"], [], [], [], [], ["primula", "shooting star", "oenothera", "primulaceae", "loosestrife", "flower", "evening primrose", "polyanthus", "colour", "bear's ear", "pimpernel", "oxlip", "primulaceous", "vpick", "appendix:colors", "genus", "soldanel", "sundrops", "primroselike", "marsh marigold", "primrosy", "saltwort", "herb peter", "fireweed", "auricula", "streptocarpus", "yellow", "plant", "thrum eyed", "primroses", "cowslip"], ["picker", "multishuttle", "needle loom", "shuttleport", "bus", "shutter", "space shuttle", "channel", "positio", "vtransport", "service", "loom", "shuttled", "shuttle race", "shuttlewiser", "back and forth", "shuttle bus", "shuttleless", "metal", "lock stitch", "warp", "shuttleth", "shuttling", "shittle", "thread", "vback and forth", "quill", "pick", "shuttles", "transport", "shootwikten 1", "dial ride", "vehicle", "shuttle driver", "shuttlecock", "mantrip", "molte", "shuttlest", "token", "point", "woof", "harness", "tang", "space", "discovery"], [], [], ["vselect", "vharvest", "vby hand", "vpick", "handpicking", "handpicks"], ["onychotillomania", "ski", "dermatophagia", "trichotillomania", "peotillomania", "urge", "pick", "psychiatric", "disorder"], ["device", "pick", "lock", "false key", "picklocks", "thief"], ["animal", "inspector", "pick", "market", "ware", "cullers", "choose"], [], [], [], [], [], ["apick", "aselective", "achoose", "achoice", "apicky", "aselect"], ["pick"], ["choose", "decide", "test", "either", "come at price", "lesser evil", "nondeterminism", "pay penalty", "first dibs", "table d h\u00f4te", "discretion", "betwee", "declare", "conundrum", "fork in road", "wordage", "option", "decisio", "choiceful", "orientation", "viandwikten 1", "choosey", "mischoose", "breakout session", "preoption", "agood", "go to", "fisherian runaway", "ratherr", "select", "illiberal", "walk line", "optio", "choiceless", "shot in dark", "choiceness", "outcome", "polylemma", "choicy", "trilemma", "dilection", "vacate", "agamist", "picksome", "elite", "framing effect", "apreferred", "hot button", "choice theory", "tough call", "spontaneous", "better safe than sorry", "t maze", "optional", "preferablyr", "promiscuous", "pick", "mischoice", "child free", "permiss", "sophie's choice", "election", "choices", "subchoice", "voting slip", "platescape", "volitient", "quadrilemma", "quandary", "selectio", "sexy son hypothesis", "wording", "silence is golde", "elective", "volition", "determinism", "chooser", "green labelling", "liberal eugenics", "seek no further", "buridan's ass", "choicelessness", "vote", "satisficewikten 2", "overchoice", "apician", "preference", "caught between devil and deep blue sea", "way to go", "alternative", "nondeterministic", "chose", "lived experience", "lek paradox", "folie du doute", "golden handcuffs", "electivelyr", "spoilt for choice", "acool", "aexcellent", "non deterministic", "no two ways about it", "votesheet", "decision", "elect", "or", "electio", "professio", "consider", "mistake", "pass", "font", "answer", "another", "fresh", "instead", "large", "chance", "liberty", "nor"], ["apick", "ain advance"], [], [], ["pick", "lockpick", "lock"], ["pick", "genus", "ear", "mushroom"], ["pikemen", "soldier", "lansquenet", "pick", "miner", "piker", "phalangite", "turnpike", "pike"], [], ["live ball", "fielder", "baserunner", "pick", "base", "pitcher", "tag out"], ["pick", "carcass", "hunting", "bludgeo", "pole", "boat", "hammer", "sealer", "hakapiks", "sealing", "implement", "seal"], [], [], [], [], ["apick"], ["tool", "adze", "body", "blade", "pick", "pulaski", "hoe", "twibill", "pickaxe", "agricultural", "right angles", "mattocks"], [], ["vpick"], ["apick"], [], [], ["berde", "plectra", "mandoli", "plectrums", "bandurria", "fingerpick", "rondalla", "pick", "string", "dan bau", "downpicking", "harpsichord", "downpick", "begena", "quill", "lyre", "pluck", "zither", "classical guitar", "anatomical", "guitar", "flatpicking", "fescue", "fingerstyle", "psaltery", "cittern", "pickguard", "tenor banjo", "buzuq", "cavaquinho"], [], [], [], ["brush", "uncombed", "combings", "spaghetti tongs", "wikten 1reduced", "wikten 1crest", "reddwikten 1", "pintail comb", "pick", "ditty box", "combs", "subcomb", "horse comb", "wikten 1unkempt", "stadda", "ctenophile", "wikten 1kemb", "ctenoid", "orlingwikten 2", "coomb", "combing", "houdan", "combed", "pectination", "pectiniform", "extractor", "brood", "wikten 1honeycomb", "handlewikten 1", "razor comb", "recomb", "calamistrum", "uncomb", "hair brush", "pectinate", "graille", "thatch rake", "combedwikten 1", "tease", "hopewikten 3", "wikten 1wire", "tooth", "comblike", "fine tooth comb", "topper", "dopp kit", "acombining", "pectinal", "combover", "combest", "pectiform", "brahmapootra", "combeth", "banana clip", "comb one's hair", "hatchel", "wikten 1subcurve", "backpiece", "pectinated", "bipectinate", "combwiser", "dominique", "backcomb", "wikten 1irreducible", "cteniform", "topbar", "flisk", "cteno", "ctenidium", "currycomb", "crest", "wikten 1handle", "wikten 1micrometer", "combless", "afro pick", "hairbrush", "curry comb", "microcomb", "nit comb", "fine toothed", "chicke", "rake"], [], [], [], ["rest", "bring", "accept", "vchoose", "vabsorb", "vuse", "vselect", "carry", "adopt", "drink", "deliver", "walk", "vbelieve", "vchange", "taken", "vpossessio", "ingest", "vbestow", "taken aback", "view", "film", "vexperience", "vcaptivate", "compositor", "video assist", "break", "vfight", "foretake", "opinio", "vinquiry", "crystallize", "interruptio", "catch", "unexpected", "possession", "vgrip", "loowikten 2", "bridgehead", "cart away", "vregard", "vmove", "vlead", "inoculatio", "vaccept", "vcarry", "vdo", "hanses", "serve two masters", "vsuffer", "successful", "pull sickie", "spit take", "vsubmit", "wicket keeper", "shelter", "approach"], ["gold", "pick", "agent nou", "impel", "separate", "fibrous", "vent", "warp", "nugget", "material", "machine", "control", "user interface", "loom", "select", "pick up", "fibre", "shuttle", "ordnance", "pickers", "loose"], ["wine", "fruit", "savagnin", "syrah", "purple", "acatawba", "viticulture", "grapes", "champagne", "sauvignon blanc", "racemation", "winepress", "zante currant", "coulure", "viognier", "vinotherapy", "fruit wine", "carignan", "piceid", "trousseau", "mavrud", "uvate", "grapeseed oil", "vincotto", "sauvignon", "alambrusco", "trebbiano", "grapevine", "wine grape", "grape wine", "vineberry", "hydatidiform", "anoble rot", "chasselas", "chapeau", "pineau", "sylvaner", "gamay", "zinfandel", "red", "generic", "vin santo", "aflavor", "fox grape", "ared", "merlot", "zweigelt", "moskonfyt", "grapiness", "amust", "grapelike", "agordo", "muscadine", "gew\u00fcrztraminer", "garganega", "araisi", "hamburg", "super tuscan", "achenin blanc", "marocain", "wineland", "aaril", "phenolic", "grapery", "crangrape", "muscat", "assyrtiko", "apetioles", "amuscadine", "muscatel", "gallize", "pisco", "red wine", "ashiraz", "s\u00e9millon", "blacks", "vforeig", "horse", "glycolic acid", "mare's teat", "asultana", "fromenteau", "ros\u00e9", "viura", "aappendix:colors", "manseng", "sciacarello", "stum", "ampelo", "purple jesus", "ampelotherapy", "grape kernel", "agamay", "xynisteri", "moon mist", "vsubstance", "concord grape", "adark", "vitaceous", "red grape", "grapeless", "soave", "arbane", "haanepoot", "mavrodaphne", "uva", "vgrope", "quincy", "mare's teat grape", "grapeseed", "amerlot", "cabernet sauvignon", "chardonnay", "sultana", "ice wine", "enocyanin", "british wine", "pressurage", "monovarietal", "millerandage", "racemic acid", "apurplish", "asauvignon blanc", "pierce's disease", "tsikoudia", "shiraz", "awine", "mission grape", "pinot noir", "falanghina", "riesling", "churchkhela", "uvic", "currant", "c\u00e9page", "astum", "delaware", "poulsard", "puttony", "mutage", "grapey", "prosecco", "ros\u00e9 wine", "astee", "sarma", "vpick", "amalvasia", "malvasia", "federweisser", "mangy", "ansonica", "arrope", "acontai", "leg", "white rot", "vclusters", "amuscatel", "acolour", "chaptalize", "achardonnay", "amuscat", "cinsault", "muscadet", "bunch", "vitiferous", "ariesling", "white grape", "vtuberculosis", "inzolia", "duras", "apinot noir", "grape stone", "grappa", "pampre", "tempranillo", "apinotage", "coutaric acid", "aligot\u00e9", "aresveratrol", "vintage", "cryoextraction", "colour", "grapy", "longyan", "asyrah", "vitis", "enrichment", "grapestone", "slipskin", "adelaware", "xinomavro", "raisin", "veltliner", "amarone", "vtexture", "boal", "verdejo", "acurrant", "picardan", "atokay", "apinot grigio", "vendange", "scuppernong", "botryose", "burger", "phylloxera", "moscato", "as\u00e9millo", "acabernet sauvigno", "vinify", "malbec", "lachryma christi", "vtubercule", "vine", "vindemial", "vcontaminant", "singani", "verdelho", "flowers of wine", "orujo", "loureiro", "durif", "rkatsiteli", "grapeshot", "fertaric acid", "nebbiolo", "tumour", "azinfandel", "canaiolo", "v\u00e9ronique", "pinotage", "aciniform", "verjuice", "dolcetto", "winegrowing", "pinot", "botryoidal", "viniculture", "agew\u00fcrztraminer", "ascuppernong", "usakhelauri", "navette", "vineyard", "corvina", "adelantadillo", "vitivinicultural", "small", "wine fruit"], ["deposit", "ore", "cut", "natural resource", "dwarf", "mai", "pick", "mother lode", "lode", "prize"], ["pick", "second basema", "ground ball with eyes", "bad hop", "reliever", "push bunt", "first basema", "ring field", "left fielder", "third basema", "infield", "center fielder", "dead bird", "shortstop", "right fielder", "infielders", "flare", "double play depth"], ["pick", "berry", "expeditio"], ["tool", "changkol", "rake", "mamoty", "vwikten 1scrape", "mattock", "hoeing", "hoer", "hoing", "hoelike", "vwikten 1loose", "vwikten 1tur", "wikten 1perpendicular", "pick", "wikten 1row", "yukhoe", "sarculation", "hoes", "swoe", "hoed", "scraper", "farmer", "garde", "garden tool", "farmer tool", "farming", "gardening", "gardening tool", "farm", "farm tool", "gardens", "size", "prostitutes", "agricultural", "agricultural tool", "implement", "garden implement", "farming tool"], [], ["edge", "pointed", "head", "mattock", "handle", "heavy", "iro", "woode", "tool", "chisel", "gurlet", "pick"], ["pry", "pick", "prong"], [], ["apick"], [], [], ["hammer", "bat", "finger tight", "drill", "rake", "pliers", "hoe", "saw", "level", "eye", "axe", "scale", "guilloche", "straightedge", "electroencephalophone", "caulker", "reamer", "grinding stone", "polespear", "square", "tjanting", "wield", "chiselwikten 2", "fire iron", "oxygen lance", "uniface", "hacker", "warkloom", "taconite", "osteotome", "carpenter's square", "lad mag", "strike while iron is hot", "wandwork", "whiteboard", "engraver", "peavy", "dicer", "flintknapper", "toolcase", "solderer", "route planner", "pitchfork", "croze", "shears", "tine", "scrive", "gummer", "toolset", "hand tool", "pruning shears", "bipoint", "nutpick", "tack claw", "nibbler", "debitage", "lart", "toolstack", "recapper", "tooling", "melon baller", "artifact", "clactonian", "nail punch", "engine", "hoof pick", "instrument", "jointer", "retouch", "applicator", "rabbeter", "defloat", "black bag", "caulking iron", "hand tight", "sidescraper", "apparatus", "fromward", "fudge wheel", "industry", "toolmark", "guilloch\u00e9", "vattack", "bioultrasonics", "real programmer", "batterie de cuisine", "it ain't meat it's motio", "communicable scale", "plastometer", "knife", "painting knife", "pike pole", "barehanded", "marking gauge", "cutting edge", "rootkit", "spanner", "fire beater", "microscalpel", "machete", "stab", "twist drill", "icepick", "scooper", "tools", "assistant", "tuning wrench", "burin", "sonotrode", "drivebolt", "top rake", "manufacture", "clipper", "clearer", "roller", "turrel", "pilot", "jedding ax", "weeder", "trepanner", "dolly", "scriber", "whetstone", "digging fork", "fin key", "lissoir", "megablast", "webtool", "metayer", "hand code", "appliance", "blond metal", "walking stick", "scary sharp", "pickaxe", "abrasive disc", "flintknapping", "nanotool", "fork", "pritchel", "pocketknife", "vdeflect", "unipoint", "unclogger", "hardware", "software", "penis", "edger", "bungstarter", "riveter", "barehandedlyr", "bead breaker", "mattock", "mandrel", "linting", "skiverwikten 2", "toolage", "vintentional", "shaft", "toolchain", "designer", "program slicer", "picket", "mallet", "hardpoint", "gravettian", "chert", "toolsmith", "iron", "garage", "slake trough", "pyrograph", "puller", "vequip", "stretching iron", "shoehorn", "honey drizzler", "nailset", "vout of bounds", "centerpunch", "nomen instrumenti", "cutlass", "choke", "german bit", "duck call", "dibber", "golok", "parer", "vdrive", "tooler", "snake rake", "workloom", "endoilluminator", "stripper", "side tool", "naked handed", "business end", "heijunka box", "toolbox", "endscraper", "manual labor", "surform", "furrower", "undertooled", "torsion wrench", "cork borer", "handlewikten 1", "brakewikten 3", "paint bucket tool", "business intelligence", "flail", "gimlet", "halligan bar", "lithic", "industrial arts", "toolpost", "trowel", "cane knife", "frenchman", "non tas", "embedder", "cigar cutter", "checkuser", "toolroom", "chainbreaker", "niddy noddy", "tooled", "outfit", "greenstone", "honey dipper", "gigantolith", "auger", "screwboard", "toolshed", "vcoach", "twiscar", "pair of pliers", "flosser", "holster", "increment borer", "steelwikten 1", "neogeography", "weapon", "titanium carbide", "hedgebill", "toolstock", "helve", "deburring tool", "protractor", "go equipped", "chainmaker", "pointing trowel", "farseer", "immersion blender", "toolless", "clonk", "toolsy", "try square", "ripping iron", "snake", "hot glue gun", "slungshot", "riving knife", "priest", "toolbelt", "traverse drill", "toolsmithing", "zax", "against grai", "baster", "pecking", "molcajete", "clippers", "grainer", "broad", "flaker", "tooth key", "utility knife"], ["pick", "theft", "petty", "cotto"], [], ["pimple", "nails", "scabs", "pluck", "impulse", "external", "pick", "preoccupatio"], ["pickability", "apick"], ["cotto", "handpicked", "aspine", "chosen", "pick\u00e9d", "apike", "vpick", "wool"], ["vpick"], ["vote", "choose", "president", "voting", "choosing", "result", "appoint", "vote for", "term limit", "adlect", "elected", "bean king", "electing", "capitoulate", "heave", "predilect", "salvatio", "return", "calvinist", "senator", "preelect", "electability", "senatorial", "vdecisio", "election", "officialdom", "tithingman", "city manager", "electeth", "chooseling", "electee", "reelect", "consul", "electoral college", "calvinism", "reelection", "elite", "infralapsarianism", "preterition", "be", "electable", "vchoose", "shermanesque", "midterm election", "electest", "patrol leader", "town manager", "elects", "town council", "elective", "limitarianism", "elector", "senior patrol leader", "legislative session", "partialist", "unelection", "effectual calling", "selection", "pick", "vote i", "process", "choice", "presidential", "democracy", "politics", "voted", "choose president", "political", "representative", "nominate", "democratic", "politicia", "ballot", "office", "actio", "votes", "leader", "presidents", "vote result", "picking", "picking president", "campaig", "campaign result", "wi", "pick representative", "decisio", "politics result", "race", "political choosing", "november", "vote president", "choose representative", "choosing presidents", "new presidents", "new", "choose politicia", "choose leader", "choosing leader", "democratic process", "candidates", "democratic choice", "win office", "presidential running", "running", "pick politicia", "president process", "voted i", "vote decisio", "president choosing", "voter", "ballot nominate", "choose actio", "political process", "presidency", "democratic choosing", "democracies", "in democracies", "presidential race", "choosing someone", "someone", "win race", "choosing president", "vote o", "into office", "most votes", "most", "into", "ballot result", "shorter", "ballots", "ballots voting", "voters", "primaries", "presidential primaries", "nominations", "after nominations", "after", "presidential vote", "choose politically", "voted for", "day", "politically", "voting day", "choosing politicia"], ["choose", "take", "organ stop", "chooser", "walewikten 2", "pull out of hat", "voptio", "imperial examination", "selects", "subselect", "fantasy football", "press", "misselect", "selector", "deselector", "vselectio", "fantasy sports", "separate wheat from chaff", "selecting", "counting out game", "variation selector", "handpick", "atop notch", "vquery", "ahigh", "reselect", "autoselect", "extract", "fantasy baseball", "excerptive", "private wiki", "opt", "protected wiki", "choice function", "photocapture", "choicy", "selective", "combination", "choice", "pick", "functio", "call on", "aprivileged", "xml path language", "cultigen", "single", "marching ants", "preselect", "decimate", "plump for", "tab control", "joystick", "centesimate", "device", "elite", "single out", "assign", "take one's pick", "fishing tube", "butto", "selected", "aselected", "vchoose", "marquee", "velement", "deselect", "picker", "selection", "radio button", "aquality", "selectability", "call up", "preselective", "jury panel", "rarefied", "picksome", "vset", "selectness", "unselectable", "pick on", "dial", "i beam", "subfeed", "pick out", "joypad", "pseudocolumn", "choose up", "nonselecting", "set apart", "appoint"], ["fall", "rai", "water", "let", "falling", "tear", "go", "let fall", "actio", "let go", "small", "shape", "letting", "do ", "liquid", "drip", "bit", "release", "unit", "letting go", "particle", "drop back", "single", "like", "gravity", "piece", "amount", "accident", "letting fall", "tiny", "fumble", "object", "dew", "part", "ball", "tear shape", "little", "rain particle", "rain shape", "vdecrease", "disdrometer", "stage", "desaturate", "spilling", "bead", "egg and spoon race", "waterdrop", "vdegree", "curtai", "vdismiss", "bind on pickup", "droppable", "vhold", "lozenge", "vlesse", "earring", "pancake landing", "decline", "swivel", "vkey", "vmentio", "vbatsma", "coulure", "drops", "flump", "hanger", "punctum vasculosum", "litter", "drabbler", "immersion lens", "airdroppable", "get rid of", "misly", "chest", "eavedrop", "shaft", "mass", "droplike", "waist", "misdrop", "theatrical", "stillicide", "name dropping", "bust", "dribble", "vcease", "vvisit", "mizzly", "collect", "dropitis", "distil", "nanodrop", "vplay", "plummet", "solo", "enhydrous", "dropside", "diamond", "chandelier", "stilliform", "droplet", "stillatitious", "gtt", "vdispose", "butterfingers", "debris", "cover"], [], ["chord", "bass", " artifactguitarist perso", " artifactsound attribute", " artifactstring artifact", "marshally", "gibsonesque", "alternative rock", "requinto", "lute", "guitaristic", "hammer on", "guitaring", "guitars", "nylon string guitar", "epiphone", "axeman", "shredding", "power pop", "guitary", "tapping", "gittern", "emo", "dital", "cithara", "arpeggione", "math rock", "pluck", "chillador", "rapcore", "cigar box guitar", "gig bag", "electric bass", "charango", "acoustic guitar", "synthwave", "air guitar", "plexi", "fingerstyle", "tiple", "grindcore", "cavaquinho", "sympitar", "guitarlike", "duckwalk", "zendrum", "fretted", "acoustic", "plectrum", "gibby", "capotasto", "arm\u00f3nico", "rhythm guitar", "electric guitar", "guitarwork", "vihuela", "drop d", "pickguard", "purfling", "ranchera", "string", "musical instrument", "neck", "harp guitar", "guitarist", "baroque guitar", "guitarless", "widdle", "widdly", "kabosy", "riffage", "truss rod", "resonator", "action", "keytar", "lute guitar", "barre chord", "economy picking", "sitar", "appendix:glossary of chordophones", "payada", "bandore", "honky tonk", "soundboard", "screamo", "headstock", "yammy", "cutaway", "tenor guitar", "luthier", "ramkie", "twanger", "thumbstroke", "distortion", "garagey", "strum", "fretman", "plank spanker", "berde", "jangle pop", "bordonua", "ngoni", "baritone guitar", "ukulele", "guitared", "pickin and grinnin", "band", "sound box", "case", "pick", "music", "violi", "page", "distortio", "base", "instrument", "metal", "amplifier", "lyre"], ["petroleous", "bush lawyer", "monitor nozzle", "lue", "mijnpacht", "blasthole", "coalmining", "biohydrometallurgy", "galamsey", "pit boss", "donkey engine", "stannary", "miner", "stoping", "land agent", "countermine", "mineful", "minecart", "stope", "roburite", "minability", "galamseyer", "forest of dean", "dynamite", "pitmatic", "no liability", "postmining", "spoil", "pitman", "alumina", "chanfan", "cryptocurrency", "breakthrough", "locator", "antimining", "mullock", "vmine", "negro powder", "navajo neuropathy", "concave", "overmined", "mountaintop removal", "slocking stone", "windblast", "jew's house", "nonmining", "hydraulic mining", "favier explosive", "kimberley", "mineworking", "ticketing", "anthroturbation", "mining engineering", "strip mining", "coal", "canary", "occupational safety and health", "sardinia", "limburgwpnetherlands", "roman empire", "pick", "claim", "oil"], ["grasp", "carry", "grab", "keep", "contai", "have", "grip", "hand", "handle", "actio", "support", "saturated", "crimpwikten 1", "brace", "nelson", "upbear", "afterpeak", "avast", "holds", "no holds barred", "cloakroom", "stemming", "hold out", "coal whipper", "slant", "contain", "pisalis", "collins glass", "forepeak", "title company", "unloose", "bottom", "retain", "haad", "vwikten 1persist", "drop", "cargo net", "tipstock", "wikten 1hair", "ahold", "hold over someone's head", "no bail", "oil pulling"], ["collect", "together", "bring", "collecting", "bring together", "glass", "vraicker", "harvest home", "regather", "begather", "scratch together", "blowpipe", "stock picker", "furbelow", "shirr", "rake together", "gatherer", "vintager", "sheaf", "ungathered", "brew", "gatherable", "flouncy", "vknow", "tomb sweeping day", "scrabble", "vinfer", "vfilled", "haying", "hunter gatherer", "gathered", "glomerate", "feel around", "masterpost", "amass", "garner", "nutter", "congestion", "smocking", "racemation", "ingather", "bunch", "reap", "gathering", "rack up", "vpus", "blueberry", "firewooding", "whip", "gob", "knowbot", "duplicate", "venville", "agglomerate", "call together", "get together", "header", "vconclude", "homeroom", "vsource", "scrape together", "marver", "concourse", "collection", "garnerage", "gathers", "herd"], ["hold", "lift", "holding", "bring", "tote", "take", "transport", "actio", "moving", "lifting", "movable", "retrieve", "chair", "vboarding", "vship", "vpregnant", "tract", "scopawikten 1", "port arms", "schlep", "cartwikten 1", "pomander", "primipara", "approximate", "pack animal", "loadout", "bota bag", "convey", "haul", "vstock", "move", "military load classification", "vdiss", "armorbearer", "vtake over", "vmaintai", "digit", "windshaft", "messenger rna", "breadbasket", "mail merge", "bridal carry", "inbear", "gandy dancer", "withbear", "vhave", "hump it", "vfrost", "ammo humper", "stretcher", "full handed", "uncarried", "wagon", "transaction", "dumper", "armourbearer", "recarry", "porterwikten 1", "flooder", "water"], ["elect", "prefer", "seropositioning", "vchoose", "decide", "pick", "vote", "selectio", "electio", "taste", "consider", "appoint"], ["snow", "slip", "water", "cone", "shake", "cold", "froze", "slush", "hockey", "frozen water", "hail", "meltwater", "tickly bender", "astroglaciology", "frapp\u00e9", "deicing", "cryokinesis", "deicer", "freeze pop", "curling", "floe", "radarmeteorology", "contrail", "periglaciation", "hockey rink", "ices", "subglacial", "diamond dust", "penitente", "on rocks", "deice", "halo", "snow cone", "glacading", "glacial", "qamutik", "slushie", "frost", "ringette", "icelike", "circumhorizontal arc", "paraselene", "frost nail", "river", "ice cold", "avalanche", "agglomerate", "superglaciallyr", "frozen", "champagne bucket", "long drink", "cryophyte", "pebble", "scooter", "vfreeze", "icepick", "comet", "screw shoe", "volatile", "lobe", "cold seaso", "cobblestone ice", "polar bear plunge", "silver storm", "conglaciation", "gin and tonic", "ice cream", "icebow", "icebreaker", "nunatak", "iceteroid", "algific", "anti icing", "vmurder", "pi\u00f1a colada", "ice yacht", "ice free", "icequake", "iceblock", "vicing", "in circuit emulatio", "nonice", "icewardsr", "subglaciallyr", "icebreaking", "iceway", "ice dragon boat", "glaciomarine", "agloo", "shakerato", "cooler", "frappe", "ice skate", "bergfield", "de ice", "snow queen", "defroster", "frost flower", "debacle", "cryosubstitution", "snow golf", "iceless", "dogsled", "polar cap", "amictic", "red line", "ice dragon boating", "bergy bit", "frazil", "diamond", "barber", "icefall", "sweep", "zamboni", "bond event", "keckle", "ice bag", "amphetamine", "road grit", "glaciate", "open water", "yokul", "ice skating", "regelation", "subglacial lake", "ice run", "pykrete", "cryology", "slob ice", "calving", "icewardr", "skating rink", "winter sport", "icilyr", "in circuit emulator", "upr", "glaze", "glaciogenic", "airhole", "hydrolaccolith", "iced over", "ballicater", "shaved ice", "icing", "icy", "windsled", "granita", "iceman", "pagophagia", "pancake ice", "icedrake", "refrigeratory", "icemelt", "detritus", "glacier", "synthetic ice skate", "dessert", "roman punch", "solid", "icicle", "spiculum", "glacial drift", "cryobot", "frostwork", "iced"], ["choose", "make", "decisio", "decision", "choice", "determine", "make decisio", "change one's mind", "richardson's theorem", "middle for diddle", "think better of", "decidable", "vdeliberatio", "on spot", "posek", "quandary", "constant problem", "choose up", "vresolve", "deciding", "judge", "settler", "vcontest", "arguendor", "decern", "decidability", "pick", "decided", "vdispute", "vproblem", "res judicata", "debate", "true bill", "up in air", "up for grabs", "settle upon", "deem", "settle on", "ditherer", "predetermine", "vdecider", "vchoose", "make all difference", "international court of justice", "dijudicate", "vdetermine", "rubber stamp", "redecide", "toss up", "predecided", "predetermination", "decides", "decideth", "soc and sac", "vdecisio", "draw straws", "in interest of justice", "decreet", "tbd", "vdecisive", "go for it", "determinable", "decisory", "make decision", "go down that road", "problematic", "decidest", "make up one's mind", "halting problem", "judicial officer", "vsettle", "vjudgment", "make choice", "conclude", "choosing", "up", "make up", "makeup", "conclusio", "thinking", "making", "mind", "consider", "actio", "thought", "pick something", "take decisio", "making choice", "take", "options", "committee", "makeup mind", "fix mind", "fix", "make mind", "thinking choosing", "making decisio", "pick one", "opt", "volunteer", "abstract", "republic"], ["coal", "gold", "belongs", "my", "hole", "ownership", "land mine", "cataphile", "pumpman", "rockburst", "minehunter", "switch horn", "lum", "minehunting", "minelife", "gang rider", "noodler", "vwikten 2explosive", "minable", "ground bailiff", "tin penny", "gobbin", "astel", "aviado", "proxy mine", "fourneau", "wind road", "stulm", "minesweeping", "wikten 2excavatio", "payablyr", "coastal motor boat", "countermine", "minework", "shortwall", "zimmerit", "gold digger", "cost book", "tinner", "unmined", "delf", "claymore", "winze", "saucisse", "stinkdamp", "mi casa su", "danger zone", "salt mine", "slipe", "hydraulic", "caisson", "proximity mine", "pony putter", "horseway", "manlock", "conveyor belt", "coalface", "longwall", "wikten 2extract", "minesweeper", "mineowner", "surface", "brakesman", "magnetic mine", "miny", "miner", "brattice cloth", "checkweighman", "fettler", "bailiff", "sublevel", "premine", "stannary", "madreporier", "deadwork", "lampkeeper", "underlooker", "meum et tuum", "hall", "cornish engine", "headgear", "skipman", "remine", "hogger pump", "dragsman", "camonflet", "basseting", "wastewikten 1", "goaf", "choke damp", "horsehead", "bye workman", "ziment water", "geoengineering", "dialing", "damp sheet", "limpet mine", "underhole", "driftway", "madrier", "sweepable", "lorry", "grizzly", "run", "alunogen", "fire boss", "brow", "bucca", "demine", "road", "methanometer", "minelayer", "strip mine", "mineworker", "globe of compression", "bonanza", "safety cage", "whitedamp", "wikten 2explosive", "coalminer", "magistral", "freeminer", "shicer", "trammer", "pre mine", "mineral", "dish", "studdle", "mining", "hutch", "minelike", "tipple", "timberman", "tubbing", "mineworking", "cluster", "dataler", "deminer", "pitt", "kettle bottom", "knocker", "standage", "interventor", "claim jumper", "antimine", "raise borer", "gurmy", "tank trap", "borrasca", "mineless", "mineful"], [], [], [], [], [], ["door", "knob", "grip", "hold", "case", "doors", "holding", "opening", "bat", "bucket", "double team", "handled", "kotyliskos", "centrepin", "unwieldy", "kettlebell", "mop", "trolley jack", "mustaiba", "sadiron", "fromward", "firmer", "manubrial", "skeetwikten 1", "squeegee", "workload", "lydion", "landing net", "carrycot", "bottom hand", "awkward", "handgrip", "toat", "pail", "stockwikten 1", "ballstock", "pocketknife", "corner", "iron", "wolf hook", "nib", "stockwhip", "dustpan", "gargoulette", "staghorn", "praefericulum", "handleth", "ansate", "get one's arms around", "stretcher", "handleless", "beaker", "hand net", "ewer", "popcorn popper", "earwikten 1", "increment borer", "jacob's ladder", "pickaxe", "thumbpiece", "first chance exception", "doorhanger", "drawknife", "warming pan", "ladle", "hilt", "pommel", "mophandle", "dibber", "overhandle", "hammer", "lay glove on", "handbasket", "pilot wheel", "bailwikten 3", "manubrium", "tractator", "balti", "wield", "twistgrip", "quannet", "drizzler", "folding knife", "gearknob", "take care of", "deadlatch", "squeegee mop", "subcomb", "axhandle", "unhandleable", "jug", "bayonet", "starting handle", "one can't hold two watermelons in hand", "demijohn", "utility knife", "pull", "cup", "unhandled", "tough cookie", "endscraper", "handles", "woolder", "teacup", "tenaculum", "tooth", "camel driver", "lurryman", "noisemaker", "tankard", "shaft", "haftwikten 1", "brace", "back scrubber", "pogamoggan", "out of one's depth", "coehorn", "knaggie", "two hand sword", "dip pen", "lakaina", "smack around", "manipulate", "behandle", "wikten 1give handle", "lorgnette", "corncutter", "in turn", "dyno torch", "boul", "handling", "parting cup", "sticky fingered", "frying pan", "lug", "stilt"], [], ["mole", "regio", "dig up", "ore", "california", "dig", "diggings", "dig out", "backhoe", "fossorial", "locality", "actio", "gold", "australia", "break ground", "mamoty", "vdig", "shovel", "miner", "mine", "pick", "garde", "dirt", "bury", "toil", "burrow"], [], ["smash", "morcellation", "fracture", "ornamentatio", "chemical change", "breakwater", "oathbreach", "wavebreak", "elastic limit", "metathesis", "diffraction", "vowel", "yellow hammer", "deflowering", "breach", "endoproteolysis", "breeches buoy", "vbreak", "fedifragous", "horse whispering", "breakdancing", "chemical reaction", "diphthong", "superplasticity", "news", "crime", "cut", "robbery", "snap", "story", "pick", "infringement", "wave", "destroy", "drop", "escape", "violatio"], ["sand", "mountai", "petrographic microscope", "bytownite", "dislocation", "rock", "vrock", "hydraulic conductivity", "coal", "gravel", "stone", "climb", "rapid", "river", "land", "moo", "hard", "ground", "avalanche", "cliff", "pick", "coast", "liche", "lizard", "algae"], []], "/r/UsedFor": [[], [], ["forklift", "machine", "hoist"], [], [], [], [], [], [], [], [], [], [], [], [], [], [], [], [], [], [], [], [], [], [], [], [], [], [], [], [], [], [], [], [], [], [], [], [], [], [], [], [], [], [], [], [], [], [], [], [], [], [], [], ["playing guitar"], [], [], [], ["hair", "grooming", "styling hair", "arrange hair", "combing hair", "remove tangles for hair", "removing tangles from hair", "comb hair", "remove salt from pepper", "styling one's hair", "remove tangles from hair", "neat hair", "combing", "make hair look better", "play music", "combing one's hair", "pick out afro"], [], [], [], [], [], [], [], [], [], [], [], [], [], [], [], [], [], ["building things", "fixing things", "making things", "building", "fix things", "build", "accomplishing purpose", "perform operatio", "multiple task manipulation of other objects", "repair door", "using", "correcting", "cut things", "added power", "create sculpture", "causing", "adjusting", "altering", "fix or build things", "work", "instrument"], [], [], [], [], [], [], [], [], [], [], ["making music", "music", " artifactmusic cognitio", " artifactmusic music", " artifactmusic communicatio", " artifactsound attribute", "play song", "tuning", "teach", "make music", "playing in band", "play and sing to others", "vibrating air", "singing along with", "singing campfire songs", "hit friends", "string", "performing music", "playing song", "singing with", "playing chords"], ["rock", "excavatio"], ["bag artifact stative", "bucket artifact stative", "bowl artifact stative", "cane artifact contact", "package group stative", "bin artifact stative", "basket artifact stative", "gravy boat artifact stative", "kettle artifact stative", "aquarium artifact stative", "box artifact stative", "bed artifact stative", "barrel artifact stative", "cup artifact stative", "counter artifact contact", "beam artifact contact", "mug artifact stative", "glass artifact stative", "envelope artifact stative", "dish artifact stative", "bottle artifact stative", "crutch artifact contact", "jar artifact stative", "leg artifact contact"], ["living room", "school cafeteria"], ["carrier bag", "holding point", "handle", "vanity case"], ["electio"], ["drink", "cool drinks", "chilling", "reduce swelling", "cooling drinks", "cold", "keeping things cold", "keep things cold", "cooling", "keeping drinks cold", "cool warmer", "reducing swelling", "chilling drinks", "skating o"], ["council"], [" artifactexplosion act", "blow things up", " artifactexplode contact", " artifactexplosion event", " artifactdetonate change", " artifactdestruction act", "destroying ships", "destructio", "destroy tanks ships or people", "destroy", "finding gems", "hurting people", "digging gold", "finding diamonds", "get metal ore", "getting diamonds from ground", "getting gold from ground", "blow up things and people", "getting salt from ground", "getting coal from ground", "dig out precious materials", "getting silver from ground", "finding minerals", "extract natural resources from earth"], [], [], [], [], [], ["open door", "hold tool", "pulling", "carry", "gripping", "carry purse", "hang onto", "opening door", "lifting", "put in motio", "carrying things", "open drawer", "holding onto", "carry object", "make easier to carry", "turn on water", "manipulate"], [], ["spade", "knife", "shovel"], [], ["pencil", "graphite pencil", "nose", "spirit", "glassed roof", "heart", "knife"], ["quartz", "bottom of ocea"], []], "/r/LocatedAt": [[], [], [], [], [], [], [], [], [], [], [], [], [], [], [], [], [], [], [], [], [], [], [], [], [], [], [], [], [], [], [], [], [], [], [], [], [], [], [], [], [], [], [], [], [], [], [], [], [], [], [], [], [], [], [], [], [], [], [], [], [], [], [], [], [], [], [], [], [], [], [], [], [], [], [], [], [], [], [], [], [], [], [], [], [], [], [], [], [], [], [], [], [], [], [], [], [], [], [], [], [], [], [], [], [], [], [], []], "/r/FormOf": [["chosest", "choosed", "choosest", "choosing", "chosen", "chooseth", "chose", "chooses"], [], ["lifted", "liftest", "lifts", "lifteth", "lifting"], [], ["flangs"], ["screes", "screeing"], [], [], [], [], ["jostling", "jostles", "jostled"], [], ["rondallas"], ["pickmen"], [], [], [], [], ["primrosed", "primroses", "primrosing"], ["shuttles", "shuttled", "shuttling"], [], [], ["handpicking", "handpicks", "handpicked", "hand pick"], [], ["picklocks"], ["cullers"], [], [], [], [], [], [], ["pickfests"], ["choicest", "choicer", "choices"], [], [], [], ["lockpickers"], ["auriscalpiums", "auriscalpia"], ["pikemen"], [], ["pickoffs"], ["hakapiks"], [], [], [], [], [], ["mattocked", "mattocking", "mattocks"], [], ["repicked", "repicks", "repicking"], [], [], [], ["plectrums", "plectron", "plectra"], [], [], [], ["combs", "combest", "combing", "wikten 3combe", "combe", "combeth"], [], [], [], ["takes", "taking", "tooketh"], ["pickers"], ["graping", "grapes", "graped"], ["mother lode", "motherlodes"], ["infielders"], ["berryings", "vberry"], ["hoed", "hoes", "ho", "howiktfr 2", "hoeing"], [], ["pickaxes", "pickax", "pick axe"], ["maundrils"], [], ["vunpick"], [], [], ["tooled", "tools", "tooling"], ["pickeries"], [], ["phaneromanias"], [], ["pickt", "vpick", "pick"], ["picked"], ["elected", "elects", "electeth", "electest", "electing"], ["selectest", "selects", "selecting", "selecteth", "selected"], ["dropt", "dropped", "drops"], ["cottos"], ["guitaring", "guitared", "guitars"], ["mine", "vmine", "minings"], ["holds", "held", "yholde", "rahold", "holdest", "holded"], ["gathers", "gathered", "gatherest", "gathereth"], ["carrying"], ["choose", "choosings", "vchoose"], ["ices", "icingwikten 2"], ["decided", "deciding", "decides", "decideth", "decidest"], ["mining", "mines", "mined"], [], [], [], [], [], ["handles"], [], ["diggings", "vdig"], [], ["break", "vbreak", "breakings"], ["vrock", "rox", "rock"], []], "/r/IsA": [[], [], [" actaid act", " actdrive act", "top lift artifact", " eventwave event", " artifactdevice artifact", " actpropulsion act", " artifactlayer artifact", "airlift"], [], [], [], [], [], [], [], ["elbowing act", " actshove act"], [], [], [], [], [], [], [], ["annual plant", " plantherb plant", "cowslip plant", "chinese primrose plant", "auricula plant", "oxlip plant", "english primrose plant", "polyanthus plant"], ["shuttle bus artifact", " artifactpublic transport artifact", " artifactbobbin artifact"], [], [], [], [], [], [], [], [], [], [], [], [], [], ["decision act", "election act", "decisio", "coloration act", " cognitiodecision making cognitio", "volition act", "sampling statistics act", " actaction act", "vote act", "way cognition cognitio", "favorite cognition cognitio", "casting act", "pleasure cognition cognitio", "being alone"], [], [], [], [], ["fungus"], [], [], [], [], [], [], [], [], [], [" artifactpick artifact"], [], [], [], [], [], ["non powered device", "plectrum mechanism", "musical equipment", "plectrum handheld", "single user device"], [], [], [], ["fine tooth comb artifact", "comb out act", " artifacttool artifact", "currycomb artifact", " acthair care act", " artifactdevice artifact", " animalcrest animal", " animalplate body", "tool", "hatchel artifact", "pocketcomb artifact", "beauty device", "inert artifact"], [], [], [], ["retake act", " actfilming act"], [" persofarmhand perso", " persoperson"], ["vinifera grape food", "fox grape plant", "vinifera plant", "muscadine food", " foodedible fruit food", "slipskin grape food", "muscadine plant", " plantvine plant", "edible fruit", "opencycgrape 416tangible thing", "raisin", "berry", "gew\u00fcrztraminer", "vermentino", "trebbiano", "dominawpgrape", "isabellawpgrape", "melodywpgrape", "cabernet sauvignon"], [], ["catcher baseball", " baseballfielder perso", "first baseman baseball", "shortstop baseball", "third baseman baseball", "second baseman softball baseball", "pivot man", "baseball player", "shortstop", "second baseman", "third basemen", "third baseman", "first baseman", "first basemen"], [], [" artifacttool artifact", "scuffle artifact", "material movement hand tool", "gardening tool", "hardware tool", "user powered device", "cutting implement", "wpdishfood"], [], [], [], [], [], [], [], ["saw", "object", "axe", "knife", "stethoscope", "abrader artifact", "drill artifact", "hand tool artifact", "plow artifact", "shaping tool artifact", "saw set artifact", " artifactimplement artifact", "jack artifact", "power tool artifact", "bender artifact", "stylus artifact", "punch artifact", "pestle artifact", "strickle artifact", "hack artifact", "ram artifact", "level", "fork artifact", "hoe artifact", "nail gu", "clincher artifact", "lighter", "rounder artifact", "eolith artifact", "tamp artifact", "upset artifact", "grapnel artifact", "paleolith artifact", "tap artifact", "rake artifact", "cutting implement artifact", "neolith artifact", "comb", "gang artifact", "garden tool artifact", "comb artifact", "catheter", "triangle", "opener", "power tool", "framing square", "consumer durable", "item", "rubber stamp", "ramset gu", "awl", "stationary tool", "combination square", "hammer drill", "crowbar", "nut", "pneumatic wrench", "stapler", "hacksaw", "miter saw", "nail punch", "washer", "shaping tool", "chisel", "plumbing tool", "comealong", "phillips screwdriver", "computer", "miter box", "table saw", "circular saw", "device", "trowel", "nail", "nail set", "pick", "lug nut", "drill bit", "open mind", "lever", "wedge", "milling cutter", "gardening tool", "lures", "hole making tool", "saxophone", "punch", "user guided device", "hand plane", "putty knife", "jointer", "clamp binder", "drill press", "band", "pens", "spade", "drill", "stencil", "rasp", "speed square", "vise", "non agentive artifact", "pliers", "allen wrench", "car", "weapo", "pulley", "pot", "screwdriver", "hydraulic jack", "hardware tool", "saber saw", "ratchet"], [], [], [" motivemania motive"], [], [], [], [], ["adlect"], ["droplet quantity", "tear body quantity", " drughiding place locatio", "correction attribute", "precipitation event", "voltage drop attribute", "eyedrop quantity", " actdescent act", "dead drop location drug", " attributedecrease attribute", "free fall event", "raindrop phenomenon quantity", " quantitysmall indefinite quantity", " eventgravitation event", "teardrop shape", " shapesphere shape", " eventdescent event", "plunge event", "dewdrop shape", " artifactdepository artifact", "maildrop artifact", "particle", "dewdrop", "raindrop", "eyedrop"], [], ["string instrument", "cittern artifact", " artifactstringed instrument artifact", "instrument", "electric guitar artifact", "uke artifact", "acoustic guitar artifact", "bass guitar artifact", "hawaiian guitar artifact", "electric guitar", "lute", "acoustic guitar", "most common musical instrument", "stringed instrument", "lap steel", "very common musical instrument", "steel guitar", "fender guitar", "easier to play than violi", "chordophone", "instrument of music", "gibson guitar"], ["placer mining act", "strip mining act", " actproduction economics", " actdefense military", "complete separation", "primary sector", "removal by moving"], [" artifactcell artifact", " artifactstronghold artifact", " attributecontrol attribute"], [" artifactsewing artifact", " actcollection act", "centralization act", "harvest act"], ["portage act", "fireman's carry act", "packing act", "porterage act", " acttransportation act", "piggyback act"], [], ["solid", "frozen water", "hailstone substance", "pack ice object", " substancecrystal substance", "near frictionless surface", "material", "neve object", "sherbert food", "black ice substance", "shelf ice object", "icicle substance", " possessiodiamond possessio", "icefall object", " objectobject", "drift ice object", "frost substance", " foodfrozen dessert food", "solidopencycsolid state of matter", "lighter than liquid water", "ice patch", "frazil", "splippery", "drink", "lighter than water", "water", "bulk thing", "iceberg", "water ice", "macrocrystalline thing", "solid object", "snowflake", "ice cube", "colder than liquid water", "frozen fresh water"], [], ["weapo", " artifactexcavation artifact", "man made cave in ground", "salt mine artifact", "floating mine artifact", " artifactexplosive device artifact", "coal mine artifact", "goldmine artifact", "strip mine artifact", "silver mine artifact", "land mine artifact", "sulphur mine artifact", "copper mine artifact", "dark manmade cave", "diamond mineopencycmine excavation facility", "possessive pronou", "stone pitopencycmine excavation facility", "naval mineopencycmine weapo", "opencycmine weapoproximity triggered bomb", "opencycmine excavation facilityfacilityopencycfacility generic", "gold mineopencycmine excavation facility", "opencycmine excavation facilityexcavation hole", "series of tunnels underground", "placer mineopencycmine excavation facility", "opencycmine weapobomb", "abandoned mineopencycmine excavation facility", "landmineopencycland mineopencycmine weapo", "opencycmine weapoconventional weapon"], [], [], [], [], [], ["panhandle artifact", "rake handle artifact", "hilt artifact", " artifactappendage artifact", "pommel artifact", "hoe handle artifact", "stock artifact", "broomstick artifact", "crop artifact", "mop handle artifact", "knob artifact", "ax handle artifact", "haft artifact", "broom handle", "non powered device", "handlebar", "handgrip", "strap", "pointer"], [], [], [], ["burstingopencycbreaking event", "pulverizingopencycbreaking event", "opencyccoming forth from state of latencyemerging", "opencycbreaking eventseparatingopencycseparation event", "complete separationopencycbreaking event", "disassemblingopencycdisassembling eventopencycbreaking event", "fracturingopencycbreaking boneopencycbreaking event", "breachopencycbreaking event", "opencycbreaking discontinuing activitydiscontinuing", "opencycvoice breakingbecoming", "opencycbreaking invalidatinginvalidating", "opencycbreaking completeness ofbecoming", "opencycbreaking continuitybecoming", "opencycbreaking eventincurring damageopencycincurring physical damage", "breaking toolopencycbreaking event"], ["inanimate mineral objects", "find underground"], []], "/r/PartOf": [[], [], [" artifactheel artifact"], [], [], [], [], [], [], [], [], [], [], [], [], [], [], [], [], [], [], [], [], [], [], [], [], [], [], [], [], [], [], [], [], [], [], [], [], [], [], [], [], [], [], [], [], [], [], [], [], [], [], [], ["harpsichord"], [], [], [], [" animalctenophore animal", " animalgallinaceous bird animal", "tooth artifact"], [], [], [], [], [], [" food plant", "wine"], [], [], [], ["hoe handle artifact"], [], [], [], [], [], [], [], [], [], [], [], [], [], [], [], [], [], [], ["fingerboard artifact", "neck", "tuning peg", "pickup", "bridge", "steel wound strings", "fret"], [], [], [], [], [], [], [], [" artifactcolliery artifact", "shaft artifact", "adit artifact", "mineshaft artifact"], [], [], [], [], [], ["door", " artifactcheese cutter artifact", " artifactracket artifact", " artifacthandlebar artifact", "shank artifact", " artifactcarrycot artifact", " artifactbrush artifact", " artifactaspergill artifact", " artifactwatering can artifact", " artifacthandcart artifact", " artifactbriefcase artifact", " artifactfaucet artifact", " artifactcoffee cup artifact", " artifactcoffeepot artifact", " artifactteacup artifact", " artifacthand tool artifact", " artifactcutlery artifact", " artifactbaggage artifact", "hammer", " artifactedge tool artifact", " artifactfrying pan artifact", " artifacthandset artifact", " artifactcarpet beater artifact", " artifacthandbarrow artifact", " artifactmug artifact", " artifactspatula artifact", " artifactumbrella artifact", " artifactcricket bat artifact", " artifactsaucepan artifact", " artifactladle artifact", " artifactbaseball bat artifact", "object"], [], [], [], [], [], []], "/r/HasA": [[], [], [], [], [], [], [], [], [], [], [], [], [], [], [], [], [], [], [], [], [], [], [], [], [], [], [], [], [], [], [], [], [], [], [], [], [], [], [], [], [], [], [], [], [], [], [], [], [], [], [], [], [], [], [], [], [], [], ["many teeth", "rooster"], [], [], [], [], [], [], [], [], [], [], [], [], [], [], [], [], [], [], [], [], [], [], [], [], [], [], [], [], ["strings", "six strings"], [], [], [], [], [], ["comets", "lower density than water"], [], [], [], [], [], [], [], ["door", "attache case", "frying pa"], [], [], [], [], ["minerals like gold"], []], "/r/CapableOf": [["sentient beings"], [], [], [], [], [], [], [], [], [], [], [], [], [], [], [], [], [], [], [], [], [], [], [], [], [], [], [], [], [], [], [], [], [], [], [], [], [], [], [], [], [], [], [], [], [], [], [], [], [], [], [], [], [], [], [], [], [], ["part hair"], [], [], [], [], [], ["taste sour"], [], [], [], [], [], [], [], [], [], [], [], ["help perso", "eat with"], [], [], [], [], [], [], [], [], ["can labor or"], [], ["work of art"], [], [], [], ["bag"], [], ["cool drink", "become water", "cool body", "freeze meat", "cool water", "cool beverage", "melt", "cool food", "become liquid", "form crystals", "cure headache", "cool fish", "cause power lines to break", "keep things cold", "cool off", "cake airplane wings", "freeze human ski", "harm humans", "cake on street", "cool hotter than ice"], [], ["explode"], [], [], [], [], [], ["lower bucket"], [], ["add dirt to pile"], [], [], ["break windows", "continue to fall", "hard or relatively soft"], []], "/r/AtLocation": [[], [], [], [], [], [], [], [], [], [], [], [], [], [], [], [], [], [], [], [], [], [], [], [], [], [], [], [], [], [], [], [], [], ["fork in road"], [], [], [], [], [], [], [], [], [], [], [], [], [], [], [], [], [], [], [], [], [], [], [], [], ["pocket", "purse", "medicine cabinet", "barbershop", "suitcase", "hair", "barber shop", "barbar shop", "drawer in bathroom"], [], [], [], [], [], ["kitche", "field", "fruit basket", "bowl of fruit", "produce sectio", "mouth", "winery", "bunch with other grapes", "fruit store", "produce department", "fruit stand", "produce store", "arbor", "shops", "fridge", "vine of other grapes", "supermarket produce sectio", "bowl", "garde", "wine", "painting", "salad", "greengrocer's shop", "wine vats", "good die", "michiga", "plate", "vinery", "fruit coctail", "juice ina vineyard", "own home", "baggie", "canada", "press", "zip lock bag", "picture", "art", "plate of fruit", "picnic basket", "still life picture", "jello", "fruit department", "food store", "microwave will explode", "mendocino county california", "vine yard", "farm", "parrots mouth", "jam factory", "market", "strore", "lunch box", "bunch growing on vine", "cluster", "gilbert's house", "ohio", "grape vine", "supermaket", "fruit baske", "grocery", "grociery store", "minnesota", "farm stand", "produce section of supermarket", "super market", "belly", "lunch", "grape tree", "fresh produce sectio", "deserts", "child's lunch bag", "restaurant", "fruits", "grocery store or farm", "fruit coctkail", "sardina", "bowl of grapes", "food", "fruit cocktail", "raisin making factory", "grape jam", "seaso", "wine country", "produce stand", "place of frenchman's brai", "shop", "grocery cart", "grape arbor", "store or grape orchard", "wine press", "fruit market", "diet", "grocery store or refrigrator", "sunshine", "water", "garden catalog"], [], [], [], [], [], [], [], [], [], [], [], ["garage", "repair shop", "tool box", "basement", "hardware store", "carpenter's belt", "toolchest"], [], [], [], [], [], [], [], [], [], [], ["concert", "string", "music room", "band", "toy store", "store", "guitaroo ma", "rock band", "strings", "case"], [], [], [], [], [], ["antarctica", "hockey game", "cold weather", "mixed drinks", "polar area", "water", "drink", "freezer", "glass", "ice cream store", "extremely cold climates", "refrigerator", "top of mountai", "winter", "iced tea", "surface of earth"], [], ["mountai", "pit", "salt", "pennsylvania", "stone", "pennslyvania", "metal", "silver", "cambodia", "huma", "home", "coal", "diamond", "desert", "rock"], [], [], [], [], [], ["fridge", "door", "drawer", "hardware store"], [], [], [], [], ["moo", "ground", "suface of moo", "crab", "top of mountai", "lizard", "waterfall", "field", "surface of earth", "cave", "drawer", "bridge", "woodlice", "museum"], []], "/r/HasProperty": [[], [], [], [], [], [], [], [], [], [], [], [], [], [], [], [], [], [], [], [], [], [], [], [], [], [], [], [], [], [], [], [], [], [], [], [], [], [], [], [], [], [], [], [], [], [], [], [], [], [], [], [], [], [], [], [], [], [], [], [], [], [], [], [], ["gree"], [], [], [], [], [], [], [], [], [], [], [], ["hammer"], [], [], [], [], [], [], [], [], [], [], ["difficult to play", "one kind of stringed instrument"], [], [], [], [], [], ["solid", "hard", "frozen water", "less dense than water", "melting", "cold to touch", "cold", "better to drink champagne", "frigid", "solid water", "frozen liquid", "hard and cold", "flowers", "consequence of freezing water", "cool", "water turned solid"], [], [], [], [], [], [], [], [], [], [], [], ["bad"], ["heavy", "rigid", "dry", "opaque", "solid", "dense"], []], "/r/CreatedBy": [[], [], [], [], [], [], [], [], [], [], [], [], [], [], [], [], [], [], [], [], [], [], [], [], [], [], [], [], [], [], [], [], [], [], [], [], [], [], [], [], [], [], [], [], [], [], [], [], [], [], [], [], [], [], [], [], [], [], [], [], [], [], [], [], [], [], [], [], [], [], [], [], [], [], [], [], [], [], [], [], [], [], [], [], [], [], [], [], [], [], [], [], [], [], [], [], [], [], [], [], [], [], [], [], [], [], [], []], "/r/Synonym": [["pick out cognition cognitio", "select", "opt cognition cognitio", "take cognition cognitio", "select cognition cognitio", "prefer cognition cognitio", "opt", "pick", "like", "cull", "decide"], [], ["v communicatiorevoke communicatio", " phenomenoaerodynamic lift phenomeno", "elevator", "v crimeplagiarize crime", " artifactski tow artifact", " artifactelevator artifact", "v motiorise motio", "v changeraise change", "v bodyface lift body", " actface lift act", "v stativerise stative", "heave act", "v possessiopilfer possessio", "elevate change", "v contacthoist contact", " eventelevation event", "v crimerustle crime", "rise event", "v motioraise motio", "raise change", "raise act", "v contactairlift contact", "raise motion motio", " actairlift act", "elevate", "wikten 1atmosphere", "assistance", "aid", "thrust", "help", "velevate", "vhoist", "vexalt"], [], ["nerve"], [" objecttalus object", "clitter"], [], [], [], [], ["shove motion motio", "jostling act"], [], [], [], [], [], [], [], ["primula plant", "primula"], [" artifactshuttlecock artifact", "cock"], [], [], [], [], ["lock pick", "pick"], [], [], [], [], [], [], [], [], ["option act", "a select ", " cognitiooption cognitio", "pick act", "pick cognition cognitio", "selection cognition cognitio", "selection act", "option", "optio", "selection", "aprime", "assortment", "abundance", "possibility", "cream"], [], [], [], [], [], [], [], [], [], [], [], [], [], [], [], [], [], [], [], [], [" artifactpick artifact", "pick", "guitar pick"], [], [], [], ["disentangle body", "comb out body", "cockscomb animal", "coxcomb animal", "ransack contact", "combing act", "vscour", "scour", "search", "crest"], [], [], [], ["v changeremove change", "v changeassume change", "v possessiosubscribe possessio", "v communicatioclaim communicatio", "v stativeaccept stative", "v socialfill social", "v cognitiolearn cognitio", "read cognition cognitio", " possessioreturn possessio", "v moviefilm movie", "v consumptioconsume consumptio", "occupy possession possessio", "submit cognition cognitio", "use up possession possessio", "accept", "have contact", "v cognitiochoose cognitio", "vreceive", "v competitioaim competitio", "v drivingdrive driving", "v cognitioconsider cognitio", "v motioassume motio", "v possessioaccept possessio", "v stativecarry stative", "vcapture", "get hold of contact", "accept possession possessio", "make motion motio", "v stativecontain stative", "v bodycontract body", "v possessiolease possessio", "v stativenecessitate stative", "v motiolead motio", "v motiobring motio", "vget", "vcaptivate", "vassume", "haul", "perspective", "vcatch", "vcarry", "vwi", "vhave", "vremove", "download"], ["selector person perso", "chooser person perso", "mushroomer", "shuttle driver"], ["grape vine plant", "grapevine plant", " artifactgrapeshot artifact", ""], ["lion's share"], [], [], ["promontory", "hoodrat", "wptoolwptool", "wpdishwpdish"], [], [" artifactpick artifact", "pick"], [], [], [], [], [], [" actinstrument act", " bodycock body", " persocreature perso", "v drivingjoyride driving", "apparatus", "vuse", "emboss"], [], [], [], [], [], [], ["elite a ", " groupchosen group", "vselect", "like"], ["choice a ", "a blue ribbon ", "quality a ", "prime a ", "prize a ", "vchoose", "v cognitiochoose cognitio", "like", "pick", "elect"], ["v cognitioneglect cognitio", "put do v contact", "fall attribute", "bead shape", "drop off contact", "pearl shape", "v motiosink motio", "v musicflatten music", "free fall attribute", "unload contact", "fall event", "dip attribute", "v bodydevolve body", " objectcliff object", "discharge contact", "v stativedangle stative", "knock off change", "drib quantity", "driblet quantity", "v contactdribble contact", " artifactdrop curtain artifact", "v contactfell contact", "v contactshed contact", "v socialdismiss social", "set do v contact", "v possessiospend possessio", "trapdoor", "scrub", "reject"], [], ["gat", "axe", ""], ["minelaying act", "excavation act", "minework", ""], ["support contact", "bear stative", "v motiohalt motio", "bear contact", "v communicatioagree communicatio", "v emotioharbor emotio", "give creation creatio", " artifactcargo area artifact", "v possessiobear possessio", "v socialreserve social", "v stativecontain stative", "hold up contact", " statedetention state", "v competitiodefend competitio", "v possessiohave possessio", "v contactrestrain contact", " cognitioappreciation cognitio", "v possessioretain possessio", "make creation creatio", "v stativeprevail stative", "throw creation creatio", "v stativeapply stative", "carry stative", "v socialcontrol social", "v stativekeep stative", "v stativeaccommodate stative", "v cognitiodeem cognitio", "take hold contact", "v stativedefy stative", "keep artifact", " artifacthandle artifact", "contain stative", " actclasp act", "carry contact", " timedelay time", "have creation creatio", "sustain contact", "v communicatiooblige communicatio", "v communicatiodeclare communicatio", "v consumptiocarry consumptio", "handle"], ["gathering artifact", "gathering act", "v changeaccumulate change", "pucker contact", "v changegain change", "pull together contact", "tuck contact", "v socialmeet social", "v socialassemble social", "collect contact", "garner contact", "vaccumulate", "acquire", "togetherize", "vcollect", "vcome", "accumulate", "lump", "vtogether"], ["v socialbehave social", "v contacthold contact", "v possessiostock possessio", "sway social", "v contacttransport contact", "hold consumption consumptio", "take stative", "persuade social", "convey communication communicatio", "v bodyhave bun in oven body", "v sportdribble sport", "extend change", "v possessiopost possessio", "run creation creatio", "pack stative", "v stativehold stative", "express communication communicatio", "v motioconduct motio", "conduct", "take", "vhave", "vtransmit", "vadopt"], [], ["frappe food", " artifactmethamphetamine artifact", "sparkler possession possessio", "v cookingfrost cooking", "water ice substance", " artifactinternal combustion engine artifact", " foodfrosting food", " artifactice rink artifact", "sorbet", "water ice"], ["make up one's mind cognition cognitio", "settle cognition cognitio", "determine cognition cognitio", "vdetermine", "adjudicate cognition cognitio", "resolve cognition cognitio", "adjudicate", "vconclude", "vresolve", "vsettle", "conclude", "make up one's mind", "vpick", "determine", "judge", "vclose", "vchoose", "vadjudicate", "vmake up one's mind"], ["tramcar"], [], [], [], [], [], ["v socialtreat social", "hold artifact", "v socialmanage social", "palm contact", "grip artifact", "v contactwield contact", "v communicatiocover communicatio", "handgrip artifact", "deal with", "hand", "tap", "nickname", "vsteer", "pull", "hilt"], [], [" actexcavation act", "spadework"], [], [" actbreakage act", "breakdancing", "interruption"], [], []], "/r/LocatedNear": [[], [], [], [], [], [], [], [], [], [], [], [], [], [], [], [], [], [], [], [], [], [], [], [], [], [], [], [], [], [], [], [], [], [], [], [], [], [], [], [], [], [], [], [], [], [], [], [], [], [], [], [], [], [], [], [], [], [], [], [], [], [], [], [], [], [], [], [], [], [], [], [], [], [], [], [], [], [], [], [], [], [], [], [], [], [], [], [], [], [], [], [], [], [], [], [], [], [], [], [], [], [], [], [], [], [], [], []], "/r/SimilarTo": [["select", "vselect"], [], [], [], [], [], [], [], [], [], [], [], [], [], [], [], [], [], [], [], [], [], [], [], [], [], [], [], [], [], [], [], [], ["tasty a ", "a tasty "], [], [], [], [], [], [], [], [], [], [], [], [], [], [], [], [], [], [], [], [], [], [], [], [], ["caruncle"], [], [], [], [], [], [], [], ["catcher"], [], [], [], [], [], [], [], [], [], [], [], [], [], [], [], [], ["selected a ", "a selected ", "a incoming ", "incoming a "], ["superior a ", "a superior ", "choose", "vchoose"], [], [], [], [], ["voccupy"], ["collect"], [], [], ["cbp"], ["vdetermine", "settle"], [], [], [], [], [], [], [], [], [], [], [], [], []], "/r/MadeOf": [[], [], [], [], [], [], [], [], [], [], [], [], [], [], [], [], [], [], [], [], [], [], [], [], [], [], [], [], [], [], [], [], [], [], [], [], [], [], [], [], [], [], [], [], [], [], [], [], [], [], [], [], [], [], [], [], [], [], ["plastic"], [], [], [], [], [], [], [], [], [], [], [], [], [], [], [], [], [], [], [], [], [], [], [], [], [], [], [], [], ["strings", "wood"], [], [], [], [], [], ["water"], [], [], [], [], [], [], [], [], [], [], [], [], [], []], "/r/ReceivesAction": [[], [], [], [], [], [], [], [], [], [], [], [], [], [], [], [], [], [], [], [], [], [], [], [], [], [], [], [], [], [], [], [], [], [], [], [], [], [], [], [], [], [], [], [], [], [], [], [], [], [], [], [], [], [], [], [], [], [], ["needed when comb hair"], [], [], [], [], [], [], [], [], [], ["used in garde"], [], [], [], [], [], [], [], [], [], [], [], [], ["flower", "nose"], [], [], [], [], [], [], [], [], [], [], [], ["melted", "carved", "found in freezer", "found on iceberg", "put into drinks to cool", "found in artic", "sculptured", "found in freezers", "found in glaciers", "formed into cubes"], [], [], [], [], [], [], [], [], [], [], [], [], ["made from minerals", "made very slowly", "made from mineral ore", "cracked", "found on beaches", "found in ground", "made from cooled lava"], []]}, "/r/UsedFor": {"/r/RelatedTo": [[]], "/r/UsedFor": [[]], "/r/LocatedAt": [[]], "/r/FormOf": [[]], "/r/IsA": [[]], "/r/PartOf": [[]], "/r/HasA": [[]], "/r/CapableOf": [[]], "/r/AtLocation": [[]], "/r/HasProperty": [[]], "/r/CreatedBy": [[]], "/r/Synonym": [[]], "/r/LocatedNear": [[]], "/r/SimilarTo": [[]], "/r/MadeOf": [[]], "/r/ReceivesAction": [[]]}, "/r/LocatedAt": {}, "/r/FormOf": {"/r/RelatedTo": [["mushroomer"], ["cotto", "handpicked", "aspine", "chosen", "pick\u00e9d", "apike", "vpick", "wool"], ["choose", "unscrupulous", "scraps", "economy picking", "item", "income", "red route", "pickings", "gai", "objectionable", "carphologia", "fruit", "lift", "cotto", "hand", "elect", "habit", "finger", "drop", "chicke", "menu", "gather", "carry", "daisy", "appoint", "harvest", "magnet", "slave"], [], [], []], "/r/UsedFor": [[], [], ["nose"], [], [], []], "/r/LocatedAt": [[], [], [], [], [], []], "/r/FormOf": [["pick", "vpick"], ["pickt", "vpick", "pick"], ["pickings", "vpick", "pick"], ["vpick"], ["vpick"], ["vpick"]], "/r/IsA": [[], [], [" actmanual labor act", " quantityoutput quantity", "picking leaf", "human activity", "picking seed", "picking fruit", "transport", "removal by moving", "unnatural thing", "guiding"], [], [], []], "/r/PartOf": [[], [], [], [], [], []], "/r/HasA": [[], [], [], [], [], []], "/r/CapableOf": [[], [], [], [], [], []], "/r/AtLocation": [[], [], [], [], [], []], "/r/HasProperty": [[], [], [], [], [], []], "/r/CreatedBy": [[], [], [], [], [], []], "/r/Synonym": [[], [], ["pick quantity", "leftover"], [], [], []], "/r/LocatedNear": [[], [], [], [], [], []], "/r/SimilarTo": [[], [], [], [], [], []], "/r/MadeOf": [[], [], [], [], [], []], "/r/ReceivesAction": [[], ["flower", "nose"], [], [], [], []]}, "/r/IsA": {"/r/RelatedTo": [[], [], [], [], [], [], [], [], [], [], [], ["hammer", "bat", "finger tight", "drill", "rake", "pliers", "hoe", "saw", "level", "eye", "axe", "scale", "guilloche", "straightedge", "electroencephalophone", "caulker", "reamer", "grinding stone", "polespear", "square", "tjanting", "wield", "chiselwikten 2", "fire iron", "oxygen lance", "uniface", "hacker", "warkloom", "taconite", "osteotome", "carpenter's square", "lad mag", "strike while iron is hot", "wandwork", "whiteboard", "engraver", "peavy", "dicer", "flintknapper", "toolcase", "solderer", "route planner", "pitchfork", "croze", "shears", "tine", "scrive", "gummer", "toolset", "hand tool", "pruning shears", "bipoint", "nutpick", "tack claw", "nibbler", "debitage", "lart", "toolstack", "recapper", "tooling", "melon baller", "artifact", "clactonian", "nail punch", "engine", "hoof pick", "instrument", "jointer", "retouch", "applicator", "rabbeter", "defloat", "black bag", "caulking iron", "hand tight", "sidescraper", "apparatus", "fromward", "fudge wheel", "industry", "toolmark", "guilloch\u00e9", "vattack", "bioultrasonics", "real programmer", "batterie de cuisine", "it ain't meat it's motio", "communicable scale", "plastometer", "knife", "painting knife", "pike pole", "barehanded", "marking gauge", "cutting edge", "rootkit", "spanner", "fire beater", "microscalpel", "machete", "stab", "twist drill", "icepick", "scooper", "tools", "assistant", "tuning wrench", "burin", "sonotrode", "drivebolt", "top rake", "manufacture", "clipper", "clearer", "roller", "turrel", "pilot", "jedding ax", "weeder", "trepanner", "dolly", "scriber", "whetstone", "digging fork", "fin key", "lissoir", "megablast", "webtool", "metayer", "hand code", "appliance", "blond metal", "walking stick", "scary sharp", "pickaxe", "abrasive disc", "flintknapping", "nanotool", "fork", "pritchel", "pocketknife", "vdeflect", "unipoint", "unclogger", "hardware", "software", "penis", "edger", "bungstarter", "riveter", "barehandedlyr", "bead breaker", "mattock", "mandrel", "linting", "skiverwikten 2", "toolage", "vintentional", "shaft", "toolchain", "designer", "program slicer", "picket", "mallet", "hardpoint", "gravettian", "chert", "toolsmith", "iron", "garage", "slake trough", "pyrograph", "puller", "vequip", "stretching iron", "shoehorn", "honey drizzler", "nailset", "vout of bounds", "centerpunch", "nomen instrumenti", "cutlass", "choke", "german bit", "duck call", "dibber", "golok", "parer", "vdrive", "tooler", "snake rake", "workloom", "endoilluminator", "stripper", "side tool", "naked handed", "business end", "heijunka box", "toolbox", "endscraper", "manual labor", "surform", "furrower", "undertooled", "torsion wrench", "cork borer", "handlewikten 1", "brakewikten 3", "paint bucket tool", "business intelligence", "flail", "gimlet", "halligan bar", "lithic", "industrial arts", "toolpost", "trowel", "cane knife", "frenchman", "non tas", "embedder", "cigar cutter", "checkuser", "toolroom", "chainbreaker", "niddy noddy", "tooled", "outfit", "greenstone", "honey dipper", "gigantolith", "auger", "screwboard", "toolshed", "vcoach", "twiscar", "pair of pliers", "flosser", "holster", "increment borer", "steelwikten 1", "neogeography", "weapon", "titanium carbide", "hedgebill", "toolstock", "helve", "deburring tool", "protractor", "go equipped", "chainmaker", "pointing trowel", "farseer", "immersion blender", "toolless", "clonk", "toolsy", "try square", "ripping iron", "snake", "hot glue gun", "slungshot", "riving knife", "priest", "toolbelt", "traverse drill", "toolsmithing", "zax", "against grai", "baster", "pecking", "molcajete", "clippers", "grainer", "broad", "flaker", "tooth key", "utility knife"], [], [], [], [], [], [], []], "/r/UsedFor": [[], [], [], [], [], [], [], [], [], [], [], ["building things", "fixing things", "making things", "building", "fix things", "build", "accomplishing purpose", "perform operatio", "multiple task manipulation of other objects", "repair door", "using", "correcting", "cut things", "added power", "create sculpture", "causing", "adjusting", "altering", "fix or build things", "work", "instrument"], [], [], [], [], [], [], []], "/r/LocatedAt": [[], [], [], [], [], [], [], [], [], [], [], [], [], [], [], [], [], [], []], "/r/FormOf": [[], [], [], [], [], [], [], [], [], [], [], ["tooled", "tools", "tooling"], [], [], [], [], [], [], []], "/r/IsA": [[], [], [], [], [], [], [], [], [], [], [], ["saw", "object", "axe", "knife", "stethoscope", "abrader artifact", "drill artifact", "hand tool artifact", "plow artifact", "shaping tool artifact", "saw set artifact", " artifactimplement artifact", "jack artifact", "power tool artifact", "bender artifact", "stylus artifact", "punch artifact", "pestle artifact", "strickle artifact", "hack artifact", "ram artifact", "level", "fork artifact", "hoe artifact", "nail gu", "clincher artifact", "lighter", "rounder artifact", "eolith artifact", "tamp artifact", "upset artifact", "grapnel artifact", "paleolith artifact", "tap artifact", "rake artifact", "cutting implement artifact", "neolith artifact", "comb", "gang artifact", "garden tool artifact", "comb artifact", "catheter", "triangle", "opener", "power tool", "framing square", "consumer durable", "item", "rubber stamp", "ramset gu", "awl", "stationary tool", "combination square", "hammer drill", "crowbar", "nut", "pneumatic wrench", "stapler", "hacksaw", "miter saw", "nail punch", "washer", "shaping tool", "chisel", "plumbing tool", "comealong", "phillips screwdriver", "computer", "miter box", "table saw", "circular saw", "device", "trowel", "nail", "nail set", "pick", "lug nut", "drill bit", "open mind", "lever", "wedge", "milling cutter", "gardening tool", "lures", "hole making tool", "saxophone", "punch", "user guided device", "hand plane", "putty knife", "jointer", "clamp binder", "drill press", "band", "pens", "spade", "drill", "stencil", "rasp", "speed square", "vise", "non agentive artifact", "pliers", "allen wrench", "car", "weapo", "pulley", "pot", "screwdriver", "hydraulic jack", "hardware tool", "saber saw", "ratchet"], [], [], [], [], [], [], []], "/r/PartOf": [[], [], [], [], [], [], [], [], [], [], [], [], [], [], [], [], [], [], []], "/r/HasA": [[], [], [], [], [], [], [], [], [], [], [], [], [], [], [], [], [], [], []], "/r/CapableOf": [[], [], [], [], [], [], [], [], [], [], [], ["help perso", "eat with"], [], [], [], [], [], [], []], "/r/AtLocation": [[], [], [], [], [], [], [], [], [], [], [], ["garage", "repair shop", "tool box", "basement", "hardware store", "carpenter's belt", "toolchest"], [], [], [], [], [], [], []], "/r/HasProperty": [[], [], [], [], [], [], [], [], [], [], [], ["hammer"], [], [], [], [], [], [], []], "/r/CreatedBy": [[], [], [], [], [], [], [], [], [], [], [], [], [], [], [], [], [], [], []], "/r/Synonym": [[], [], [], [], [], [], [], [], [], [], [], [" actinstrument act", " bodycock body", " persocreature perso", "v drivingjoyride driving", "apparatus", "vuse", "emboss"], [], [], [], [], [], [], []], "/r/LocatedNear": [[], [], [], [], [], [], [], [], [], [], [], [], [], [], [], [], [], [], []], "/r/SimilarTo": [[], [], [], [], [], [], [], [], [], [], [], [], [], [], [], [], [], [], []], "/r/MadeOf": [[], [], [], [], [], [], [], [], [], [], [], [], [], [], [], [], [], [], []], "/r/ReceivesAction": [[], [], [], [], [], [], [], [], [], [], [], [], [], [], [], [], [], [], []]}, "/r/PartOf": {"/r/RelatedTo": [[]], "/r/UsedFor": [[]], "/r/LocatedAt": [[]], "/r/FormOf": [[]], "/r/IsA": [[]], "/r/PartOf": [[]], "/r/HasA": [[]], "/r/CapableOf": [[]], "/r/AtLocation": [[]], "/r/HasProperty": [[]], "/r/CreatedBy": [[]], "/r/Synonym": [[]], "/r/LocatedNear": [[]], "/r/SimilarTo": [[]], "/r/MadeOf": [[]], "/r/ReceivesAction": [[]]}, "/r/HasA": {}, "/r/CapableOf": {}, "/r/AtLocation": {}, "/r/HasProperty": {}, "/r/CreatedBy": {}, "/r/Synonym": {"/r/RelatedTo": [[], [], [], [], [], [], [], [], [], [], [], [], [], [], [], [], [], [], ["device", "pick", "lock", "false key", "picklocks", "thief"], [], ["choose", "make", "decisio", "decision", "choice", "determine", "make decisio", "change one's mind", "richardson's theorem", "middle for diddle", "think better of", "decidable", "vdeliberatio", "on spot", "posek", "quandary", "constant problem", "choose up", "vresolve", "deciding", "judge", "settler", "vcontest", "arguendor", "decern", "decidability", "pick", "decided", "vdispute", "vproblem", "res judicata", "debate", "true bill", "up in air", "up for grabs", "settle upon", "deem", "settle on", "ditherer", "predetermine", "vdecider", "vchoose", "make all difference", "international court of justice", "dijudicate", "vdetermine", "rubber stamp", "redecide", "toss up", "predecided", "predetermination", "decides", "decideth", "soc and sac", "vdecisio", "draw straws", "in interest of justice", "decreet", "tbd", "vdecisive", "go for it", "determinable", "decisory", "make decision", "go down that road", "problematic", "decidest", "make up one's mind", "halting problem", "judicial officer", "vsettle", "vjudgment", "make choice", "conclude", "choosing", "up", "make up", "makeup", "conclusio", "thinking", "making", "mind", "consider", "actio", "thought", "pick something", "take decisio", "making choice", "take", "options", "committee", "makeup mind", "fix mind", "fix", "make mind", "thinking choosing", "making decisio", "pick one", "opt", "volunteer", "abstract", "republic"], [], ["berde", "plectra", "mandoli", "plectrums", "bandurria", "fingerpick", "rondalla", "pick", "string", "dan bau", "downpicking", "harpsichord", "downpick", "begena", "quill", "lyre", "pluck", "zither", "classical guitar", "anatomical", "guitar", "flatpicking", "fescue", "fingerstyle", "psaltery", "cittern", "pickguard", "tenor banjo", "buzuq", "cavaquinho"], ["edge", "pointed", "head", "mattock", "handle", "heavy", "iro", "woode", "tool", "chisel", "gurlet", "pick"]], "/r/UsedFor": [[], [], [], [], [], [], [], [], [], [], [], [], [], [], [], [], [], [], [], [], ["council"], [], ["playing guitar"], []], "/r/LocatedAt": [[], [], [], [], [], [], [], [], [], [], [], [], [], [], [], [], [], [], [], [], [], [], [], []], "/r/FormOf": [[], [], [], [], [], [], [], [], [], [], [], [], [], [], [], [], [], [], ["picklocks"], [], ["decided", "deciding", "decides", "decideth", "decidest"], [], ["plectrums", "plectron", "plectra"], ["pickaxes", "pickax", "pick axe"]], "/r/IsA": [[], [], [], [], [], [], [], [], [], [], [], [], [], [], [], [], [], [], [], [], [], [], ["non powered device", "plectrum mechanism", "musical equipment", "plectrum handheld", "single user device"], []], "/r/PartOf": [[], [], [], [], [], [], [], [], [], [], [], [], [], [], [], [], [], [], [], [], [], [], ["harpsichord"], []], "/r/HasA": [[], [], [], [], [], [], [], [], [], [], [], [], [], [], [], [], [], [], [], [], [], [], [], []], "/r/CapableOf": [[], [], [], [], [], [], [], [], [], [], [], [], [], [], [], [], [], [], [], [], [], [], [], []], "/r/AtLocation": [[], [], [], [], [], [], [], [], [], [], [], [], [], [], [], [], [], [], [], [], [], [], [], []], "/r/HasProperty": [[], [], [], [], [], [], [], [], [], [], [], [], [], [], [], [], [], [], [], [], [], [], [], []], "/r/CreatedBy": [[], [], [], [], [], [], [], [], [], [], [], [], [], [], [], [], [], [], [], [], [], [], [], []], "/r/Synonym": [[], [], [], [], [], [], [], [], [], [], [], [], [], [], [], [], [], [], ["lock pick", "pick"], [], ["make up one's mind cognition cognitio", "settle cognition cognitio", "determine cognition cognitio", "vdetermine", "adjudicate cognition cognitio", "resolve cognition cognitio", "adjudicate", "vconclude", "vresolve", "vsettle", "conclude", "make up one's mind", "vpick", "determine", "judge", "vclose", "vchoose", "vadjudicate", "vmake up one's mind"], [], [" artifactpick artifact", "pick", "guitar pick"], [" artifactpick artifact", "pick"]], "/r/LocatedNear": [[], [], [], [], [], [], [], [], [], [], [], [], [], [], [], [], [], [], [], [], [], [], [], []], "/r/SimilarTo": [[], [], [], [], [], [], [], [], [], [], [], [], [], [], [], [], [], [], [], [], ["vdetermine", "settle"], [], [], []], "/r/MadeOf": [[], [], [], [], [], [], [], [], [], [], [], [], [], [], [], [], [], [], [], [], [], [], [], []], "/r/ReceivesAction": [[], [], [], [], [], [], [], [], [], [], [], [], [], [], [], [], [], [], [], [], [], [], [], []]}, "/r/LocatedNear": {}, "/r/SimilarTo": {}, "/r/MadeOf": {"/r/RelatedTo": [["ti", "silver", "iro", "steel", "hard", "material", "gold", "shiny", "coi", "element", "lead", "ore", "copper", "aluminum", "bullet", "heavy", "music", "ca", "substance", "iron steel", "rock", "gold silver", "ring", "brass", "metallic", "generic", "mineral", "bronze", "solid", "alloy", "armor", "steel iro", "building", "bell", "bar", "cold", "mercury", "tin steel", "hard shiny", "silver gold", "term", "cars", "aluminium", "magnetic", "iron copper", "zipper", "elements", "hard material", "like", "strong", "regulize", "nibral", "muonide", "carbonyl", "sectility", "conductor", "enolate", "space line", "baller", "overplate", "anode", "engine block", "microchemistry", "heptadentate", "truck nuts", "electroplating", "metallochromic", "case hardening", "protosulphate", "metalloenzyme", "toreutic", "catch plate", "superforming", "scratchbrush", "photodraft", "pentadentate", "barrage balloon", "hydrochloric acid", "osmide", "lighting", "macrosegregation", "telluride", "hepatizon", "tea tray", "metallocomplex", "hot chassis", "sherardize", "roller", "cold rolling", "treasure trove", "sulfur print", "pernitrate", "metallosupramolecular", "safety plug", "ink eraser", "vitriol", "rieke metal", "annealing", "metalation", "caster", "solenoid", "english wheel", "metal homeostasis", "plaque", "gestation crate", "nitrocarburize", "argent", "mullar", "scissel", "electrochemical series", "mirrorwork", "metallophone", "ladle furnace", "tubbing", "cazo process", "orthodontic band", "emo metal", "pillow block", "octadentate", "intervalence", "polypyridene", "sulfosalt", "premetallized", "toe ring", "eutectic alloy", "metalithium", "fuligorubin", "polygonize", "scorpionate", "grommet", "hyperoxide", "nibbler", "reduction furnace", "hydrosulfide", "thiolate", "xenotite", "rare earth", "flame photometry", "hoof pick", "metalloaggregate", "coldwave", "knee cap", "monobasic", "native aluminium", "cathode", "counterflashing", "clip strip", "earmuffs", "pilger", "peltier's cross", "tetramethylethylenediamine", "clank", "fermi surface", "metallocycle", "debasement", "traffic signal box", "titanium sponge", "scoria", "investment", "drawbench", "dithizone", "mettle", "marquetry", "bismetallated", "hydrometallurgy", "javelin", "cupferron", "organometallic", "or", "metallobiology", "metallocentre", "stripper clip", "passive armour", "terrestrial planet", "kickplate", "hexadentate", "tertiate", "aiglet", "retort pouch", "foundry", "kalasha", "diework", "rocker", "metallocluster", "bitter electromagnet", "hot tear", "chelate compound", "tonebar", "metallate", "baseball bat", "lattice window", "titanium alloy", "gauze", "hexafluoroplatinate", "lemel", "war", "firepole", "field emission", "unalloyed", "flexatone", "metallurgist", "sandbox", "metallicolous", "grinder", "tegulated", "metalsmith", "descaling", "spot welding", "rapcore", "metalline", "tape measure", "carbonitride", "metalliform", "refinery", "intercrystalline", "tricarbonyl", "local cell", "chatter ring", "metallotolerant", "electrorefining", "dimetal", "scavenge", "weight", "pentacoordinating", "phthalocyaninate", "archaeometallurgy", "distortion", "galvanic series", "melt do v", "ampyx", "sacrificial anode", "egg ring", "chelation", "descale", "tetradentate", "rodding", "shruff", "bull bar", "smelting", "metallothioprotein", "palstaff", "color", "refusion", "ozonide", "shako", "hack iron", "sulfide", "vaporium", "shuttle", "hawkbell", "brake block", "etch", "metallobridged", "grunge", "metally", "metallochelate", "genouill\u00e8re", "st hubert's key", "ceramometallic", "monetization", "chevrel phase", "capsquare", "aluminothermy", "vessel", "backplate", "tintinnabulum", "vmake", "dressing stick", "hydriding", "scobs", "heterobimetallic", "lorica", "scorifier", "triazolate", "tree", "electropolish", "plumb bob", "enswell", "electroplate", "assayer", "assay", "spoonbending", "carton pierre", "pavonine", "weaponsmithing", "orthochromite", "anodized", "hydroforming", "vitreography", "cathodoluminescence", "teppan", "dithiolene", "geat", "shackle", "bioinorganic", "metallophyte", "ash pan", "coin belt", "ferroalloy", "coin", "metallome", "mascle", "paltik", "manganoporphyrin", "engobe", "metallopeptide", "metallifacture", "chelating agent", "metal aquo complex", "thixocasting", "treasury tag", "cantenna", "bendy", "plating", "saccharate", "intermetallic", "beneficiation", "cinder", "potassium", "transmutationist", "lithium", "furnace", "polystannane", "thixomolding", "metalloamphiphile", "transition strip", "lingot", "primary valence", "metal to", "oxolation", "foliation", "selenolate", "johnson bar", "enediolate", "kaligenous", "plug and feather", "delocalization", "ladler", "ternary alloy", "underlug", "heterometallation", "case hardened", "pole building", "axe head", "pseudometallophyte", "gold mine", "lixiviant", "d sub", "choke pear", "bimorph", "dwang", "cementation", "trench plate", "technopolymer", "subchloride", "haloid", "blast furnace", "horn rimmed", "respiratory pigment", "road", "watchstrap", "junction", "space rule", "metal hydride", "repouss\u00e9", "suit of armor", "railroad", "loggerhead", "damascus barrel", "feeler gauge", "bimetal", "monometallic", "carbon arc", "molybdoenzyme", "metallogenic", "bessemer steel", "hexaaqua", "conducting wire", "lithium chloride", "multimetallic", "fish tape", "symmetallism", "carbon ferrous", "rag and bone man", "ironywikten 2", "solutionize", "electroetching", "magnet", "ferrokinesis", "tincture", "bimetallism", "orichalcum", "repoussage", "methide", "thin film transistor", "hexabasic", "metalsmithing", "sideflash", "squat cage", "tetrabasic", "metallotherapy", "canteen cup", "ignition tube test", "metallo", "hydria", "debase", "iron", "linkwork", "superstrate", "handstein", "troy weight", "co fusion", "jigsaw", "wiredrawer", "espauliere", "cermet", "chill", "keyring", "demetallated", "euro metal", "nickel", "futtock plate", "plater", "metalloradical", "metallacyclobutane", "bisporphyrin", "rare earth mineral", "metallic bond", "snapper", "machine shop", "space blanket", "azoth", "swedge", "metalloporphyrin", "xylenol orange", "smelter dust", "vroad", "wiresmith", "demetallization", "phosphating", "canaree", "metallochromy", "jazerant", "tweezers", "alpenstock", "galvanography", "metalloplastic", "inner orbital complex", "metallike", "wash", "shaving", "urn", "rollerman", "beak", "magnesium wire", "metallochelatase", "ingot", "window screen", "anodize", "electrowinning", "osteosynthesis", "mace head", "metaller", "pressing", "oxygen tank", "fettler", "fillet weld", "oregon boot", "eyebar", "metallofullerene", "sherardise", "galvalume", "hydrodemetalation", "pyranopterin", "metalled", "platinoid", "czochralski process", "recovery", "metalliferous", "thermowell", "boryl", "fabrile", "tetrofosmin", "slim jim", "radiometallography", "platewikten 1", "complex ion", "hydrodemetallization", "strike while iron is hot", "subsalicylate", "coppersmith", "demetallize", "pickler", "opener", "skewer", "monkey metal", "bridging ligand", "metallochaperone", "metallochelation", "orgonite", "beryllide", "railroad spike", "ferrite", "bracteate", "metallographer", "osmium tetroxide", "ladle", "boriding", "ductilimeter"]], "/r/UsedFor": [["melting", "making car", "strength", "make musical instruments", "building many things", "machining", "casting", "making office building", "making skyscraper", "build rocket"]], "/r/LocatedAt": [[]], "/r/FormOf": [["metalling", "metals"]], "/r/IsA": [["gold", "iro", "steel", "silver", "music", "copper", "aluminum", "mercury", "music style", "ti", "bronze", "conductor", "heavy metal", "foilopencycfoil sheet", "anchor", "tangible thing", "inanimate object", "wolfram", "unalloyed metal", "nickel", "forms of expressio", "most elements", "solid metal", "titanium", "alloy", "magnesium", "scrap metal", "not food", "electrical conductor", "tungste", "shiney"]], "/r/PartOf": [[]], "/r/HasA": [[]], "/r/CapableOf": [["corroded", "element or alloy"]], "/r/AtLocation": [["ore", "mine", "car", "metal fabrication shop"]], "/r/HasProperty": [["heavy", "good for building"]], "/r/CreatedBy": [["smelting"]], "/r/Synonym": [[" substancemetallic element substance", " substancealloy substance", "a metallic "]], "/r/LocatedNear": [[]], "/r/SimilarTo": [[]], "/r/MadeOf": [["bicycle", "silverware", "spring", "wheel", "machine gu", "oil tanker", "golf clubs", "car", "house", "container"]], "/r/ReceivesAction": [["painted", "bent", "tarnished", "riveted", "found in house", "polished", "formed"]]}, "/r/ReceivesAction": {}}}, "": {"N1": {"/r/RelatedTo": ["windowdoor", "worklabor", "butchermeat", "gallomeasure", "woundgash", "punishmentcrime and", "chickelaying", "thricerthree", "informed educated ", "closed obstructed ", "transpondianrightpondia", "mystifymystery", "audiovisualsaudiovisual"], "/r/UsedFor": ["flash artifactlight physics", "string bassplaying music"], "/r/LocatedAt": [], "/r/FormOf": ["air burstsair burst", "pot belliespot belly", "cross sectionscross sectio"], "/r/IsA": ["suburb locatioresidential district locatio", "western skink animalskink animal", "inertial mass physicsmass attribute", "leading man persoactor perso", "occasion timetime time", "tree toad animalfrog animal", "petaurista animalmammal genus animal", "torch singer persosinger perso", "drop arch artifactpointed artifact", "rottenstone substancelimestone substance", "scorpionfish animalscorpaenid animal", "temporary hookup artifactconnection artifact", "acrylic fiber substanceman made substance", "dependence statestate ", "overhand pitch actpitch baseball", "american spikenard plantsubshrub plant", "hedonist persosensualist perso", "homecoming actreunion act", "aldrovanda plantdicot genus plant", "ambystomatidae animalamphibian family animal", "assist ice hockeymaneuver act", "tithe barn artifactbarn artifact", "hypsometer artifactaltimeter artifact", "papyrus communicatiodocument communicatio", "cacodyl substancegroup chemistry", "penance actsacrament act", "rule of evidence lawrule communicatio", "usherette persousher perso", "hooks bodyhand body", "bilabial communicatiolabial consonant communicatio", "kurdish communicatioiranian communicatio", "theism cognitioreligion cognitio", "aristocrat persoleader perso", "bundesbank groupcentral bank group", "skirtform of female attire", "yardarm artifactend locatio", "supreme court lawfederal group"], "/r/PartOf": ["satachristian myth", "old testament communicatiobible communicatio", "styloid process bodytemporal bone body", "voider artifactbody armor artifact", "tower of london artifactlondon locatio"], "/r/HasA": ["baywater"], "/r/CapableOf": ["blanketscover bed", "chefbone chicke", "authorswrite books"], "/r/AtLocation": ["windowhouse", "dustcarpet", "action figuretoy department", "barbershopmall", "mouselab maze"], "/r/HasProperty": [], "/r/CreatedBy": [], "/r/Synonym": ["hawaiian honeycreeper animalhoneycreeper animal", "thing cognitiomatter cognitio", "dprk locationorth korea locatio", "gas tight air ", "get into possessioget in possessio", "west persocicily isabel fairfield perso", "sapindus drumondii plantwild china tree plant", "abls communicatiobachelor of arts in library science communicatio", "homburg artifactfedora artifact", "choking coil artifactchoke artifact", "sewerage artifactsewer artifact", "fish bowl stategoldfish state", "caddy golfcaddie golf", "moray eel animalmoray animal", "family zygnemataceae animalzygnemataceae animal", "severity attributeaustereness attribute", "hors d oeuvre foodhors food", "chukka artifactchukka boot artifact", "immunise competitioimmunize competitio", "kindling pointautoignition temperature", "corruptlyr corruptedlyr ", "lazy faineant ", "copernicia prunifera plantcarnauba plant", "log z's bodysleep body", "sworn pledged ", "palestine authority grouppalestine national group", "polyodon spathula animalpaddlefish animal", "linnaea borealis americana plantamerican twinflower plant", "stylise artstylize art", "thank youthank you very much", "infirm decrepit ", "uriniferous tubule bodynephron body", "passing actpassage act", "rio nunez coffee plantrobusta plant", "experimentation cognitioexperiment cognitio", "powerful knock do a ", "lichgate artifactlychgate artifact", "take advantage socialtrespass social", "pyrethrum plantpainted daisy plant", "take turns changealternate change", "water level locatiowaterline locatio", "fuddle stateclutter state", "insisting communicatioinsistence communicatio", "vibrate perceptioresonate perceptio", "viridity attributegreen attribute", "yarn dye changeimpress change", "balaenoptera borealis animalsei whale animal", "electron orbit locatioorbit locatio", "lillie persobeatrice perso"], "/r/LocatedNear": [], "/r/SimilarTo": ["large leafed leafy ", "captious critical ", "exaggerated increased ", "effective militaryoperational military", "tasty winey ", "fast breaking news article", "second rate inferior ", "disputatious argumentative ", "private nonpublic ", "coated glazed ", "free clear "], "/r/MadeOf": [], "/r/ReceivesAction": []}, "N2": {}}}