{"put": {"N1": {"/r/RelatedTo": ["place", "golf", "actio", "placing", "connect", "shot", "position", "beslipper", "dispose", "label", "putteewikten 2", "park", "beshoe", "go to bed", "squeeze", "insert", "call spade", "message in bottle", "collar", "vwikten 1acceptance", "vwikten 1place", "lobwikten 1", "strangle", "slotwikten 2", "distrust", "misplaced", "regulate", "tried", "call", "new front", "transistor", "put up with", "puts", "vwikten 1bring", "bundle", "vwikten 1state", "small leader", "untried"], "/r/UsedFor": [], "/r/LocatedAt": [], "/r/FormOf": ["puts", "puttedst", "putting", "puttest"], "/r/IsA": [], "/r/PartOf": [], "/r/HasA": [], "/r/CapableOf": [], "/r/AtLocation": [], "/r/HasProperty": [], "/r/CreatedBy": [], "/r/Synonym": ["pose contact", "set contact", " actput option act", "v cognitioarrange cognitio", "v communicatioframe communicatio", "v possessioinvest possessio", "lay contact", "v cognitioplace cognitio", "place contact", "assign consumption consumptio", "position contact", "put optio"], "/r/LocatedNear": [], "/r/SimilarTo": ["vplace"], "/r/MadeOf": [], "/r/ReceivesAction": []}, "N2": {"/r/RelatedTo": {"/r/RelatedTo": [["bed", "bar", "farm", "home", "locatio", "school", "put", "market", "garde", "camp", "bank", "court", "office", "room", "stage", "grave", "desert", "factory", "city", "nest", "seat", "church", "heave", "country", "house", "library", "club", "area", "course", "chair", "table", "capital", "somewhere", "heaven", "desk", "at", "address", "shade", "plate", "slope", "where", "generic", "away", "range", "college", "company", "general", "hospital", "here", "spot", "set", "middle", "morgue", "resort", "hall", "polling station", "paradise", "arbour", "nowherer", "vintage", "next to last", "psychotopology", "sutton", "bitch", "bilocate", "vmatch", "bissextile", "return", "newton", "heap", "convergence", "streaker", "develop", "befrost", "meadery", "try line", "degree place", "sacrosanctum", "transplant", "parallel", "spokane", "hideaway", "yedwikten 3", "inurn", "courtyard", "pisspot", "turdis", "pluck", "lavatory", "shitsville", "preplace", "benk", "vanishing point", "hellhole", "buried", "omnipresence", "meeting place", "outlaw", "at places", "place of business", "placeness", "point of no return", "spot price", "wherer", "wrong", "afterlife", "venue", "placement", "columbian", "fearscape", "khazi", "necessary", "anterior", "locus", "foregoing", "placeable", "musalla", "superpose", "wed", "vachieve", "particularly", "be", "nativity", "estate", "bottom of table", "transplace", "particular", "habitation", "barakah"], ["course", "club", "put", "sport", "drive", "golfing", "body english", "nongolfer", "golfwiser", "thin", "hook", "foozler", "footgolf", "foozle", "puttingwikten 2", "bingo bango bongo", "icao spelling alphabet", "phenom", "golf ball", "golfese", "clock golf", "golfless", "lip", "nongolf", "chuiwan", "snow golf", "pitch mark", "shank", "ball game", "ungolfed", "preround", "golfs", "stroke", "antigolf", "draw", "st andrews", "paganica", "golflike", "golfer", "golf club", "golfspeak", "golfy", "golfaholic", "nineteenth hole", "golfiana", "foursome", "cambuca", "postround", "nongolfing", "pitch and putt", "golf widow", "teebox", "golfed", "roundwikten 1", "plus fours", "game", "tiger", "tiger woods", "woods", "fore", "range", "ball", "eye", "haina", "clubs", "links", "for", "mole", "putters", "holes", "slice", "pro", "outdoor", "ball clubs", "outdoor game", "tee", "tee off", "off", "swinging", "iro", "ope", "club game", "castor", "la ", "croquet", "bubble", "balls holes", "balls", "egg", "hail", "driver", "hazard", "elitist sport", "sucker", "elitist"], ["action"], ["put", "race", "placed", "pebbling", "placings", "placement", "rooming in", "across board", "positio", "superimposition", "vplace", "superposition", "apposition", "emplacement", "first", "cover", "rank", "plate", "file", "lay"], ["joi", "together", "dots", "put together", "put", "get onto", "connecteth", "lisfranc ligament", "reference", "conjunctival", "joint", "taper pin", "vjoi", "ligate", "pecker", "annectent", "velectrical", "vconnexio", "install", "connectest", "get on end of", "incoherence", "balun", "bosphorus", "linkup", "piston rod", "skyway", "supraclavicle", "join up", "unconnectable", "daisy chain", "boltwikten 1", "hook", "session", "harmonic balancer", "hard wire", "aerobridge", "put through", "fobwikten 1", "tidal island", "interbeing", "brace", "linkway", "connecting", "syndeticity", "hook up", "magenta box", "close knit", "mediary", "simplicial complex", "vline", "copula", "headshell", "null modem", "joyport", "vtravel", "hidden city", "vconnectio", "cystoperitoneal", "line of levels", "person to", "liken", "network topology", "misconnect", "nonconnection", "balloon animal", "grounded", "akill", "fasten", "affinitive", "jetway", "involve", "pitman", "crossto a", "wired", "catenate", "landing net", "spiritistic", "syndetic", "semapedia", "bus topology", "kick in", "lash together", "interconnect", "tick and tie", "connection", "jack in", "relevant", "associate", "microconsole", "jet bridge", "interstitch", "connective", "corridor train", "floating ground", "vconnector", "connects", "storz coupling", "dial up", "tied", "enlink", "penumbra", "astragal", "nexus", "vconnectability", "reconnect", "vnetwork", "connectivity", "connect up", "implicate", "wildlife corridor", "vtelephone", "set top box", "plugfest", "retinaculum", "attachment", "vcircuit", "connector", "airbridge", "irrelate", "memorabilia", "anchor", "vassociate", "ligative", "exclave", "glue code", "attach", "join together", "joining", "bridge", "internet", "bring", "bring together", "tie", "actio", "game", "tie together", "getting", "up", "two", "meet", "link", "leg", "joining things", "betwee", "between dots", "linking", "joining pieces", "pieces", "conjunctive actio", "conjunctive", "getting o", "meeting up", "meeting", "plug", "two wires", "plug i", "wires", "hooking", "hooking things", "dot", "internet thing", "dot game", "get together", "cross", "corner", "join dots", "unio", "board game", "board", "communicatio", "establishing", "establishing communicatio", "parts", "two parts", "plugs", "getting signal", "signal", "telephones", "appearance", "juxtapositio"], ["bullet", "gun artifact perso", "put", "long shot", "fallaway", "anchor shot", "dissolve", "cover drive", "wikten 1alcohol", "perrier", "cortissimo", "back foot shot", "one shot", "forehander", "double shot", "finish", "peening", "car bomb", "subshot", "birdshot", "shot blasting", "solo", "passroll", "on drive", "wire", "red eye", "windage", "potwikten 1", "shotmaking", "columbiad", "hole in one", "re shoot", "flick", "slog sweep", "ballistospore", "scratch", "approach shot", "wikten 1exposure", "sunshot", "semi automatic", "bat pad", "intershot", "l cut", "dunk shot", "cross shot", "countershot", "spitball", "gunfire", "cross bat", "boom pole", "howitzer", "power hour", "brick", "tap in", "aspic", "pickup", "angle shot", "creepy peepy", "gut shot", "volley", "wikten 1projectile", "foreshot", "passing shot", "halfcourt", "bulletproof", "shots", "coup de gr\u00e2ce", "carambole", "republican marriage", "straddle", "postshot", "three ball", "wikten 1bullet", "uppercut", "shotproof", "nomination game", "leg glance", "absolute error", "establishing shot", "hook", "break off", "choke", "revolver", "shotless", "one and", "angle shoot", "pattern", "bottom hand", "tee up", "backhander", "shotted", "off drive", "snapshot", "i've been shot", "bricole", "scot", "french cut", "sweep", "wikten 1vaccinatio", "preshot", "swan shot", "wikten 1comment", "drive volley", "underspin", "bank pool", "irish car bomb", "dutch angle", "screamer", "vshoot", "forecharge", "two shot", "shrapnel", "wikten 1spirits", "undercranked", "recurve bow", "reverse sweep", "snap shot", "eat lead", "cowboy shot", "chokebore", "slug", "shootable", "blue room", "blowpipe", "burrel shot", "meatshot", "ladle", "alley oop", "blackeye", "mitraille", "jump shot", "male gaze", "wikten 1photographic", "strokewikten 1", "pull focus", "arquebusade", "one timer", "gutshot", "shot garland", "run of ball", "double barrelled shotgun", "awikten 1discharged", "product peak", "body shot", "armor piercing shot", "front foot shot", "slog", "drive", "croquet", "unshotted", "ammunition", "rodman gun", "volume shooter", "dutch tilt", "pistolade", "backshot", "nurdle", "spellfire", "b roll", "snap", "swerver", "film set", "deflect", "awikten 1weft", "piledriver", "hoik", "shotmaker", "potshot", "inside out", "multishot", "drink", "gu", "vaccinatio", "guns", "ounce", "one ounce", "actio", "arrow", "glass", "drink measurement", "measurement", "noise", "gun noise", "fired", "wound", "office", "doctors office", "doctors", "penicilli", "bars", "bang", "medical", "medical injectio", "injectio", "vaccine", "tequila", "loud", "bullets", "bullets guns", "gun actio", "alcohol", "alcohol glass", "alcoholic", "alcoholic drink", "double", "short drink", "short", "quick drink", "quick", "amount", "smash", "exposure", "small", "needle", "ammunitio", "immunity", "being wounded", "wounded", "being", "fix", "gun injury", "injury", "gun discharge", "discharge", "rifle", "inoculatio"], ["rank", "major domo", "chief", "middle", "betwee", "below", "captai", "bucking bronco", "lodge", "pk nail", "footing", "dog in hunt", "information symmetry", "sacristanry", "epaulement", "clericate", "cursor", "height fear", "misposition", "foothold", "left in lurch", "reelin", "long stop", "barratry", "satellite navigation", "install", "cenozoic", "lateral", "air navigation", "space navigation", "set out one's stall", "vput", "and fro", "viewpoint", "situs", "rook lift", "full handed", "super", "silly mid on", "guard", "proprioceptor", "boardsmanship", "scoutmastership", "slider", "keyword stuffing", "assume", "public office", "long on", "nanshan", "kinesthesia", "interversion", "azran", "stand one's ground", "unpositioned", "upper ten thousand", "back up", "ordinal rank", "birdeye", "digression", "in for inch mile", "dan buoy", "clock tower", "championship", "sundial", "abaft", "massage table", "topometry", "deflection", "uppermostr", "elevate", "expose oneself", "fortress", "expletive", "in line", "turn around", "positioning", "strong equivalence principle", "counterposition", "coordinate", "figurehead", "malpositioned", "high profile", "ball and stick model", "take load off", "opinio", "abased", "spatiality", "unswizzle", "hostess ship", "institution", "barony", "at loose ends", "place", "induct", "point of view", "sweeper", "velocity", "frame of reference", "who", "anthotaxy", "present arms", "maintainer", "birth chart", "radar", "at ready", "supply teacher", "resolver", "dignitary", "doctorship", "move", "codeword", "nightwatchman", "put on map", "locality", "fifth slip", "dead reckoning", "backspace", "orthotactics", "positional", "flatlingr", "attitude", "transposition", "office", "similar"], ["vput", "vprovide"], ["vput", "disposition", "sleep with fishes", "genizah", "bestow", "consider", "in tank", "disposinglyr", "clear away", "veliminate", "vdistribute", "partial to", "artful", "vassig", "disposing", "forward leaning", "fob off", "in fee", "get rid of", "throw away", "vincline", "barry", "vuse", "vget rid of", "disposal", "sewage", "explanatory", "landfillable", "litter", "ordinate", "vdeal out", "landfill", "trashify", "cart away", "drop", "lap dog", "redispose", "power of appointment", "disposer", "vplace", "acquisitive"], ["name", "photoaffinity", "writing", "circumferentor", "toe tag", "cinderella stamp", "multilabel", "labelled", "labels", "company", "record", "altitude", "delabel", "ticket", "boxology", "tag out", "interlabel", "mislabel", "radiometal", "will", "brand", "extended basic block", "sight", "enumeratio", "unlabelled", "lambel", "radiobiology", "attach", "bumper sticker", "docket", "strap", "photolabel", "labeled", "prelabelled", "ecolabel", "scaff tag", "vin situ", "immunogold", "particular", "basic block", "labeling", "vin vitro", "charge", "bottle hanger", "sig", "brass", "postage meter", "codicil", "e number", "biotinylation", "ecolabelling", "rasabox", "nsap address", "franking", "country of origin", "prelabeled", "trademark", "vput", "damn", "all up service", "labelless", "unlabeled", "fromology", "charity label", "informatio", "exametazime", "overpost", "relabel", "biotinylate", "categorise", "misbranded", "addressograph", "metadata", "labelized", "rule", "cinderella", "labelable", "intend", "alternative rock", "alias", "wraparound", "maple syrup", "goto", "source code", "tagout", "nick translation", "judge", "photoaffinity labeling", "pick and pack", "printing", "price", "address", "size", "independent", "poiso", "tense", "country"], [], ["squirrel", "garde", "parkable", "riverpark", "vstyle", "amenity block", "double park", "prndl", "prater", "car", "garden party", "pagoda", "needle park", "parkwide", "zoopark", "aerial park", "berth", "parkland", "parks", "queen's park", "pitch", "park in", "roundabout", "valet", "vsit", "tow away zone", "paper park", "flowerbed", "vgait", "blue badge", "nonpark", "parallel park", "parking meter", "oceanarium", "parklike", "tarmac", "urban furniture", "vrecline", "oyster", "linear park", "parking", "parkless", "midpark", "unparkable", "parkish", "dog run", "parkside", "minipark", "vremai", "vsexual", "parking space", "detached work", "dispark", "antipark", "vdomain name", "basi", "vput", "zone", "parking garage", "grey ghost", "parked", "parkomania", "grassplot", "vinvest", "recreation ground", "parkkeeper", "deerfold", "materiel", "greenspace", "vinstrument", "vinvestment", "ballpark", "terrain park", "rangership", "smokey bear", "impark", "parkette", "vdrive", "vhome ru", "playing apparatus", "overpark", "vromantic", "repark", "parker", "handicapped permit", "parkie", "concourse", "demap", "slideout", "unparked", "zoo", "vregister", "vrisk", "vpromenade", "area", "play", "gree", "place", "new york city", "grass", "playground", "public", "ride", "statue", "fountai", "play place", "market", "public garde", "actio", "field", "factory", "big", "big garde", "ramp", "recreational", "recreational area", "course", "la ", "play area", "preserve", "children slides", "childre", "slides", "place car", "theme", "recreatio", "recreation area", "green playground", "trail", "camp", "leaving car", "play ground", "ground", "leaving", "open space", "ope", "space", "public place", "spot", "car spot", "swings", "grass swings", "green garde", "bench", "grassy", "stop car", "stop", "pigeo", "playground area", "country", "grass benches", "benches", "wilderness", "playing", "car lot", "amusement", "lot", "harp", "leg", "fu", "central", "municipal gree", "slide", "municipal", "stadium"], ["vput", "vfurnish"], [], ["squoze", "fit", "margi", "sterno", "wring out", "alcoholic", "honk", "pucker", "vremove", "orange juice", "vhardship", "thrutch", "dring", "semi automatic", "difficult", "squeegee", "squeezes", "vput", "fee", "play", "fruit juice", "drink", "scruze", "scrouge", "squoosh", "squeezing", "squish", "crush", "tight", "ooch", "vpressure", "traversal", "trick", "spew", "bribe", "smush", "squashwikten 1", "vfit", "shingler", "passage", "unsqueezed", "hug", "unsqueezable", "grasp", "squeezer", "partner", "narrow", "thring", "nipwikten 3", "inscriptio", "cheesecloth", "thrusting", "shoehorn", "scrunch", "shingling", "squash", "opponent", "positio", "handwringer", "choke chain", "wringer", "clench", "vburde", "vscore", "compressor", "vtax", "squidge", "squeezed", "bunt", "discard", "squeezable", "middlema", "voppress", "pinch", "vharass", "squeezy", "comshaw", "china", "press", "squint", "please"], ["vinsertio", "cut and paste", "misenter", "tracheotomy", "inserting", "vput", "reinsertion", "interject", "copyright trap", "shoe wedge", "hook", "heel lift", "uninserted", "inset", "computer", "interleaf", "inserts", "rhineurynter", "exsert", "intromit", "upsert", "instructive", "tracheostomy", "hard code", "nasal tampon", "insistent", "bumpit", "permcath", "shirtfront", "velamentous", "fist fuck", "text", "keyhole", "ingress", "flashback", "overtype", "infuse", "inserter", "fuck", "cork borer", "cannulate", "two in pink one stink", "intercalant", "menstrual sponge", "retropose", "contraceptive sponge", "inserted", "inbreak", "insertion", "expressio", "flashforward", "infraclass", "spatchcock", "key", "insertio", "promotional", "image", "interjectio", "magazine", "shoehorn", "package leaflet", "interpone", "dna", "lampholder", "gerbil", "insertable", "split infinitive", "interlinear", "mode", "thrustinglyr", "interleave", "interpage", "frameshift mutation", "insertor", "newspaper", "paste", "gusset", "reinsert", "grout", "enclose", "hot swappable", "interlay", "futchel", "preinsert", "leaflet", "interchapter", "insertless", "cannula", "stake", "shoe lift", "french", "vinsertable", "subtrude", "plug", "put", "assemble", "grave"], [], [], ["neck", "rugby shirt", "vbind", "chai", "loss", "duplex nail", "vpreparatory", "dinner shirt", "turtleneck", "detachable", "parachute", "skivvy", "positio", "mandarin collar", "throat", "peter pan collar", "esophagus", "strike price", "vstring", "neck corset", "accolade", "lockbolt", "manteletta", "jacket", "collum", "henley", "mollusk", "harness", "vseize", "necklace", "collars", "collareth", "bomber jacket", "arrest", "mousquetaire", "choke collar", "call", "muley axle", "oligotrich", "draft animal", "rever", "garrotte", "oxbow", "dog tag", "quarter zip", "vplace", "bertha", "load", "cangue", "collared", "options", "collaring", "jougs", "varrest", "vgrab", "hanging loop", "uncollar", "piccadill", "carcanet", "t shirt", "neck yoke", "encircle", "becollared", "vdominant", "undercollar", "gorged", "middy blouse", "ringer t shirt", "full zip", "hangman's knot", "vneck", "kosovorotka", "spiffy", "meat", "collarest", "profit", "buster brown suit", "sheep bell", "vconversatio", "put", "point presser", "recollar", "vcapture", "chokestrap", "vpreempt", "trading", "collarette", "radiocollar", "collarless", "vcook", "garrote", "superhumeral", "gorget", "vdetai", "shirtdress", "half zip", "collarmaking", "vfit", "wor", "shirt", "girning", "uncollared", "collarmaker", "vsubmissive", "danton collar", "dog", "dogs", "shirts", "shirt neck", "stiff", "minister", "necks", "fraud", "ring", "buttons", "neck ring", "top", "shirt top", "yoke", "neck circle", "circle", "ofte", "often stiff", "ruff", "dog necklace", "dog necks", "on shirt", "leash", "starch", "for dogs", "popped", "call her", "pastor", "on shirts", "stay", "flea", "bell", "their necks", "their", "implement", "walking implement", "walking", "neck wear", "wear", "level", "neck level", "farmer", "dog fashio", "fashio", "size"], [], [], [], ["garroter", "suffocate", "trading", "strangled", "vstifle", "strangleth", "unstrangled", "strangulation", "options", "strangles", "asset", "strangulate", "strangulatio", "choke", "neck", "put", "payoff", "vthrottle", "vchoke", "vkill", "asphyxiate", "querk", "voxyge", "vthroat", "vsuffocate", "throttle", "stranglest", "stranglinglyr", "vstrangulate", "strangler", "vstrangulatio", "vsupply", "underlying", "strangling", "vsuppress", "strike price", "positio", "call", "bowstring", "choker"], [], ["distrusted", "distrusting", "cynicism", "misarchist", "vhave", "self distrust", "distrustless", "confidence", "distrustfulness", "mistrust", "distrusts", "fear and loathing", "distrustest", "vno", "paranoid", "misfaith", "vtrust", "vconfidence", "distrustful", "vput", "distruster", "suspect", "paranoia", "distrusteth", "trust"], ["vmisplace", "awrong", "aput", "auncomfortable", "adisoriented", "missing", "stray", "alost", "aplace", "found footage", "misplacedness", "lost"], ["regulation", "reregulate", "swell box", "vdictate", "cyclin", "female", "vruler", "twain", "modulate", "blue sky law", "adducin", "myelopoiesis", "central bank", "regulated", "beat time", "self regulatory", "vadjust", "allatoregulatory", "regulates", "air chamber", "misregulate", "haemoscope", "biological clock", "regulable", "vlaw", "vcontrol", "coregulator", "autoinhibition", "phospholamban", "familistery", "metalloregulator", "regulateth", "vregulatio", "stop valve", "regulational", "plant hormone", "tropic hormone", "microregulate", "angioregulatory", "aquapoline", "weir", "cellubrevin", "vparticular", "nonregulating", "thermoregulate", "telencephalization", "attemper", "vprinciple", "vput", "headgate", "channelopathy", "guanylin", "socinianize", "paullone", "cypin", "autoregulate", "police power", "rule", "vregular", "secretin", "granger law", "autoregulator", "male", "vorder", "immunomodulatory", "attemperator", "nucleostemin", "control", "canonical obedience", "cardioregulatory", "regulating", "electrolyte", "repressor", "vpolicy", "vascular endothelial growth factor", "coherin", "sumptuary law", "guard cell", "vrule", "dysregulation", "gaming board", "control joint", "riboregulator", "moka", "metabolostat", "token", "ectotherm", "moderator", "vtemperature", "vrequirement", "substation", "controller", "international humanitarian law", "attemperation", "pinchcock", "golli", "underregulated", "beth din", "overregulate", "tropomyosin", "cytokine", "constitution", "neurocircuit", "vdirect", "hairspring", "biological pump", "osmoregulate", "thermoeffector", "bioregulatory", "discretionary", "expression stop", "thyrocalcitonin", "vproper", "red letter law", "photoregulate", "clockweight", "vregulator", "counterregulation", "bioregulator", "vmechanism", "administer", "hyperregulate", "traffic warden", "hydrocortisone", "kanban", "transregulatory", "autoregulatory loop", "sterolin", "cis acting", "hemokinin", "taxer", "countwheel", "underregulate", "bioregulation", "bylaw", "glomus", "vspecificatio", "daminozide", "autoinhibit", "transregulate", "governor", "hypercognitive", "stanniocalcin", "anthropopeia", "regulatest", "alarmone", "coregulate", "dorsalin", "polo kinase", "vmaintai", "balance", "humidicrib", "web", "credentialism", "trans acting", "pendulum"], ["areliable", "aput", "atrial", "atake", "afirm", "alawcourt", "aprove", "atested", "vtry", "untried", "extradition"], ["phone", "telephone", "ring", "actio", "conversatio", "communicatio", "use", "shout", "someone", "phones", "telephone line artifact communicatio", "contact", "dial", "colum", "phone conversatio", "phone actio", "activity", "talking", "yell", "use phone", "phoning", "friend", "talk", "ringing", "name", "sessio", "telephone actio", "vcatch", "slow roll", "squawk", "insta call", "bidding box", "floor", "auction call", "miscall", "double", "craps", "threesies", "vraise", "yoo hoo", "galewikten 1", "pre hook", "aliyah", "crying call", "optionality", "beslave", "on hold", "on call", "invoker", "vname", "caller", "vpremium", "forecall", "bename", "vcraps", "becko", "throw dirt on", "vmatch", "in money", "cleardo ", "vbridge", "tintinnabulum", "vdirections", "flat call", "functional programming", "conference call", "ninesies", "vstate", "call up", "infinity box", "hight", "invocation", "call stack", "shift", "chutter", "role", "vbatsma", "deesis", "call on", "downcall", "advoke", "cell phone", "american bittern", "automatic", "behold", "callback"], [], ["source", "solid state", "active matrix", "push pull amplifier", "darlington", "modulatio", "drain", "put", "amplificatio", "silicon nitride", "moore's law", "integrated circuit", "switching", "transistorize", "emitter", "unijunction", "semiconductor", "signal", "dynamic random access memory", "transistors", "post transistor", "jfet", "transistorized", "collector", "spacistor", "vth", "stabilizatio", "transistorization", "pass transistor", "terminal", "device", "qfet", "bias", "transistorless", "voltage", "functio", "fet", "transistor radio", "nanotransistor", "ujt", "amplifier"], [], ["vput", "strip strategy", "putz", "ca"], [], ["bound", "muscle", "vclumsily", "bundler", "wase", "cauda equina", "nerve trunk", "vproduct", "sheaf", "yelm", "hemiblock", "vhastily", "vdispatch", "desmoid", "epitenon", "fibrocartilage", "vpile", "money", "wrap", "dorlach", "fascicled", "foistware", "bundlesome", "vhustle", "roving", "packet", "nonbundled", "organ of chievitz", "language", "sheafwiser", "cluster", "wrapping", "compresence", "directory", "vvictim", "rod", "package", "diadelphian", "harness", "bundling", "roll up", "microsupport", "myobundle", "wisp", "ballotine", "nerve", "thatching", "words", "glass rope", "bindlestiff", "medial lemniscus", "break out", "frequency", "stook", "lexical bundle", "anterior commissure", "filament tape", "vbundle off", "source code", "fibrescope", "fibre", "vsleep", "neurothekeoma", "bundleware", "vtie", "kidwikten 2", "vbed", "anticanonical", "bluey", "vquickly", "bibundle", "vform", "vsell", "restiform", "tying", "towwikten 2", "yarn", "nematodesmata", "bale up", "chunk", "windling", "tipple", "bavin", "vhardware", "epineurium", "vwrap", "bundled", "funiculus", "vpush", "vpeople", "eustele", "vcarry", "pack up", "sharpey's fibres", "ream", "k theory", "application bundle", "wispy", "tied", "distribution", "antibundling", "trunking", "vwarmly", "hexabundle", "bundle up", "rebundle", "carry", "vsoftware", "unbundle", "idiomatic", "vbundle up", "fascine", "arcuate fasciculus", "vdress", "pack in", "vput", "lacertus", "fascicle", "bab", "flowering tea", "vhurry", "together", "reamwikten 3", "yealm", "atactostele", "vundress", "knitch", "sequence", "edge protector", "amount", "wiring harness", "endogen", "hustle", "group", "interfascicular", "amphiaster", "feather duster", "diadelphous", "book", "bouquet", "wad", "joy"], [], [], ["experiment", "teething troubles", "atested", "acourt", "aunkno ", "atrial", "atried", "unsifted", "fledgling", "aput", "atake"]], "/r/UsedFor": [["eat to meet friends", "stay to keep belongings", "i", "eat to get food"], [], [], [], ["smell cognition communicatio", "telephone line artifact communicatio", "chain artifact contact", "link artifact contact"], ["gun artifact act"], [], [], [], [], [], ["parking structure", "parking lot", "frisbee", "parking area"], [], [], ["vice"], [], [], [], [], [], [], [], [], [], [], [], [], [], ["communicate", "contact", "cellular telephone artifact communicatio", "communicating", "cellular telephone artifact", "talking to friend", "telephone booth"], [], [], [], [], [], [], [], [], []], "/r/LocatedAt": [[], [], [], [], [], [], [], [], [], [], [], [], [], [], [], [], [], [], [], [], [], [], [], [], [], [], [], [], [], [], [], [], [], [], [], [], [], []], "/r/FormOf": [["places"], ["golfing", "golfed", "golfs"], [], ["placings", "vplace", "place"], ["connected", "connecting", "connects"], ["shots", "shotting"], [], ["beslippered"], ["disposest", "disposeth", "disposes", "disposed", "disposing"], ["labelling", "labell", "labels", "labelled", "labeling", "labeled"], [], ["parks", "parking", "parked", "bak", "parc"], [], [], ["squeezes", "squoze", "squeezest", "squeezed", "squeezing", "squeezeth", "squozen"], ["inserts", "inserted", "inserteth", "inserting", "insertest"], [], [], ["collars", "collareth", "collaring", "collared"], [], [], [], ["strangling", "strangleth", "stranglest", "strangled"], [], ["distrusting", "distrusteth", "distrusted", "distrustest", "distrusts"], ["vmisplace"], ["regulated", "regulates", "regulating"], ["vtry", "try"], ["calledst", "calls", "calling", "callest"], [], ["transistors"], [], ["put", "vput"], [], ["bundles", "bundled", "bundling"], [], [], []], "/r/IsA": [["college", "city", "bar", "bed", "pub", "moo", "university", "living room", "hawaii", "gym", "camp", " locatiovicinity locatio", "basement", " statesituation state", "colorado", "desert", "sanctuary artifact locatio", "postposition linguistics communicatio", "boatyard artifact locatio", "preposition linguistics communicatio", "utopia", "area", " statesocial station state", " locatiogeographical area locatio", "library", "level cognition cognitio", "war zone", "hatchery location locatio", " communicatioitem communicatio", "center location locatio", "room", " cognitiocognition", "vineyard", " statecondition state", "colony location locatio", "winery", " communicatiopassage communicatio", "niche state", "vilnius", "house", "somewhere go", "countryside", "beach"], ["expensive hobby", "sport", "healthy pastime", "clock golf act", " actoutdoor game act", "match play act", "round of golf act", "miniature golf act", "boring sport", "medal play act", "elitist sport", "professional golf act", "outdoor sport", "posh game", "another game can play", "popular sport for buisnessme", "played using golf clubs", "husband's favorite sport", "boring game", "diversion not sport", "passtime", "spectator sport", "activity", "expensive sport", "favorite pastime of middle class americans"], [], ["ordering"], [], [" artifactcharge artifact", " actblow act", "grapeshot artifact", " stateopportunity state", " actattempt act", " communicatioremark communicatio", "trapshooter person perso", "slapshot act", "headshot act", "bb artifact", "gunman person perso", " artifactsports equipment artifact", "cheap shot communication communicatio", "basketball shot act", "cheap shot act", "musket ball artifact", " artifactprojectile artifact", "bird shot artifact", "marksman person perso", " persoexpert perso", "treatment", "injectio"], ["generalship act", "pole position location locatio", "light cognition cognitio", "secretaryship act", "sainthood act", "center act sport", "right field act sport", "pastorship act", "mid on act sport", "missionary position attribute", "sinecure act", "precentorship act", "headship act", "caliphate act", "eldership act", "shortstop act sport", "room quantity attribute", "right location locatio", "residency act", "vanguard cognition cognitio", "public office act", "northernness attribute", "hot seat act", " locatiopoint locatio", "setting location locatio", "ambassadorship act", "lithotomy position attribute", "manhood act", "thaneship act", "consulship act", "southernness attribute", "cardinalship act", "decubitus attribute", "cleanup baseball sport", "posteriority quadruped attribute", "malposition attribute", "throne act", "second base act sport", " actoccupation act", "coincidence attribute", "plum act", "bailiffship act", "outwardness attribute", "proctorship act", "pride of place location locatio", "station navy locatio", "protectorship act", "forward act sport", "guard act sport", "asana hinduism attribute", "lineman american football sport", "pitch location locatio", "proconsulship act", "legation act", "guard attribute", "ballet position attribute", " attributebodily property attribute", "verticality attribute", "wardenship act", "chieftaincy act", "straddle cognition cognitio", "tribuneship act", "professorship act", "attorneyship act", "hard line cognition cognitio", "angular position linkdef attribute", "counselorship act", "placement attribute", "paradigm cognition cognitio", "back american football sport", "inwardness attribute", "futurism cognition cognitio", "judgship act", "mayoralty act", "rectorship act", "foremanship act", "captainship act", "feudal lordship act", "occlusion dentistry attribute", "vantage location locatio", "prefecture act", "primateship act", "magistracy act", "trusteeship act", "viziership act", "chaplaincy act", "regency act", "direction linkdef attribute", "rulership act", "bishopry act", "stance attribute", "marginality attribute", "horizontality attribute", "front location locatio", "weltanschauung cognition cognitio", "post location locatio", "womanhood act", "ectopia attribute", "sight cognition cognitio", "polls location locatio", "accountantship act", "apostleship act", "academicianship act", "associateship act", "overlordship act", "chairmanship act", "lead baseball locatio", "controllership act", "sprawl attribute", "eversion attribute", "apprenticeship act", "mastership act", "premiership act", "chancellorship act", "wing location locatio", "rabbinate act", "incumbency act", "curatorship act", "marshalship act", "wardership act", "directorship act", "preceptorship act", "speakership act", "vice presidency act", "inspectorship act", "point of view attribute", "internship act", "deanship act", " cognitioattitude cognitio", "cadetship act", "moderatorship act", "senatorship act", "mid off act sport", "presentation obstetrics attribute", "librarianship act", "commandership act", "point of view cognition cognitio", "solicitorship act", "emirate act", "instructorship act", "baronetage act", "back location locatio", "anteriority attribute", " cognitioorientation cognitio", "praetorship act", "lectureship act", "treasurership act", "center field act sport", "left location locatio", "anomaly astronomy locatio", "slot communication attribute", " attributerelation", "presidency act", "half mast location locatio", "lie location locatio", "pitcher act sport", "site location locatio", "lotus position attribute", "councillorship act", "goalkeeper act sport", "lieutenancy act", "custodianship act", "peasanthood act", "landmark location locatio", "order arms act attribute", "fatherhood act", "bird's eye view cognition cognitio", "prelacy act", "curacy act", "editorship act", "discipleship act", "juxtaposition location locatio", "third base act sport", "teachership act", " actassumption act", "left field act sport", "catcher act sport", "legislatorship act", "tuck sport attribute", "governorship act", "receivership act", "clerkship act", "studentship act", "stand location locatio", "gradient attribute", "khanate act", "first base act sport", "dead center attribute", "centrality attribute", "tilt attribute", "principalship act", "managership act", "messiahship act", "viceroyship act", "priorship act", " sportrole act", "admiralty act", "comptrollership act", "pose attribute", "stewardship act", "juxtaposition", "opencycanimal type by posturebody position"], [], [], ["gummed label communication communicatio", " communicatiomarker communicatio", "tag", "tag communication communicatio", " substanceradioisotope substance", " communicatiotrade name communicatio", " communicatiodescription communicatio", "title bar computer science communicatio", "opencyclabel iboportable object", "opencyclabel ibophysical information bearing object", "address label", "opencyclabel ibostructured information source", "visual labelopencyclabel ibo", "wpcomputer scienceprogramming language"], [], ["city park", "safari park location locatio", " locatiotract locatio", "amusement park location locatio", "national park location locatio", "state park", " artifactgear artifact", "village green location locatio", "usually in city", "skate park", "disneyland", "skatepark", "town square", "creek park", "siteopencycplace", "public park", "public property", "outdoor recreation area", "rest area", "one location where camping occurs", "amusement park", "battlefield park", "wilderness park", "disneyworld", "exmoor", "high linewpnew york city", "golden gate park", "central park", "chapultepec", "zealandiawpwildlife sanctuary"], [], [], ["extrusion act", " actcompression act", " eventmovement event", " persolover perso", " possessioloss possessio", "expression act", "pinch act", " actconstriction act", "cash squeeze"], [" communicatiosection music", " artifactartifact", "dickey artifact", "physical information bearing object", "portable object"], [], [], ["rabato artifact", " artifactband artifact", "choker artifact", " actrestraint act", "eton collar artifact", " artifactneckpiece artifact", "turtleneck collar artifact", " zoologyband attribute", "peter pan collar artifact", " artifacthoop artifact", "dog collar artifact", "clerical collar artifact", "part of garment", "button down collar"], [], [], [], [], [], ["suspicion attribute", " attributetrait attribute"], [], [], [], [" communicatiotelephone communicatio", " sportdecision act", "function call communication communicatio", "long distance communication communicatio", "system call communication communicatio", " communicatiodemand communicatio", " communicatiorequest communicatio", "local call communication communicatio", "collect call communication communicatio", "wake up call communication communicatio", "call back communication communicatio", " cognitioinclination cognitio", " actvisit act", "crank call communication communicatio", "round act", "call in communication communicatio", "recall communication communicatio", "conference call communication communicatio", " communicatioinstruction computer science"], [], ["field effect transistor artifact electronics", "p n transistor artifact electronics", " electronicssemiconductor device artifact", "bjt", "single gate transistor", "hbt", "fet", "semiconductoropencycsemiconductor device", "electronic component", "unijunction", "field effect transistor", "p mosfet", "transistor microelectronic"], [], [], [], ["swag artifact", "pack artifact", "bale artifact", " artifactpackage artifact", "native bundle", "fiber bundle"], [], [], []], "/r/PartOf": [[], [], [], [], [], [" artifactcase shot artifact"], [], [], [], ["jar"], [], [" locatiourban area locatio"], [], [], [], ["milling cutter"], [], [], [" artifactneck artifact", "facing artifact", "hame artifact"], [], [], [], [], [], [], [], [], [], [" communicatiocard game act"], [], ["collector artifact electronics", "emitter artifact electronics", "base electronics", "circuit", "elctronic device"], [], [], [], [], [], [], []], "/r/HasA": [[], [], [], [], [], [], [], [], [], ["most bottles"], [], [], [], [], [], [], [], [], [], [], [], [], [], [], [], [], [], [], [], [], [], [], [], [], [], [], [], []], "/r/CapableOf": [["anywhere"], [], [], [], ["cable"], ["mark beginning of race"], [], [], [], [], [], ["take precautions"], [], [], [], [], [], [], [], [], [], [], [], [], [], [], [], [], [], [], [], [], [], [], [], [], [], []], "/r/AtLocation": [["locatio", "map", "club chair", "anemone"], [], [], [], [], [], [], [], [], [], [], ["grass", "slide", "frisbees", "playground", "huma", "dog", "flowers", "squirrels", "birds", "families", "frisbee", "statue", "litter", "plants", "pigeons", "balls", "picnic tables", "swing set", "baseball", "apple tree", "animal", "swingset", "flower", "park ranger", "ficus", "pond", "baseball diamond", "rosebush", "park benches", "humans", "water fountai", "soccer field", "kids", "other people outside enjoying themselves", "chipmunk", "lake", "amphitheatre", "people jogging", "trash ca", "lost child", "gras", "tennis courts", "bank", "people walking dogs", "picnic table", "bench to sit o", "washroom", "merry go round", "children playing", "grass and trees", "kid", "animals", "green grass", "sand box for childre", "trees and grass", "hill", "benches to sit o", "person walking dog", "frisbee golf course", "recreatio", "picnic", "homeless people sleeping", "ducks", "playing fields", "creek", "canno", "tennis court", "squirell", "bums", "fox", "squirrel", "drunk", "floweres", "basketball", "oak trees", "snake", "ant", "leaves", "garde", "railing", "roller bladers", "jugglers", "play area", "dog poop", "tennis game", "rubbish", "toy balloo", "relaxatio", "paths", "beaver", "endangered plant species", "homeless perso", "monkey bars", "person doing jogging", "trash receptacle", "play equipment", "space to run and play", "sandbox", "sports", "drug addict", "trash cans", "park bench", "grassy fields", "bear", "stranger", "woods", "trees with benches under", "pets", "people with dogs", "swimming pool", "dogs catching frisbees", "brook", "birthday parties", "cop", "lots of trees and grass", "play ground", "chess board", "rings", "parkbench", "drive", "alcoholic", "vegetatio", "senior", "weeds in grass", "joggers", "shade tree", "food", "stones", "green space", "flora and fauna", "play equipement", "acorn on ground", "flower bed", "people walking", "bicycle", "fresh air", "skateboarder", "bicycles", "pigeo", "koala", "court", "runners", "slides", "people playing baseball", "pine tre", "hot dogs", "walking trails", "play things", "scenery", "bee", "teeter totter", "gazelle", "people relaxing", "barbecues", "kite", "speed walker", "dirty old men on benches", "group gatherings", "shrubs", "sliding board", "shade", "chipmunks", "icecream wago", "dogs", "bike path", "children playing and laughing", "pigeon poop", "parking lot", "carnival", "squash court", "endangered species", "cat"], [], [], [], [], [], [], ["small dog"], [], [], [], [], [], [], [], [], [], ["answering machine"], [], [], [], [], [], ["cord", "flooring"], [], [], []], "/r/HasProperty": [[], [], [], [], [], [], [], [], [], [], [], ["dark"], [], [], [], [], [], [], [], [], [], [], [], [], [], [], [], [], [], [], [], [], [], [], [], [], [], []], "/r/CreatedBy": [[], [], [], [], [], [], [], [], [], [], [], [], [], [], [], [], [], [], [], [], [], [], [], [], [], [], [], [], [], [], [], [], [], [], [], [], [], []], "/r/Synonym": [["v creatioset creatio", "come out cognition cognitio", "v cognitiorate cognitio", "v competitiostation competitio", " locatiohome locatio", "property location locatio", " communicatiospace communicatio", " locatioposition locatio", " dramaturgyseat dramaturgy", " locatioplaza locatio", "v contactput contact", "v possessiolocate possessio", "shoes state", "locatio", "put cognition cognitio", "localize stative", "localise stative", "station state", " actstead act", "v possessioinvest possessio", "v competitiotarget competitio", "v cognitioidentify cognitio", " actposition act", "set cognition cognitio", "position communication communicatio", "location", " locatiotopographic point locatio", "come in cognition cognitio", "plaza", "digit"], ["golf game act", ""], [], [], ["link stative", "tie contact", "unite stative", "v cognitioassociate cognitio", "v socialget in touch social", "join stative", "link up stative", "v contactplug in contact", "link up contact", "link contact", "connect up", "attach", "join", "plug in", "fasten", "conjugate", "vconjugate", "vjoi"], ["slam communication communicatio", "crack state", "shaft communication communicatio", "pellet artifact", " cognitioguess cognitio", "barb communication communicatio", "gibe communication communicatio", " artifactsnapshot artifact", " sportstroke sport", "shooter person perso", " actshooting act", "dig communication communicatio", "jibe communication communicatio", "stab act", "a iridescent ", " actinjection act", " communicatioscene communicatio", " actblastoff act", " quantitynip quantity", "injectio", "peg", "injection"], ["berth act", " actplacement act", "stance cognition cognitio", "post act", "situation act", "perspective cognition cognitio", " actstead act", "view cognition cognitio", " communicatioplace communicatio", "spatial relation attribute", "place act", "attitude attribute", "v contactput contact", "posture attribute", " statesituation state", " communicatioside communicatio", "posture cognition cognitio", " statestatus state", " militarymilitary position military", "place location locatio", "spot act", "office act", "billet act", "vstell", "appointment"], [], ["v possessiodiscard possessio", "incline cognition cognitio", "v changequalify change", "arrange", "vincline", "discard", "distribute", "cast away", "throw away", "vdiscard"], ["recording label communication communicatio", "v communicatiopronounce communicatio", "v contacttag contact", "tag", "vtag", "pigeonhole", "vcategorise", "wpcomputer sciencewpcomputer science", ""], [], ["commons location locatio", "common location locatio", "green location locatio", " persomungo park perso", " locatioparking lot locatio", "parkland location locatio", " baseballballpark baseball", "garden", "courtyard", ""], [], [], [" actpower play act", "v contactcompress contact", "v contactpinch contact", "v contactsquash contact", "v motiothrust motio", "wring event", "v possessioextort possessio", "v contactwedge contact", "v contactembrace contact", "squeezing act", "v socialcoerce social", " acthug act", " statecredit crunch state", "gripe", "squash", "squeeze play"], ["v communicatioslip in communicatio", "enclose change", " filmcut in film", " broadcastingcut in broadcasting", "stick in change", "put in change", "inset artifact", "interpose", "introduce change", "enter contact", "infix contact", "introduce contact", "inclose change", "v contacttuck contact", "venter", "interject", "introduce"], [], [], ["pick up contact", "neckband artifact", "apprehend contact", "nab contact", " artifactchoker artifact", " actapprehension act", "cop contact", "leash act", "nail contact", "arrest contact", " artifactshoe collar artifact", "frog hair", "wpclothingwpclothing"], [], [], [], ["v contactsmother contact", "v bodygag body", "strangulate contact", "v bodychoke body", "throttle contact", "v changehamper change", "choke", "vstrangulate"], [], ["distrustfulness attribute", "mistrust attribute", "suspect cognition cognitio", "vmistrust", " cognitiomisgiving cognitio", "mistrust cognition cognitio", "mistrust", "untrust", "suspect", "wantrust", ""], ["mislaid a "], ["govern social", "order social", "modulate change", "regularize social", "v changebaffle change", "v cognitiodetermine cognitio", "regularise social", "regularize"], ["a tried and true ", "a well tried "], ["call off motion motio", "call up telephone", " actcall option act", "v communicatioshout communicatio", " communicatiocry communicatio", "v communicationame communicatio", "telephone call communication communicatio", "ring up", "v socialaddress social", "phone call communication communicatio", "v card gamebid game", "claim communication communicatio", "ring telephone", "v socialvisit social", "telephone", "send for communication communicatio", "telephone", "call in possession possessio", "phone telephone", " communicatiomargin call communicatio", "v communicatiopredict communicatio", " communicatiobirdcall communicatio", "drop someone line", "invoke"], [], ["electronic transistor electronics", "junction transistor electronics", ""], [], [], [], ["practice bundling body", "roll up contact", "v contactbunch contact", "v contactpack contact", " grouppackage group", "bundle up contact", "sheaf artifact", " possessiopile possessio", "package", "parcel"], [], [], ["a untested ", "untested a "]], "/r/LocatedNear": [[], [], [], [], [], [], [], [], [], [], [], [], [], [], [], [], [], [], [], [], [], [], [], [], [], [], [], [], [], [], [], [], [], [], [], [], [], []], "/r/SimilarTo": [[], [], [], [], ["vattach"], ["snapshot"], [], [], [], ["vpigeonhole"], [], [], [], [], [], [], [], [], [], [], [], [], [], [], [], ["lost a ", "disarranged a ", "a lost ", "a disarranged "], [], [], [], [], ["diode", "vacuum tube"], [], [], [], ["bale"], [], [], ["new a ", "a new "]], "/r/MadeOf": [[], [], [], [], [], [], [], [], [], [], [], [], [], [], [], [], [], [], [], [], [], [], [], [], [], [], [], [], [], [], [], [], [], [], [], [], [], []], "/r/ReceivesAction": [[], ["played outdoors"], [], [], [], ["somebody"], [], [], [], [], [], [], [], [], [], [], [], [], [], [], [], [], [], [], [], [], [], ["courtroom where suspects", "court where criminals", "in courts people's law cases"], [], [], [], [], [], [], [], [], [], []]}, "/r/UsedFor": {}, "/r/LocatedAt": {}, "/r/FormOf": {"/r/RelatedTo": [["vput", "strip strategy", "putz", "ca"], [], ["fire brigade", "vwiktfr 1put", "crazy golf", "deployment", "wikten 2putt", "verballing", "fire department", "frog hair", "joi", "apply", "plate", "lay", "fill", "drop", "dress", "price", "stitch", "pour", "place", "account", "nest", "table", "butter", "wear", "carry", "build"], []], "/r/UsedFor": [[], [], ["club"], []], "/r/LocatedAt": [[], [], [], []], "/r/FormOf": [["put", "vput"], ["vput"], ["put", "puttings"], ["vput"]], "/r/IsA": [[], [], ["elevator ridingopencycputting somewhere", "putting into elseopencycputting somewhere", "opencycputting somewherecomplete translation", "dismountingopencycputting somewhere", "opencycputting somewhereguiding", "physical collecting eventopencycputting somewhere", "desktop monitor placementopencycputting somewhere", "imbricatingopencycputting somewhere", "putting onto elseopencycputting somewhere", "taking out garbageopencycputting somewhere", "positioningopencycputting somewhere", "administering drugopencycputting somewhere", "sitting do nopencycputting somewhere", "opencycputting somewherechange of location", "pilingopencycpiling putting somewhereopencycputting somewhere", "smugglingopencycputting somewhere", "loadingopencycputting somewhere", "getting dressedopencycputting somewhere", "replacement eventopencycreplacing objectopencycputting somewhere", "opencycputting into certain statebecoming", "hangingopencycputting somewhere"], []], "/r/PartOf": [[], [], [], []], "/r/HasA": [[], [], [], []], "/r/CapableOf": [[], [], [], []], "/r/AtLocation": [[], [], [], []], "/r/HasProperty": [[], [], [], []], "/r/CreatedBy": [[], [], [], []], "/r/Synonym": [[], [], [" actputt act"], []], "/r/LocatedNear": [[], [], [], []], "/r/SimilarTo": [[], [], [], []], "/r/MadeOf": [[], [], [], []], "/r/ReceivesAction": [[], [], [], []]}, "/r/IsA": {}, "/r/PartOf": {}, "/r/HasA": {}, "/r/CapableOf": {}, "/r/AtLocation": {}, "/r/HasProperty": {}, "/r/CreatedBy": {}, "/r/Synonym": {"/r/RelatedTo": [[], [], [], [], [], [], [], [], [], [], [], []], "/r/UsedFor": [[], [], [], [], [], [], [], [], [], [], [], []], "/r/LocatedAt": [[], [], [], [], [], [], [], [], [], [], [], []], "/r/FormOf": [[], [], [], [], [], [], [], [], [], [], [], []], "/r/IsA": [[], [], [], [], [], [], [], [], [], [], [], []], "/r/PartOf": [[], [], [], [], [], [], [], [], [], [], [], []], "/r/HasA": [[], [], [], [], [], [], [], [], [], [], [], []], "/r/CapableOf": [[], [], [], [], [], [], [], [], [], [], [], []], "/r/AtLocation": [[], [], [], [], [], [], [], [], [], [], [], []], "/r/HasProperty": [[], [], [], [], [], [], [], [], [], [], [], []], "/r/CreatedBy": [[], [], [], [], [], [], [], [], [], [], [], []], "/r/Synonym": [[], [], [], [], [], [], [], [], [], [], [], []], "/r/LocatedNear": [[], [], [], [], [], [], [], [], [], [], [], []], "/r/SimilarTo": [[], [], [], [], [], [], [], [], [], [], [], []], "/r/MadeOf": [[], [], [], [], [], [], [], [], [], [], [], []], "/r/ReceivesAction": [[], [], [], [], [], [], [], [], [], [], [], []]}, "/r/LocatedNear": {}, "/r/SimilarTo": {"/r/RelatedTo": [[]], "/r/UsedFor": [[]], "/r/LocatedAt": [[]], "/r/FormOf": [[]], "/r/IsA": [[]], "/r/PartOf": [[]], "/r/HasA": [[]], "/r/CapableOf": [[]], "/r/AtLocation": [[]], "/r/HasProperty": [[]], "/r/CreatedBy": [[]], "/r/Synonym": [[]], "/r/LocatedNear": [[]], "/r/SimilarTo": [[]], "/r/MadeOf": [[]], "/r/ReceivesAction": [[]]}, "/r/MadeOf": {}, "/r/ReceivesAction": {}}}, "": {"N1": {"/r/RelatedTo": ["windowdoor", "worklabor", "butchermeat", "gallomeasure", "woundgash", "punishmentcrime and", "chickelaying", "thricerthree", "informed educated ", "closed obstructed ", "transpondianrightpondia", "mystifymystery", "audiovisualsaudiovisual"], "/r/UsedFor": ["flash artifactlight physics", "string bassplaying music"], "/r/LocatedAt": [], "/r/FormOf": ["air burstsair burst", "pot belliespot belly", "cross sectionscross sectio"], "/r/IsA": ["suburb locatioresidential district locatio", "western skink animalskink animal", "inertial mass physicsmass attribute", "leading man persoactor perso", "occasion timetime time", "tree toad animalfrog animal", "petaurista animalmammal genus animal", "torch singer persosinger perso", "drop arch artifactpointed artifact", "rottenstone substancelimestone substance", "scorpionfish animalscorpaenid animal", "temporary hookup artifactconnection artifact", "acrylic fiber substanceman made substance", "dependence statestate ", "overhand pitch actpitch baseball", "american spikenard plantsubshrub plant", "hedonist persosensualist perso", "homecoming actreunion act", "aldrovanda plantdicot genus plant", "ambystomatidae animalamphibian family animal", "assist ice hockeymaneuver act", "tithe barn artifactbarn artifact", "hypsometer artifactaltimeter artifact", "papyrus communicatiodocument communicatio", "cacodyl substancegroup chemistry", "penance actsacrament act", "rule of evidence lawrule communicatio", "usherette persousher perso", "hooks bodyhand body", "bilabial communicatiolabial consonant communicatio", "kurdish communicatioiranian communicatio", "theism cognitioreligion cognitio", "aristocrat persoleader perso", "bundesbank groupcentral bank group", "skirtform of female attire", "yardarm artifactend locatio", "supreme court lawfederal group"], "/r/PartOf": ["satachristian myth", "old testament communicatiobible communicatio", "styloid process bodytemporal bone body", "voider artifactbody armor artifact", "tower of london artifactlondon locatio"], "/r/HasA": ["baywater"], "/r/CapableOf": ["blanketscover bed", "chefbone chicke", "authorswrite books"], "/r/AtLocation": ["windowhouse", "dustcarpet", "action figuretoy department", "barbershopmall", "mouselab maze"], "/r/HasProperty": [], "/r/CreatedBy": [], "/r/Synonym": ["hawaiian honeycreeper animalhoneycreeper animal", "thing cognitiomatter cognitio", "dprk locationorth korea locatio", "gas tight air ", "get into possessioget in possessio", "west persocicily isabel fairfield perso", "sapindus drumondii plantwild china tree plant", "abls communicatiobachelor of arts in library science communicatio", "homburg artifactfedora artifact", "choking coil artifactchoke artifact", "sewerage artifactsewer artifact", "fish bowl stategoldfish state", "caddy golfcaddie golf", "moray eel animalmoray animal", "family zygnemataceae animalzygnemataceae animal", "severity attributeaustereness attribute", "hors d oeuvre foodhors food", "chukka artifactchukka boot artifact", "immunise competitioimmunize competitio", "kindling pointautoignition temperature", "corruptlyr corruptedlyr ", "lazy faineant ", "copernicia prunifera plantcarnauba plant", "log z's bodysleep body", "sworn pledged ", "palestine authority grouppalestine national group", "polyodon spathula animalpaddlefish animal", "linnaea borealis americana plantamerican twinflower plant", "stylise artstylize art", "thank youthank you very much", "infirm decrepit ", "uriniferous tubule bodynephron body", "passing actpassage act", "rio nunez coffee plantrobusta plant", "experimentation cognitioexperiment cognitio", "powerful knock do a ", "lichgate artifactlychgate artifact", "take advantage socialtrespass social", "pyrethrum plantpainted daisy plant", "take turns changealternate change", "water level locatiowaterline locatio", "fuddle stateclutter state", "insisting communicatioinsistence communicatio", "vibrate perceptioresonate perceptio", "viridity attributegreen attribute", "yarn dye changeimpress change", "balaenoptera borealis animalsei whale animal", "electron orbit locatioorbit locatio", "lillie persobeatrice perso"], "/r/LocatedNear": [], "/r/SimilarTo": ["large leafed leafy ", "captious critical ", "exaggerated increased ", "effective militaryoperational military", "tasty winey ", "fast breaking news article", "second rate inferior ", "disputatious argumentative ", "private nonpublic ", "coated glazed ", "free clear "], "/r/MadeOf": [], "/r/ReceivesAction": []}, "N2": {}}}