{"read": {"N1": {"/r/RelatedTo": ["book", "books", "actio", "activity", "reading", "illiteracy", "playreader", "throw away", "bath book", "closet drama", "drag", "unreadability", "readworthy", "playreading", "hate read", "cassette drive", "crabbed", "vsignificance", "check over", "vwritte", "click of death", "meterman", "write only", "readability", "abibliophobia", "cyberpathy", "vdata", "readen", "peruse", "message board", "vicarious", "tetralingual", "preliterate", "read along", "vthought", "spin up", "dvd rom", "illiterate", "literate", "general studies", "arread", "skim through", "transport", "lector", "reads", "sound head", "trilingual", "reading material", "vtransgender", "discard", "bulletin board", "reread", "subread", "copyread", "skim read", "preread", "cross reading", "proof reader", "read only", "vintentio", "internet forum", "literacy", "speed reading", "readthrough", "speedread", "nonreading", "vinfer", "unclear", "crack open", "hyperreader", "mirandarize", "chipscanner", "reader", "vmeaning", "drive", "readahead", "heartbleed"], "/r/UsedFor": ["literature", "article in magazine", "table", "article in newspaper", "half glasses", "stall", "light source"], "/r/LocatedAt": [], "/r/FormOf": ["reads", "readed", "reading", "readest"], "/r/IsA": [" communicatiopublication communicatio", "novel"], "/r/PartOf": [], "/r/HasA": [], "/r/CapableOf": ["most people", "invalid", "u"], "/r/AtLocation": ["mail box"], "/r/HasProperty": [], "/r/CreatedBy": [], "/r/Synonym": ["v cognitiounderstand cognitio", "show communication communicatio", "v cognitiolearn cognitio", "register communication communicatio", "scan cognition cognitio", "say stative", "record communication communicatio", "v cognitiotake cognitio", "vcopy", "vlear", "vread out"], "/r/LocatedNear": [], "/r/SimilarTo": [], "/r/MadeOf": [], "/r/ReceivesAction": ["books", "newspaper", "papers", "if written the", "pages of book", "words printed in book", "self improvement book", "blood"]}, "N2": {"/r/RelatedTo": {"/r/RelatedTo": [["page", "reading", "dictionary", "pages", "story", "library", "cover", "paper", "read", "character", "material", "reading material", "novel", "bound", "chapters", "writing", "tome", "bookbinding", "many pages", "libraries", "literature", "printed", "bound pages", "author", "reading thing", "has", "volume", "text", "magazine", "spine", "editio", "readable", "inspirational", "control number", "slip case", "thriller", "needlebook", "flora", "hymnbook", "cul de lampe", "endboard", "scientibook", "rising action", "lawbook", "stichomancy", "antidotary", "bath book", "table of contents", "bibliomancy", "coucher", "pulp", "wikten 1textbook", "preface", "hatedom", "register", "blurb", "doublure", "block book", "handwrit", "frontispiece", "denet", "hereinafterr", "pillowbook", "pop up", "bibliophilism", "polygraphy", "booked", "catch title", "joke book", "semidocumentary", "photoguide", "audience", "gathering board", "expurgate", "postiller", "shopbook", "sketch pad", "father tongue", "booksy", "bibliophile", "church service", "bibliophobe", "lexiconophilia", "octateuch", "bookware", "bookwork", "loose leaf", "herdbook", "benedictional", "public bookcase", "phrasebook", "idiomelon", "self pronouncing", "booklike", "copy", "well thumbed", "cross reference", "bookland", "stichometry", "potterite", "book learning", "whereinbefore", "cunabula", "antibook", "top shelf", "megabook", "factbook", "scrapbook", "reback", "biblioclast", "backlining", "incunabulum", "consuetudinary", "bookbindery", "torah", "book drop", "rag book", "text hand", "flyleaf", "opisthograph", "book token", "codex", "blockbuster", "bookselling", "breviary", "tally trade", "grolieresque", "french flap", "workbook", "cabinet edition", "puya", "arming press", "caxton", "etymologicon", "allegory", "doorstopper", "lexiconophilist", "responsorial", "paperbacker", "recase", "referee", "epistle", "paperbound", "classmark", "bookmaker", "reading list", "bookhound", "vwikten 2cautio"], ["reading", "page", "library", "literature", "writing", "paper", "read", "story", "print", "character", "cover", "history", "word", "gastroporn", "hogwarts", "bookshelf", "book", "stack", "book keeping", "bookhouse", "book ridden", "refereed", "bibliomystery", "bibliophobia", "mediasphere", "due", "author", "locker", "dictionary", "title", "school", "letter", "poetry", "paragraph", "office", "audit", "gospel", "add", "opinio", "lear", "abridgement", "content", "begi", "write", "desk", "colony", "mystery", "fantasy", "margi", "case", "sheet"], ["action"], ["play", "reading", "game", "swim", "dance", "camp", "sleep", "work", "exercise", "writing", "climb", "ru", "drive", "read", "dream", "inactive", "active", "party", "call", "wash", "drink", "rest", "ride", "hyperactive", "dabble", "tilt at windmills", "girl guiding", "chesterfield rugby", "risk assessment", "carry on", "emerging market", "marathon", "tombstoner", "locality", "reptilase", "subactivity", "youthquake", "anthrosol", "normoactive", "prospective", "hormone", "mechanogram", "cootie catcher", "dojowikten 1", "immunoprotein", "epicentre", "depressing", "tidemark", "two minute silence", "cybersurveillance", "ghost to ", "word association", "m\u00e9tier", "shape up or ship out", "futilitarianism", "actimeter", "cage diving", "conversation piece", "vested interests", "frenzy", "yak shaving", "time killer", "underactivity", "hypermetabolism", "muscle memory", "electrospinography", "piece of cake", "consensual crime", "fast lane", "stagnate", "microlearning", "bungee jumping", "parahawking", "anitrazafen", "disentrainment", "antiepileptogenesis", "phoney war", "masturbation", "staff function", "love scene", "activity trap", "inaction", "revitalise", "bioavailability", "rigmarole", "schedule", "polyphasic", "eustasy", "good time", "mechanotransduction", "dice with death", "multiactivity", "fits and starts", "activate", "same old", "profession", "superactivity", "intellection", "electroantennography", "effortfulness", "boondoggle", "gd", "co", "neurometrics", "collection", "electrocochleography", "sactibiotic", "actometry", "gunzel", "rest day", "acheron fossae", "verticillatine", "headquarters", "commuterdom", "retrospective", "pet project", "energy", "lupanarian", "fun", "spoils of war", "timepass", "in bed", "entertainment", "court of honor", "headstage", "call sign", "space agency", "movement", "white heat", "activeness", "space walk", "polysomnogram", "timeline", "microtremor", "indian summer", "virtual sex", "neuromimetic", "bobbol", "apgar", "rockpooling", "mutual masturbation", "workout", "canadiana", "spasm", "passion pit", "call it day", "rat race", "quiesce", "narrowboating", "wet blanket", "focal point", "neurofeedback", "part time", "slow", "quickness", "playsong", "tax break", "opening of envelope", "cerebroelectrical", "hypercognitive", "osmosensor", "gorge walking", "timesuck", "presence", "cytoactivity", "business", "putter around", "flurry", "make pass at", "dynamism", "neurocircuit", "dominant", "sexy times", "quiet", "activity stream", "bioassay", "session", "pharmacophore", "hectivity", "pleasure", "parasailing", "pgo", "entrepreneur", "sprint", "smutfic", "skulduggery", "amateur hour", "bedmatics", "oversensing", "ratiocination", "microlighting", "electroplay", "gear up", "sercon", "thespianism", "brain dead", "tidepooling", "gastroprotection", "iva", "task force", "a", "locus", "hit ground running", "biotest", "bustlesome", "pollute", "actogram", "slump", "athletics", "eventful", "how sausage gets made", "give over", "derdeba", "busy work", "easter egg hunt", "song and dance", "cybermartyr", "outburst", "cool off", "conglomerate", "fuss", "safe sex", "pre mechanization", "sexy time", "actiwatch", "activities", "actual", "ambulometer", "tachygastria", "water fight", "inertion", "partner", "front row", "bustle", "punding", "fandom", "hectic", "churn", "only game in to ", "metaplasticity", "procreation", "kidult", "hustly bustly", "production", "province", "isobologram", "occupation", "actimetric", "contributor", "art form", "magnetoencephalography", "don't hate player game", "anestrum", "dowless", "jump rope", "electrography", "youth center", "overrested", "political asylum", "desistence", "electrodiagnosis", "signature strike", "coherin", "dyke out", "scholarship", "normogastria", "trigpointing", "open season", "bustling", "teambuilding", "micropeptide", "band camp", "tonguage", "antigonadotropin", "sleep mode", "autoerotica", "like for sales", "five finger exercise", "polyethism", "domain", "diversion", "normoactivity", "visuomotor", "active ingredient", "intelligence", "epiphenomenon", "overprogrammed", "cyberpiracy", "electroencephalogram", "tropic hormone", "piffy on rock bun", "front", "goer", "sidetrack", "minac", "biopharmaceutics", "cook up storm", "napoleon", "acromegaly", "climate denialism", "make it rain", "tutelary deity", "yachting", "blobbing", "heliomagnetism", "neurogram", "incidental expense", "canoe camping", "warm up", "timecourse", "monocyclic", "information society", "cryptobiosis", "make work", "fall to", "living room", "get down with", "inertness", "vibrant", "subactive", "standard electrode potential", "neuroactivity", "electroencephalography", "enzyme inhibitor", "hot spot", "sympathomimesis", "program", "senior patrol leader", "get amongst it", "seropositioning", "sexless", "mind numbing", "electrogram", "layperson", "get down to business", "electroantennogram", "solfatara", "social lubricant", "kinocentrum", "quantification", "proprietary trading", "voyeur", "upswing", "gambling", "sex drive", "antipolitics", "hacky sack", "lose one's life", "action movie", "community service", "action", "anthropocene", "decline", "societal", "pixel tracking", "icebreaker", "mover and shaker", "questivity", "functional magnetic resonance imaging", "depressant", "neurodynamics", "detention warrant", "crimebuster", "rushing", "balls about", "patron saint", "promote", "whole shooting match", "recession", "kloofing", "artist", "nonactivity", "good to go", "sin tax", "actio", "bereitschaftspotential", "hypocrisy", "activationist", "brain death", "dixel", "fast times", "light up", "sexuality", "selfcest", "alarums and excursions", "genderism", "metalloenzyme", "budget", "babeldom", "actimetry", "bump and grind", "command performance", "overactivity", "neuromyotonia", "architourist", "hyperestrogenism", "sublimate", "environmentalism", "insulinotropic", "epistemological", "party and play", "undersexed", "journalism", "pursuit", "sleep spindle", "hobbyist", "crafternoon", "continence", "fanhood", "gafia", "center", "enlightened", "procrasturbation", "effort"], ["book", "books", "activity", "actio", "looking", "writing", "book activity", "library", "using", "hobby", "read", "literature", "perusing", "school", "book actio", "understanding", "story", "pages", "learning", "gerund", "informatio", "using books", "studying", "crowdsensing", "varifocal lens", "review", "reading material", "extent", "skim", "lexie", "berkshire", "berks county", "michiga", "bibliophobe", "performance poetry", "whitley", "pointer", "speedreading", "county seat", "tarotist", "ohio", "purley", "athenaeum", "bibliophagy", "kumon method", "readee", "kabballah", "bradylexia", "read up", "dyslexia", "kansas", "simchat torah", "daily devotional", "conflation", "polite literature", "word method", "millivoltmeter", "unreadability", "newsreading", "bifocals", "misreading", "liturgy of hours", "anagnosasthenia", "roll call", "rauding", "smart meter", "interferant", "pseudohypertension", "massachusetts", "vread", "book learning", "interpretatio", "rereading", "dittology", "airport fiction", "bookish", "perlection", "nonreading", "minnesota", "phonics", "new york", "audiobook", "ashcroft", "to ", "collation", "vermont", "twaddell hydrometer", "earley", "england", "prelection", "pennsylvania", "tilehurst", "peruse", "scanning", "book looking", "page", "use", "skill", "act", "educational", "text", "eye", "viewing", "subject", "look", "understanding books", "eyes", "using book", "knowledge", "newspaper", "literacy", "quiet activity", "quiet", "note", "absorbing", "for books", "libraries", "peruse book", "time", "library activity", "with book", "skimming", "related", "perusing book", "leisure activity", "leisure", "school activity", "looking book", "in book", "obtaining", "obtaining informatio", "school subject", "magazine", "do", "comprehensio", "ope", "pastime", "communicatio", "writing arithmetic", "arithmetic", "fu", "study", "seeing", "purpose", "getting", "with books", "visual", "process", "enjoying", "enjoying books", "digesting", "use book", "degree", "looking at", "turning pages", "turning", "weight", "consumptio", "book consumptio", "looking books", "skimming pages", "glasses", "use books", "bookstores", "view", "paper", "like", "see", "scanning book", "light", "gathering", "book purpose", "performance", "educational actio", "books ope", "news", "gaining", "absorbing book", "gaining knowledge", "look book", "getting informatio", "with eyes", "doing", "doing books", "related books", "book viewing", "magazines", "books magazines", "past", "past time", "book understanding", "about books", "about", "educational activity", "book related", "deciphering", "deciphering writing", "use eyes", "eye activity", "do book", "desk", "what you", "what", "digesting books", "viewing books", "seeing books", "entertainment", "reciting book", "reciting", "viewing text", "learning things", "do whe", "whe", "book using", "watching", "visual activity", "railroad", "insides", "book insides", "literacy activity", "lens", "comprehend", "comprehend book", "consume book", "consume", "enjoy", "enjoy book", "fundamental", "enjoyable", "visual comprehensio", "fiction fa", "eye actio", "fictio", "fa", "utilizing", "educatio", "leisurely", "consuming", "leisurely activity", "consuming book", "utilizing book", "illiteracy", "understanding book", "apprehending", "apprehending book", "pressure", "finishing", "finishing books", "learning book", "seeing book", "observing books", "observing", "parsing", "blanking", "blanking books", "parsing books", "necessary", "useful", "book knowledge", "absorbing text", "book perusing", "turn page", "like writing", "and writing"], ["illiterate", "read", "literate", "inability", "aliteracy", "analphabetism", "write", "innumeracy", "literature", "unletteredness", "illiterature", "alphabetism", "illiteracies", "cant read", "cant", "unreadable", "can not", "not", "ca", "cannot read", "cannot", "reading", "reading inability", "uneducated", "ill", "schools"], ["read", "stage", "script", "play"], [], [], [], ["worm", "dragginglyr", "aerospike", "vwikten 1roast", "waverider", "skidpan", "critical angle", "snap inhale", "vwikten 1harrow", "draw", "hydrofoil", "aerodynamicallyr", "droppable", "wikten 1dress", "lug", "supercavitation", "kitewikten 1", "redrag", "d alembert's paradox", "sound barrier", "left drag", "drawl", "drag and drop", "reef rash", "decay", "bricole", "crawlwikten 1", "bio queen", "fairing", "vwikten 1dragnet", "lift to drag ratio", "wikten 1mold", "dragsman", "dragger", "updrag", "tug", "boattail", "windage", "aerobrakingwikten 1", "vwikten 1medium", "drag quee", "undertow", "microdrag", "terminal velocity", "dragadiddle", "drag act", "winglet", "streak plate", "wikten 2costume", "transverse flow effect", "keelhaul", "vwikten 1surface", "cumbersome", "wikten 1main drag", "dragless", "sentry", "wikten 1shoe", "dragged", "matchboard", "skid", "aquadynamic", "diddle", "shambling", "sledgewikten 2", "dragging", "read", "antidrag", "wikten 1cope", "trawling", "hersage", "undragged", "queen up", "aerodynamic", "undock", "right drag", "crossplay", "schlep", "wikten 2occupatio", "area rule", "pull", "tow", "bore", "haul"], ["read", "reading"], ["aread"], ["act", "aloud", "read", "play"], [], [], ["crabbedness", "frabbit", "aread", "atogether", "adifficult", "abent", "grimaced", "crabby", "abad tempered", "acantankerous", "vcrab", "crabbedlyr", "acramped"], [], [], [], [], ["meter", "occupatio", "read", "adjust"], [], ["legibility", "readableness", "refactorization", "read", "unreadable", "easy", "readable", "engaging", "refactor"], ["abibliophobias", "read"], ["empathy", "software", "psychic", "cyberpath", "cyberpathic", "read", "biopathy", "telepathy", "control", "electronic", "signals", "machinery"], [], ["vread"], ["perusal", "perusest", "perusing", "vlook over", "vread", "websurf", "unperused", "vskim", "vwander", "peruseth", "perused", "peruses", "vconsider", "examinatio", "perusable", "vexamine", "vperusal", "reperuse", "peruser", "reading", "read"], [], ["nonvicarious", "vicarial", "aread", "regent", "avicariously", "awatch", "aexperience", "xenomenia", "vicariation", "adelegate", "aon behalf of", "vicariousness", "omnivicarious", "avicar", "agai", "vicariate", "catharsis"], ["aspeak", "aexpressed", "alanguage", "aread", "awritte"], ["culture", "aread", "alearned", "awrite", "alanguage", "preliterates", "awritte"], [], [], [], [], ["a uneducated ", "illiteracy", "uneducated a ", "literature", "aunable", "awriting", "afamiliarity", "aprescribed", "aliterate", "illiteratelyr", "aliterature", "analphabet", "aread", "innumerate", "awrite", "agriology", "astandard", "hedge parson", "alanguage", "numerate", "aliteracy", "illiterati", "aeducatio", "analphabetic", "literacy", "literate", "illiterateness", "aexpected", "nonliterate", "illiterates", "ailliteracy", "aless", "letterless", "aformal", "aspeech", "alittle", "aconforming", "ungrammared", "mark"], ["sophisticated a ", "aliteracy", "literary", "a educated ", "literature", "a sophisticated ", "educated a ", "literacy", "superliterate", "havelockian", "educated", "hyperliterate", "university", "candidate", "aread", "aletter", "literateness", "pluriliterate", "quasiliterate", "multiliterate", "illiteracy", "take holy orders", "semiliterate", "awell read", "degree", "multiliteracy", "aliterary", "lettered", "quasiliteracy", "write", "ailliterate", "literatelyr", "semiliteracy", "booksy", "read", "aliteral", "aliterature", "ailliteracy", "nonliterate", "literal", "poet"], [], ["narratio", "vconjecture", "vdeclare", "vdirect", "vadvise", "advice", "vguess", "vinterpret", "vread", "vtell", "vcounsel", "vexplai", "vteach", "discourse"], [], ["move", "moving", "boat", "transportation", "carry", "car", "movement", "ferry", "walk", "mikoshi", "cotransport", "convict", "skip hoist", "corpse road", "admiral's barge", "bill of lading", "head", "transport ship", "ladler", "ferredoxin", "telpher", "mehari", "tape recorder", "antitransport", "shuttle", "cattle drive", "granger road", "chemotransport", "passenger mile", "wiskostatin", "means of transportation", "tank wagon", "transportedlyr", "helicoptering", "aerial lift", "carrier protein", "antirail", "tanker", "air transport", "earthmover", "occipital horn syndrome", "apss", "conveyance", "transportable", "biotransport", "vmove", "respiratory pigment", "surface mail", "campervan", "vstrong", "transported", "aquaglyceroporin", "magnetotransport", "lifeline", "protonmotive", "ectohydric", "ferroportin", "conduction band", "sealift", "barge", "low density lipoprotein", "freeman", "trunker", "advect", "regasification", "vanpool", "pouch", "intermodallyr", "transportive", "regasify", "heliportable", "tractor trailer", "bus stop", "dynactin", "nanoionics", "vehicle", "freight", "slant", "fardage", "helilift", "troops", "reservation", "balloon", "conveyor belt", "gig bag", "untransportable", "tape", "transports", "bus", "dropship", "transportless", "landing craft", "sacayan", "wheel", "guanylin", "karyopherin", "autorack", "plastoquinone", "plasmodesma", "cart off", "hydrovascular", "transportment", "integrated services digital network", "decaheme", "wheel around", "human trafficking", "ecstatic", "thermotransport", "nebenion", "mqtt", "advection", "ravish", "nucleoporin", "tank car", "mqtt s", "container", "bedrock", "deliver", "carter", "nanotransport", "piggyback", "drogher", "lag", "chlororespiration", "trailerable", "untransported", "hemophore", "itso", "vemotio", "vpenal colony", "magnetoconvection", "handcarry", "helicopter", "scow", "chauffeur", "granger law", "calcyphosin", "transporter", "haycart", "shuttlecraft", "air ship", "fluyt", "ship out", "transporting", "uniport", "dirac cone", "transhydrogenase", "cisternal maturation model", "freightyard", "phoresy", "conveyor", "convictism", "public transport", "intermodalism", "sodium pump", "dry goods", "electromigration", "boatable", "xebec", "air carrier", "wheel about", "tractator", "glacial drift", "nucleoskeleton", "aerial cableway", "umbilical cord", "space capsule", "particular", "lorry", "trammer", "transresistivity", "surfactant", "motorcycle taxi", "horse trailer", "checkpost", "package holiday", "nuggar", "transportage", "high density lipoprotein", "tubeway", "exportin", "field hospital", "millifluidics", "get around", "flatbed truck", "mobilization", "regio", "airline", "riverage", "system", "electrokinesis", "cytodynamics", "fruiter", "hemoglobin", "flightcase", "routeing", "membrane separation", "tobogganing", "uncoupler"], ["public", "text", "lay", "lectern", "lecturer", "universities", "service", "worker", "religious", "church", "lectorship", "perso", "aloud", "read", "lectionary", "lectress", "trade unio", "lection", "reader"], ["read"], [], ["trilingualism", "polyglot", "language", "trilingually", "quadrilingual", "alanguage", "awritte", "aexpressed", "aread", "bilingual", "triglot", "aspeak", "trilingualist", "trilinguallyr", "trilinguals", "multilingual", "monolingual", "trilinguar"], [], [], ["litter", "wastebasket", "ship out", "throw over", "receive", "throw under bus", "gowikten 1", "cast away", "swipe left", "throw away", "vreject", "discarded", "biff", "throw out", "trash can", "dumpwikten 1", "throw baby out with bathwater", "cast aside", "discards", "playing card", "throwaway", "trash", "throw aside", "deep six", "vthrow away", "crib", "gardyloo", "jettison", "throw to wind", "decollator", "temporary", "squeeze", "unsheddable", "exuvia", "discardable", "card game", "highpass", "chuck out", "chuck away", "wastepile", "pump and dump", "shitcan", "remove", "discardeth", "go out", "discarder", "discarding", "dumpster diving", "lowpass", "dump out", "burnwikten 1", "disposable", "garbage can", "khanhoo", "variable", "zap", "cardboard city", "put away", "unlearn", "read", "discardest", "cast off", "undiscarded", "emotional tampon", "strip away", "graveyard", "ditch", "waste"], [], ["vread", "rereader", "rereads", "rereading"], ["subset", "sequencing", "dna", "read", "sequence"], ["copyreader", "vedit", "vread", "vcopyreader", "vtext", "copydesk"], [], ["read", "vin advance", "data", "vread", "in advance"], [], [], [], [], [], ["literate", "literature", "literary", "computer", "hyperliteracy", "alphabetism", "preliteracy", "antiliterate", "ability", "literacies", "understanding", "literal", "letter", "maktab", "antiliteracy", "ecoliteracy", "pluriliteracy", "ongian", "read", "whole language", "write", "illiterate", "postliterate", "subliterate", "reading"], [], ["stop codo", "performance", "transcriptio", "actor", "read", "script", "perusal", "screenplay"], ["vrate", "vaccelerated", "vspeed", "vread"], ["read", "areading"], [], ["ambiguous a ", "a incomprehensible ", "a ambiguous ", "indistinct a ", "opaque a ", "a indistinct ", "a indefinite ", "incomprehensible a ", "indefinite a ", "a opaque ", "indefinite", "flannel mouthed", "asee", "inenubilable", "flannelmouth", "aexplicitly", "mixed signal", "vagueness", "aclearly", "clear as mud", "opaque", "foggy", "doubtful", "aindecipherable", "aambiguous", "unclarity", "ainterpretatio", "aunreadable", "cloudy", "aread", "imperspicuous", "mixed message", "unclearlyr", "penumbrous", "unclearness", "clouded", "aliable", "adefined", "cacography", "muddly", "turbid", "disclarity", "vague", "pig"], [], ["hyperreading", "interact", "read", "hypertext"], ["unmirandarized", "varrest", "vread", "unmirandized", "vmiranda warning"], ["read", "chip", "detect", "identificatio"], ["readership", "readers", "pay by wave", "chapter book", "service", "cleric", "device", "datum", "juvenile", "chiromancer", "bookhound", "hyperfiction", "lay", "advertisement", "readerly", "lecturer", "coordinome", "teletypewriter", "field guide", "paragraphemic", "foreign language", "album", "desk", "place", "caveat lector", "break fourth wall", "conversationalization", "publisher", "intrareader", "scripton", "professor", "lector", "elementary", "quiet zone", "takeaway", "swipecard", "interreader", "read", "scarelore", "literary", "readerdom", "wreader", "church", "program guide", "fanmag", "lesso", "bookworm", "voorleser", "anthology", "proofreader", "readerless", "type in", "subreader", "book", "minor", "exercise", "narrative structure", "guardianista", "university", "recite", "primary world", "prelector", "textbook", "entry point for eye"], [], ["car", "actio", "cars", "steer", "moving", "operate", "movement", "activity", "driver", "driving", "vehicle", "steering", "move", "road", "control", "travel", "car actio", "motio", "operate car", "go", "do", "transportatio", "in car", "steer car", "car movement", "move car", "automobile", "operating", "car activity", "car travel", "golf", "control car", "moving car", "what", "feeze", "device", "unperch", "outdrive", "unearth", "cartroad", "ability", "first do ", "corner", "propulsion", "header", "hackney", "overdriven", "vertical", "testosteronal", "dement", "invalid carriage", "driver fatigue", "bat", "data", "deadhead", "drivelike", "untappice", "motorvate", "pull up", "ambitio", "vmotivate", "wardrive", "stave", "cabdriver", "vincentive", "bake sale", "read", "exorcise", "straight", "matrix", "test drive", "slant", "redrive", "riplock", "vforcefully", "vcompel", "driveway", "sustained", "coupled", "drover", "tool around", "write", "leadfoot", "float", "arc", "tailgate", "flash drive", "psychohydraulics", "roust", "minicab", "stroke", "hyperboulia", "death drive", "serpentine belt", "truck driver", "vhit", "framebuffer", "vprovide", "impaired", "bayonet", "defragmentation", "objective", "midwicket", "outboard motor", "pootle along"], ["in advance", "medium", "read", "storage"], ["fix", "read", "data", "disclose", "security", "allow", "bug"]], "/r/UsedFor": [["learning", "entertainment", "studying", "lear", "educatio", "learn from", "recording charges in police register", "study", "developing perspective", "publishing what write", "learning about fossils", "highlighting", "learning about folklore", "resolving disputes", "learning about etiquette", "learning about communications", "learn about world", "looking at bibliographies", "passing on history", "learning about geology", "learning about christian pastoral practice", "reports", "passing on what author knows", "learning about family management", "recording events", "learning about religio", "introduction to new subject", "recording what happened", "giving as gift", "answers", "learning about wood work", "learning about customs", "reading for work", "personal improvement", "reading in hammock", "reading on trai", "gathering data in one place", "extra income for library", "learning about soccer", "learning about news media", "learn about libraries and books", "uplift", "learning about anthropology", "learning about medicine", "reading while waiting", "raising childre", "learning about architecture", "helping others", "learning about painting", "holding matches", "applying to everyday life", "learning without experiencing hard way", "learning about occult", "binding together pages", "learning about linguistics", "learning about christianity", "learning about metal work", "place to journalize", "information processing", "looking at prints", "passing on results of interviews", "learning about french", "gambling", "looking up phone numbers", "learning about sports", "building language skills", "looking at footnotes", "learn about publishing", "learning about engineering", "learning about olympic sports", "school", "organizing facts", "recording bets", "learning about lati", "reading together", "learning about baseball", "reading out loud", "reading novel", "learn new things", "learning about social problems", "help", "showing way", "binding treatise", "facilitating library system", "learning about economics", "gathering opinions", "learning about portuguese", "looking at charts", "public improvement", "looking at photographs", "reading for pleasure", "absorbing heritage of human knowledge", "learning about building", "filling shelf", "learning about tennis", "knowing questions", "proving authorship", "learning about landscaping", "communicating through written language", "keeping track of hotel facilities"], ["bookshelf", "teach", "lear", "store informatio", "reading", "carry on bag", "make money", "shelf", "share knowledge or to entertai", "bookcase", "shopping bag", "entertai", "tote bag", "press flowers", "hold knowledge", "educate", "bookend", "store encoded ideas", "paper"], [], ["playing lacrosse", "surfing"], ["learning", "paper page", "article", "educatio", "library", "literature", "passing time", "going to bed", "learning new things", "pleasure", "enjoyment", "study", "books", "sitting quietly", "article in newspaper", "light", "story", "acquiring knowledge", "enjoying yourself", "learning new hobbies", "research", "letter", "understanding", "eye", "symbolic transfer of informatio", "newspaper", "room study", "part of communicatio", "studying", "knowing", "armchair", "family room", "getting news", "enlightenment", "looking at symbols", "being informed", "studying subject", "teaching childre", "bookshop", "article in magazine", "magazines", "knowing what's on menu", "connecting with character", "aid to memory", "enjoying story", "glasses", "bed", "keeping libraries in business", "enjoying literature", "acculturatio", "entertainment", "staying in bed", "learning about world", "assimilating knowledge or having pleasure", "relaxatio", "page", "de", "lamp", "fu", "getting informatio", "accumulating knowledge", "poem", "knowning what street you're o"], [], [], [], [], [], [], [], [], [], [], [], [], [], [], [], [], [], [], [], [], [], [], [], [], [], [], [], [], [], [], [], [], [], [], [], [], [], ["airplane", "car artifact motio", "compact artifact motio", "bag artifact contact", "yacht artifact motio", "bus artifact contact", "ambulance artifact contact", "ski tow artifact contact", "ferry artifact motio", "elevator artifact contact", "helicopter artifact motio", "bus artifact motio", "aircraft artifact motio", "bike", "boat artifact contact", "bullet train artifact contact", "cargo", "motorway"], [], [], [], [], [], [], [], [], [], [], [], [], [], [], [], [], [], [], [], [], [], [], [], [], [], [], [], [], [], [], [], ["storing data", "compact artifact motio", "international highway", "motorway", "ambulance artifact motio", "car artifact motio", "cabriolet", "park o", "use computer", "highway"], [], []], "/r/LocatedAt": [[], [], [], [], [], [], [], [], [], [], [], [], [], [], [], [], [], [], [], [], [], [], [], [], [], [], [], [], [], [], [], [], [], [], [], [], [], [], [], [], [], [], [], [], [], [], [], [], [], [], [], [], [], [], [], [], [], [], [], [], [], [], [], [], [], [], [], [], [], [], [], [], [], [], [], [], []], "/r/FormOf": [[], ["book", "vbook"], [], ["activities"], ["read", "readings", "vread"], ["illiteracies"], ["playreaders"], [], [], [], ["draggest", "draggeth", "dragging", "drags", "dragged"], [], [], ["playreadings"], [], [], ["vcrab"], [], [], [], [], ["metermen"], [], ["readibility", "readabilities"], [], [], [], ["vread"], ["perusing", "perused", "peruses"], [], [], [], ["preliterates"], [], [], [], [], ["illiterates"], ["literates"], [], ["arreads", "arreading"], [], ["transportest", "transporting", "transported", "transports"], ["lectors"], ["read", "vread"], [], ["trilinguals"], [], [], ["discarding", "discarded", "discardest", "discards", "discardeth"], [], ["rereading", "rereads"], ["subreads"], ["copyreads", "copyreading"], [], ["prereads", "prereading"], [], [], [], [], [], ["literacies"], [], ["read through", "readthroughs"], ["speedreads", "speedreading"], [], [], ["unclearest", "unclearer"], [], ["hyperreaders"], ["mirandarized", "mirandarizes", "mirandarizing"], [], ["readers"], [], ["driving", "driveth"], [], []], "/r/IsA": [["bible", "ledger", "novel", "text", "notebook communication artifact", "review copy communication communicatio", "paperback book artifact", "authority communication communicatio", "order book artifact", "storybook communication communicatio", "copybook communication communicatio", " communicatiosection music", "bestiary communication communicatio", "workbook communication communicatio", "catalog communication communicatio", "folio artifact", " artifactproduct artifact", "coffee table book artifact", "yearbook communication communicatio", "booklet communication communicatio", " card gamecollection group", "curiosa communication communicatio", "picture book artifact", "phrase book communication communicatio", "pop up book communication communicatio", " communicatiopublication communicatio", "trade book communication communicatio", "catechism communication communicatio", "songbook communication communicatio", "excellent source of informatio", "album artifact", "formulary pharmacology communicatio", "reference book communication communicatio", "appointment book communication communicatio", "tome communication communicatio", "novel artifact", "playbook communication communicatio", " groupcollection group", "magazine", "sketchbook artifact", "epistle communication communicatio", "hardback artifact", "journal artifact", "prayer book communication communicatio", "textbook communication communicatio", "address bookopencycbook copy", "copy", "booklet", "opencycbook cwconceptual work", "nicholas nickleby", "story for mind", "tract", "brochure", "opencycbook copycopy", "many pages of information bound together", "handbook", "compendium", "document type", "guest book"], ["dictionaries", "printed paper", "different sizes", "storage devices", "fiction and", "anthologies", "sequences of words", "literature", "about mysteries", "fictional stories", "fantasies", "products", "fictio", "smaller than people", "music to albums as words", "start and finish", "find inside", "good place to find stories"], [], ["sex", "reading", "skiing", "game", "singing", "skating", "actio", "listening", "learning", "playing cards", "education act", "continuance act", "leadership act", "mystification act", "placement act", "space walk act", "performing surgery", "enjoyment act", "energizing act", "aid act", "liveliness act", "diversion act", "protection act", "nursing patients", "operation act", "role act", "moving slowly", "acting act", "negotiation act", "politics act", "puncture act", "boating", "perturbation event act", "solo act", "writing act", "buzz act", "practice act", "concealment act", "grouping act", " actact", "burst act", "dismantling act", "waste act", "timekeeping time act", "pleasure act", "variation act", "turn game act", "creation act", "release act", "domesticity act", "sensory activity act", "measurement act", "playing games", "game act", "jumping", "precession act", "fun act", "operation military act", "cup of tea act", "behavior psychology act", "training act", "procedure act", "preparation act", "wrongdoing act", "use act", " chemistrycapability state", "market act", "works act", "crime", "work act", "representation act", "provision act", "worship act", "operation commercial enterprise act", "lamentation act", "music singing act", "support act", "behavior act", "search act", "attempt act", "laughter act", "occupation act", "calibration act", "service case law act", "demand act", "bungee jumping", "ceremony act", "organization act", "follow up act", "update act", "control act", "last act", "verbalisation communication act", "barking", "smoking marijuana", "do", "canoeing", "typing", "party", "non aspectual quantity", "polo", "drinking tea", "saw film", "sitting", "programming", "shoplifting"], ["activity", "good way to lear", "perusal communication cognitio", "one way to lear", " actmeasurement act", "one way of learning", "speed reading cognition cognitio", "clock time cognitio", "browse communication cognitio", " communicatiointerpretation communicatio", "miles per hour time cognitio", "bumf communication communicatio", " cognitiodatum cognitio", " communicatiowritten communication communicatio", " cognitiolinguistic process cognitio", "skim communication cognitio", "one way of learning new informatio", "visual reading", "relxaing", "voluntary perception", "quieter activity", "solitary activity", "fred", "great break from meetings", "what people do with novels", "what do to books", "information accessing event", "reading aloud", "tactile reading", "town in berkshire", "intelligent agent activity"], [" cognitioignorance cognitio", " cognitioinability cognitio", "disadvantage for adult"], [], [], [], [], [" cognitiohindrance cognitio", "windage phenomenon phenomeno", " phenomenoresistance phenomeno", " artifactclothing artifact", " actpull act", "sonic barrier phenomenon phenomeno", " attributetediousness attribute", "costume"], [], [], [], [], [], [], [], [], [], [], [], [], [" attributeintelligibility attribute"], [], [], [], [], [], [], [], [], [], [], [], [], [], ["functional illiterate person perso", "analphabet person perso", " persoignoramus perso"], [" persoperson", "reader person perso", "alphabetizer person perso", "writer person perso"], [], [], [], ["active transport drug process", " processdiffusion physics", "passive transport process", "riding carnival float", "fire rescue transportation", "carrying groceries", "ride", "delivering", "carryingopencyccarrying while locomoting", "hang gliding", "landsailing", "conveying event", "land transportation event", "snowbiking", "riding", "riding float", "underwater transportation", "proton transportopencycmembrane transport of hydrogen plus ion", "paragliding", "riding unicycle", "surface transportation event", "space travel", "picking", "tricycle", "towing", "transportation of people"], [" persoholy order state", " persoclergyman perso", " persoeducator perso"], [], [], ["multilingual"], [], [], [" objectobject", "staging act", " actabandonment act", " card gameabandonment act"], [], [], [], [], [], [], [], [], [], [], [], [" cognitioskill cognitio"], [], [], [], [], [], [], [], [], [], [], [" persoscholar perso", " persoliterate perso", "map reader person perso", " communicatiotextbook communicatio", "decipherer person perso", "bookworm person perso", "mcguffey eclectic readers communication communicatio", "skimmer person perso", "person", "book"], [], [" artifactroad artifact", "internal drive artifact computer science", " artifactmechanism artifact", " actgolf stroke act", "external drive artifact computer science", "energy attribute", "forehand drive squash", "spin act", "backhand drive act squash", "cattle drive act", "disk drive computer science", "cd drive artifact computer science", "thirst state", "firewall act", "sex drive state", "fusee drive artifact", " computer sciencedevice artifact", "impulse act", "joyride act", " statephysiological state", " actjourney act", "cd rom drive artifact computer science", "enterprise attribute", " acttransportation act", "aggressiveness attribute", "lift act", "hunger state", "ram disk computer science", " squashreturn act", " attributetrait attribute", "ambition attribute", "hypoxia state", "action attribute", " actpropulsion act"], [], []], "/r/PartOf": [["library", "chapter", "page", "pages", "backbone artifact", "fore edge artifact", "binding artifact", "running head communication communicatio", " communicatiotext communicatio", "rule communication group", "table of contents", "signature communication communicatio"], [], [], [], [" locatioberkshire locatio", " locatioengland locatio", "thinking"], [], [], [], [], [], [], [], [], [], [], [], [], [], [], [], [], [], [], [], [], [], [], [], [], [], [], [], [], [], [], [], [], [], [], [], [], [], [], [], [], [], [], [], [], [" card gamecard game act"], [], [], [], [], [], [], [], [], [], [], [], [], [], [], [], [], [], [], [], [], [], [], [], [], ["spindle artifact computer science"], [], []], "/r/HasA": [["knowledge", "cover", "many words", "pages", "words and or pictures", "past"], ["library", "bookcase", "pages", "sentences", "bookshelf", "many uses", "stories", "pages i", "owners because products", "index", "words bindings and titles", "librararies", "more pages than booklets", "public library", "words and sometimes pictures i"], [], [], ["effect of focusing on thoughts"], [], [], [], [], [], [], [], [], [], [], [], [], [], [], [], [], [], [], [], [], [], [], [], [], [], [], [], [], [], [], [], [], [], [], [], [], [], [], [], [], [], [], [], [], [], [], [], [], [], [], [], [], [], [], [], [], [], [], [], [], [], [], [], [], [], [], [], [], [], [], [], []], "/r/CapableOf": [["include table of contents", "include index", "teach person to sing"], ["belong on shelves", "further knowledge", "burn quickly", "win prizes", "explain problems", "teach about tennis", "include informatio", "gathering dust in library", "include pictures"], [], ["near end"], ["further knowledge", "better one's mind", "further one's knowledge", "advance knowledge to understanding", "make eyes tired", "free mind", "free people of ignorance", "further educatio"], [], [], [], [], [], [], [], [], [], [], [], [], [], [], [], [], ["read meter"], [], [], [], [], [], [], [], [], [], [], [], [], [], [], [], [], [], [], [], [], ["va"], [], [], [], [], [], [], [], [], [], [], [], [], [], [], [], [], [], [], [], [], [], [], [], [], [], [], [], [], [], ["open book", "page through book", "mine book for idea nuggets", "read newspaper", "miss word", "close book", "choose book", "continue reading", "turn page", "continue story", "continue reading book", "page through novel"], [], ["rotate disk"], [], []], "/r/AtLocation": [["classroom", "shelf", "bookshelf", "university", "informatio", "words", "desk", "store", "backpack", "marker", "library", "anemone", "bedroom", "table", "house", "paper page", "closet", "kingdom", "note", "bedside table", "book bag", "name", "bookshop", "ficus", "lizard", "bibliography of another book", "koala", "line", "kitte", "row", "blowfish", "mammoth", "floor"], ["shelf", "words", "desk", "backpack", "table", "cabinet", "beaver", "classroom", "blowfish", "ficus", "monkey", "lizard", "desktop", "wrods", "hotel", "sloth", "large city", "pictures", "college", "attic", "light source", "room", "mammoth", "bed", "friend's house", "university"], [], [], [], [], [], [], [], [], [], [], [], [], [], [], [], [], [], [], [], [], [], [], [], [], [], [], [], [], [], [], [], [], [], [], [], [], [], [], [], [], [], [], [], [], [], [], [], [], [], [], [], [], [], [], [], [], [], [], [], [], [], [], [], [], [], [], [], [], [], [], ["library"], [], [], [], []], "/r/HasProperty": [["up on top shelf", "made of paper"], ["entertaining", "full of writing", "borrowed only if available", "good for learning new stuff", "great for kids", "engaging", "very old", "wonderful to read", "written and read", "like new", "important"], [], [], ["fu", "very important", "important", "famous for it's gaol", "key to gaining educatio", "supplementary to going class"], [], [], [], [], [], ["equivalent to frictio"], [], [], [], [], [], [], [], [], [], [], [], [], [], [], [], [], [], [], [], [], [], [], [], [], [], [], ["person who cannot read"], ["people who can read"], [], [], [], [], [], [], [], [], [], [], [], [], [], [], [], [], [], [], [], [], [], [], [], [], [], [], [], [], ["head", "future"], [], [], [], [], [], [], [], [], []], "/r/CreatedBy": [["writer", "author"], [], [], [], [], [], [], [], [], [], [], [], [], [], [], [], [], [], [], [], [], [], [], [], [], [], [], [], [], [], [], [], [], [], [], [], [], [], [], [], [], [], [], [], [], [], [], [], [], [], [], [], [], [], [], [], [], [], [], [], [], [], [], [], [], [], [], [], [], [], [], [], [], [], [], [], []], "/r/Synonym": [[" communicatiobible communicatio", " communicatiorecord communicatio", " communicatiokoran communicatio", " communicatioscript communicatio", " possessioledger possessio", "volume artifact", "rule book group", "v socialreserve social", "have one's name taken", "vstudy"], [], [], [" stateaction state", " processnatural process", " processbodily process", " attributeactiveness attribute"], [" cognitiointerpretation cognitio", "reading material communication communicatio", "meter reading act", " communicatiorecitation communicatio", "indication cognition cognitio", "meter reading cognition cognitio", "pericope", "wpprocesswpprocess"], ["analphabetism cognition cognitio", "analphabetism"], [], [], [], [], ["hang back motion motio", "v stativeembroil stative", "drag out change", " actpuff act", "retarding force phenomenon phenomeno", "drop behind motion motio", "drag on change", "trail motion motio", "get behind motion motio", "drop back motion motio", "v contactdredge contact", "v contacthaul contact", "v motioscuff motio", "v consumptiopuff consumptio", "pain in arse", "pull", "schlep", "bore"], ["illegibility"], [], [], [], [], ["a bad tempered ", "cross", "ill"], [], [], [], [], [], [], [" handwritinglegibility handwriting", "legibility"], [], ["technopathy"], [], [], [], [], [], ["aquadrilingual", "quadrilingual"], ["a nonliterate "], [], [], [], [], ["illiterate person perso", "a unversed ", "nonreader person perso", "aanalphabetic", "analphabet", "aunlettered", "aignorant", "analphabetic"], ["literate person perso"], [], [], [], [" acttransportation act", "send motion motio", " artifacttape drive artifact", "v emotioenchant emotio", "carry contact", "v contacttransmit contact", "ship motion motio", " artifactconveyance artifact", " stateecstasy state", "public transport", "rapture", "vconvey", "deportee", "carry", "transportation", "vbanish", "transportatio", "conveyance"], ["lecturer person perso", "reader person perso"], [], [], [], [], [], ["put away possession possessio", "cast out possession possessio", "throw out possession possessio", "veliminate", "fling possession possessio", "vget rid of", "toss out possession possessio", "throw away possession possessio", "cast away possession possessio", "toss away possession possessio", "toss possession possessio", "chuck out possession possessio", "dispose possession possessio", "cast aside possession possessio", "vcast away", "vthrow away", "vdismiss", "throwing away act", "throw away", "vdispose", "dispose", "scrub", "jettison", "ditch", "cast away"], [], [], [], ["subedit cognition cognitio", "copyedit cognition cognitio"], [], [], [], [], [], [], [], [""], [], [], [], [], [], ["a undecipherable ", "a ill defined ", "equivocal", "evasive", "thick"], [], [], ["vmirandize"], [], [" persolector perso", " persoreviewer perso", " persoproofreader perso", " persosubscriber perso", "chrestomathy", ""], [], ["aim communication communicatio", "get communication communicatio", "parkway artifact", "driving act", "v socialtug social", " artifactdriveway artifact", "ride act", "take driving", "v contactrepel contact", "thrust act", " actcampaign act", "motor driving", "ride stative", "driving force act", "v contactforce contact", "line drive", "vimpel", "get up and go", "vcompel"], [], []], "/r/LocatedNear": [["library"], [], [], [], [], [], [], [], [], [], [], [], [], [], [], [], [], [], [], [], [], [], [], [], [], [], [], [], [], [], [], [], [], [], [], [], [], [], [], [], [], [], [], [], [], [], [], [], [], [], [], [], [], [], [], [], [], [], [], [], [], [], [], [], [], [], [], [], [], [], [], [], [], [], [], [], []], "/r/SimilarTo": [[], [], [], [], [], ["quasiliteracy", "semiliteracy"], [], [], [], [], [], [], [], [], [], [], [], [], [], [], [], [], [], [], [], [], [], [], [], [], ["exchangeable a ", "a medicineabnormal ", "abnormal a medicine", "a exchangeable ", "a secondary ", "secondary a "], [], ["illiterate a ", "a illiterate "], [], [], [], [], ["analphabetic a ", "preliterate a ", "a semiliterate ", "a analphabetic ", "a preliterate ", "functionally illiterate a ", "a functionally illiterate ", "semiliterate a "], ["educated a ", "literary a ", "a belletristic ", "a literary ", "a educated ", "belletristic a "], [], [], [], [], [], [], [], ["a multilingual ", "multilingual a "], [], [], [], [], [], [], [], [], [], [], [], [], [], [], ["semiliteracy", "quasiliteracy", "oracy"], [], [], [], [], [], ["amorphous a ", "vague a ", "a amorphous ", "a vague ", "a blurred ", "perplexing a ", "blurred a ", "a perplexing "], [], [], [], [], [], [], [], [], []], "/r/MadeOf": [["paper", "papers"], ["papers"], [], [], [], [], [], [], [], [], [], [], [], [], [], [], [], [], [], [], [], [], [], [], [], [], [], [], [], [], [], [], [], [], [], [], [], [], [], [], [], [], [], [], [], [], [], [], [], [], [], [], [], [], [], [], [], [], [], [], [], [], [], [], [], [], [], [], [], [], [], [], [], [], [], [], []], "/r/ReceivesAction": [["made into movie"], ["read", "writte", "found in library", "found in libraries", "kept in library", "discussed in terms of genre", "bought at bookshop", "made for reading", "found in bookstores", "read for entertainment", "made up of pages paper", "stored on bookshelves", "made from paper", "filled with varied and interesting topics", "placed on shelves made of glass", "found in libraries and bookstores", "stored on shelf", "read by humans", "organized by dewey decimal system", "stored on bookshelf", "made from stacked sheets of paper", "stored on shelves", "opened", "touched", "stored o", "written by humans", "written by writers", "written on paper", "found in bookcase", "purchased with money", "made up of pages", "printed with ink"], [], [], ["taught in school"], [], [], [], [], [], [], [], [], [], [], [], [], [], [], [], [], [], [], [], [], [], [], [], [], [], [], [], [], [], [], [], [], [], [], [], [], [], [], [], [], [], [], [], [], [], [], [], [], [], [], [], [], [], [], [], [], [], [], [], [], [], [], [], [], [], [], [], [], [], [], [], []]}, "/r/UsedFor": {"/r/RelatedTo": [["books", "subject", "writing", "literary", "literacy", "classical studies", "literate", "english", "reading", "book", "writte", "art", "novels", "school", "lego literary", "canadiana", "illiteracy", "antiliterate", "poetics", "cyclicism", "corpus fetishism", "misery lit", "pulitzer", "philological", "intellectual property", "brennerian", "treatise", "composition", "literarist", "trope", "proto science fiction", "antiliterature", "stfantasy", "edubba", "superhero", "literary science", "renaissance", "illiterate", "biblicism", "postmodern", "challenge", "celticist", "bibcode", "b plot", "ancient greek", "romanicist", "kakawin", "italianist", "encomium", "agitprop", "erotographomania", "pastiche", "literary device", "ecocriticism", "fancruft", "quotability", "palaeontography", "alexandrianism", "arthurianism", "plot", "augustan", "arts and letters", "moxonian", "e literature", "creative work", "literatesque", "in medias res", "break fourth wall", "litblog", "nonliterature", "earthdrake", "modernism", "neorealism", "litmag", "plautian", "literati", "trickster", "suspension of disbelief", "arts", "neoclassicism", "postliterary", "logocentrism", "classical era", "doctor of humane letters", "extravaganza", "mythography", "mannerpunk", "literary theory", "nobel prize", "subliterary", "polyanthea", "intimism", "journal", "c\u00e9sairean", "postmodernism", "tendency writing", "colportage", "paradoxography", "unliterary", "bibliology", "preliterary", "magnum opus", "pulitzer prize", "comparative literature", "bibliometrics", "germanist", "litterateuse", "assonance", "zuihitsu", "literaturology", "letter", "metaliterature", "korean studies", "pragmatic", "hagiology", "verismo", "hexalogy", "literary criticism", "digital humanities", "greats", "sturm und drang", "dick lit", "mabinogion", "poesy", "metafiction", "bed trick", "antisyzygy", "belles lettres", "visucentric", "gehenna", "matter of britain", "critical theory", "athenaeum", "periclean", "literariness", "bagatelle", "auerbachian", "parnassus", "hyperliterature", "literal", "classic", "high adventure", "post postmodernism", "paraliterature", "thematology", "academic", "quotation", "scatology", "imagology", "classical language", "aggadah", "new historicism", "supervillain", "mimesis", "latinity", "lubok", "poetry", "fairyism", "cinquecentist", "technoliterary", "vulgar latin", "middle latin", "cyberliterature", "ladyporn", "ukrainica"], [], ["desk", "furniture", "eating", "plate", "napki", "dining", "legs", "chair", "surface", "kitche", "chairs", "four", "four legs", "flat", "dinner", "eat", "room", "dining furniture", "eating surface", "place", "salt", "dining room", "bed", "top", "eating furniture", "kitchen furniture", "wood", "eating place", "flat surface", "periodoscope", "coaster", "candidate key", "alfonsine", "busboy", "ephemeris", "bedtable", "brawner", "tearsheet", "crontab", "impose", "first normal form", "cardinality", "data", "tablewardsr", "dosis effect", "carpetball", "tableful", "korsi", "stammtisch", "tableware", "periodic table", "vrepresent", "cursor", "experience table", "vconsideratio", "vector", "scatter buffet", "dropleaf", "accubitum", "inverse", "impedance mismatch", "tablehood", "relational database", "vshelve", "vscarf", "violi", "grid", "tabularization", "clustered index", "tableness", "devonport", "relegation zone", "pi\u00e8ce mont\u00e9e", "plunger", "six top", "tableside", "drawing board", "topcloth", "butter knife", "dispatch table", "cartesian product", "vfeed", "tablewardr", "teapoy", "booth", "vbolt rope", "four top", "point", "put forward", "tablewiser", "intertabular", "lifetable", "sugar bowl", "table dance", "schema", "primary key", "chart", "worktable", "autojoin", "shittah", "tabula", "picnic table", "dinette", "console table", "referential integrity", "facet", "beer parlour", "nightstand", "data cube", "beer die", "dressing table", "multiplication table", "three table", "loo table", "tablemate", "distribute", "multiplicatio", "beer mat", "join", "hand for", "fisheye", "busgirl", "bookmark", "metatable", "tabular", "on table", "iot", "tabula rasa", "workbench", "calculator", "foot", "pronunciation guide", "bar billiards", "upsert", "infobox", "pivot table", "dinner table", "set table", "dumpy level", "data table", "morrison table", "vdelineate", "sit out", "steamtable", "cut", "get do v", "length operator", "table board", "cooktop", "lineup", "topmost", "header", "file allocation table", "pintable", "platen", "column", "chafing dish", "pushpin", "worcestershire sauce", "racetrack table", "sorting table", "arithmetic", "tabled", "case knife", "chart table"], [], [], ["newsstand", "economy rice", "wikten 1lift", "whipstall", "stick shaker", "carinderia", "stalled", "stalling", "bookstand", "yatai", "slow walkwikten 1", "poststall", "thurst", "tabernacle work", "jumble sale", "vwikten 1anticipate", "wikten 1parking stall", "hawker centre", "vwikten 1install", "stalls", "green stall", "wikten 1parkade", "market", "foodstall", "treviss", "unstart", "vapor lock", "travis", "booth", "stellwikten 2", "stick pusher", "chaat", "three quarter bathroom", "stallholding", "stallfeed", "rag puck", "food street", "vwikten 1gear", "loge", "wikten 1stall fed", "fumfer", "tailslide", "shed", "stallkeeper", "subsellium", "wikten 1orchestra stalls", "spin", "pantechnicon", "drag one's feet", "unstalled", "street food", "hand for", "decani", "stallman", "slat", "kick out", "tienda", "miserere", "stall out", "dai pai dong", "wikten 1chancel", "tub shower", "stallholder", "staller", "wikten 1theatre", "chicke", "shower"], []], "/r/UsedFor": [["read", "learning", "reading", "student", "illustrate", "professor", "passing on experiences", "expanding mind and entertainment", "educatio", "preserving views of era", "understand human heritage", "relaxing", "studying", "remembering", "relate to l ife", "read story", "teaching", "pleasing mind", "increase knowlege", "pleasure", "teacher"], [], ["putting things o", "eating off of", "eat at", "working at", "read", "holding things", "drawing o", "sitting o", "playing games", "eating at", "set items o", "eating off", "holding vase", "play cards", "sitting around", "writing surface", "sitting at", "dining", "dinner", "furniture"], [], [], ["confine horse", "holding cattle", "individual public bathrooms", "deficate", "selling stuff", "tactic used by defense lawyers", "take break from work", "farm animals in bar", "containing cow", "hold livestock", "term used in airplane flight", "stabling horses", "changing clothes in privacy", "read", "containing horse", "store animal", "sell things at market", "keep horse", "horse", "gaining time", "going to bathroom in privacy", "house horse", "tactic used in certain games", "horses"], []], "/r/LocatedAt": [[], [], [], [], [], [], []], "/r/FormOf": [["literatures"], [], ["tables"], [], [], ["stalling", "stalled", "stalls"], []], "/r/IsA": [["sanskrit literature communication communicatio", "historiography communication literature", " literaturewriting communicatio", " communicatiowriting communicatio", " literatureprofession act", "written text", " literatureliterary study cognitio", "books", "poetry", "printed material"], [], ["desk", "coffee table artifact", " grouparray group", "trestle table artifact", " groupgathering group", " artifactfurniture artifact", "gueridon artifact", "dressing table artifact", "gaming table artifact", "counter artifact", "kitchen table artifact", "desk artifact", "conference table artifact", "pier table artifact", "tea table artifact", "operating table artifact", "dining table artifact", "correlation table statistics group", "contents communication group", "periodic table chemistry group", "actuarial table group", "console table artifact", "parsons table artifact", "pedestal table artifact", "altar artifact", "platform", "breakfast table artifact", "booth artifact", "calendar group", "file allocation table group", "stand artifact", "table tennis artifact", "platen artifact", "worktable artifact", "pool table artifact", "card table artifact", "drop leaf table artifact", "workbenchopencyctable piece of furniture", "water table", "pier table", "deskopencyctable piece of furniture", "changing tableopencyctable piece of furniture", "coffee table", "coffee tableopencyctable piece of furniture", "folding tableopencyctable piece of furniture", "opencyctable visual cwstructured information source", "work stationopencyctable piece of furniture", "opencyclogical table schemasis logical schema", "physical object", "dining table", "ping pong tableopencyctable piece of furniture", "flat surface", "toilet table", "communion tableopencyctable piece of furniture", "tea table", "opencyctable piece of furnitureobject supporting furniture", "kiddie table", "shake table", "operating tableopencyctable piece of furniture", "abstract data tableopencyctable visual cw", "drop leaf table", "end tableopencyctable piece of furniture", "snooker tableopencyctable piece of furniture", "truth table", "eating tableopencyctable piece of furniture", "furniture"], [], [], [" actobstruction act", "coffee stall artifact", "newsstand artifact", " artifactcompartment artifact", " eventmalfunction event", "stonewalling act", " artifactseating artifact", " artifactbooth artifact", "small commerce area"], []], "/r/PartOf": [[], [], ["leg", "row", "tableware artifact", "leg artifact", "tabletop artifact", "heading", "tabletop"], [], [], [" artifactstalls artifact"], []], "/r/HasA": [["library"], [], ["doctor examination room", "legs"], [], [], [], []], "/r/CapableOf": [["include short stories"], [], ["wooden furniture", "double as desk"], [], [], ["car", "airplanes"], []], "/r/AtLocation": [["library", "book store", "shelf", "good homes", "public library", "conference", "books and magazines", "meeting"], [], ["tablecloth", "plate", "food", "floor", "dog", "kitche", "legs", "computer", "fork", "centerpiece", "vase", "silverware", "resturant", "cat", "table cloth", "lamp", "books", "cup", "dining room", "dish", "dust", "candle", "vase of flowers", "salt and pepper shakers", "place setting", "cup of coffee", "salt", "computer monitor", "magazines", "restaurant bill", "glass of water", "mail", "table legs", "placemat", "cutlery", "feet", "rug", "napkin holder", "office equipment", "conference", "bottle of wine", "demonstratio", "napki", "glass", "forks", "papers", "pepper", "apartment", "corner", "place mats", "room", "library", "patient", "salt and pepper", "tablecloth covering", "flowers", "knees", "dinner", "breakfast", "furniture store", "shoes", "book", "plates", "foot", "house", "cards", "crumbs", "dried up food", "campaign finance reform", "spoo", "meeting", "furniture polish", "legs of table", "puppy", "candlestick", "pool sticks", "condimemts", "apples", "magazine", "picture", "unpolished surface", "bowl of fruit", "doctor", "dog begging", "support pole", "brief case", "tea spoo", "fresh cut flowers", "people eating", "menu", "center piece", "pe", "business report", "note", "toy", "list", "map", "bottle of vodka", "stuff", "coaster", "bedroom", "flower arrangement", "apricot", "reference book", "neighbor's house", "carpet", "picture in frame", "internet cafe", "dinner plate", "rub", "set of silverware", "bowl", "row", "keys", "cloth", "ashtray", "log book", "card room", "crisps", "handout", "book of pictures", "space", "dictionary", "begging dog or cat", "loft", "plant", "wax", "place mat", "food scraps", "candelabra", "plates and forks", "puzzle", "salt shaker", "candelabera", "message", "pool balls", "pets"], [], [], ["bar", "horse", "bathroom", "heifer", "market", "airplane accident", "restroom", "public restroom", "cow", "public bathrooms", "street market"], []], "/r/HasProperty": [["romantic"], [], [], [], [], [], []], "/r/CreatedBy": [["writing"], [], [], [], [], [], []], "/r/Synonym": [["lit literature"], [], ["tabular array group", " objectmesa object", "v creatiotabularize creatio", "v stativepostpone stative", " foodboard food", "board"], [], [], [" artifactbooth artifact", "stand artifact", "conk driving", " artifactcarrel artifact", "sales booth artifact", "stalling act", "v stativeprocrastinate stative", "wikten 1boose", "stand", "come to halt", "delay"], []], "/r/LocatedNear": [[], [], ["chair"], [], [], [], []], "/r/SimilarTo": [[], [], [], [], [], [], []], "/r/MadeOf": [[], [], ["wood", "stone"], [], [], [], []], "/r/ReceivesAction": [["found in books magazines and newspapers", "printed in books"], [], [], [], [], ["found in bar"], []]}, "/r/LocatedAt": {}, "/r/FormOf": {"/r/RelatedTo": [["read"], [], ["book", "books", "activity", "actio", "looking", "writing", "book activity", "library", "using", "hobby", "read", "literature", "perusing", "school", "book actio", "understanding", "story", "pages", "learning", "gerund", "informatio", "using books", "studying", "crowdsensing", "varifocal lens", "review", "reading material", "extent", "skim", "lexie", "berkshire", "berks county", "michiga", "bibliophobe", "performance poetry", "whitley", "pointer", "speedreading", "county seat", "tarotist", "ohio", "purley", "athenaeum", "bibliophagy", "kumon method", "readee", "kabballah", "bradylexia", "read up", "dyslexia", "kansas", "simchat torah", "daily devotional", "conflation", "polite literature", "word method", "millivoltmeter", "unreadability", "newsreading", "bifocals", "misreading", "liturgy of hours", "anagnosasthenia", "roll call", "rauding", "smart meter", "interferant", "pseudohypertension", "massachusetts", "vread", "book learning", "interpretatio", "rereading", "dittology", "airport fiction", "bookish", "perlection", "nonreading", "minnesota", "phonics", "new york", "audiobook", "ashcroft", "to ", "collation", "vermont", "twaddell hydrometer", "earley", "england", "prelection", "pennsylvania", "tilehurst", "peruse", "scanning", "book looking", "page", "use", "skill", "act", "educational", "text", "eye", "viewing", "subject", "look", "understanding books", "eyes", "using book", "knowledge", "newspaper", "literacy", "quiet activity", "quiet", "note", "absorbing", "for books", "libraries", "peruse book", "time", "library activity", "with book", "skimming", "related", "perusing book", "leisure activity", "leisure", "school activity", "looking book", "in book", "obtaining", "obtaining informatio", "school subject", "magazine", "do", "comprehensio", "ope", "pastime", "communicatio", "writing arithmetic", "arithmetic", "fu", "study", "seeing", "purpose", "getting", "with books", "visual", "process", "enjoying", "enjoying books", "digesting", "use book", "degree", "looking at", "turning pages", "turning", "weight", "consumptio", "book consumptio", "looking books", "skimming pages", "glasses", "use books", "bookstores", "view", "paper", "like", "see", "scanning book", "light", "gathering", "book purpose", "performance", "educational actio", "books ope", "news", "gaining", "absorbing book", "gaining knowledge", "look book", "getting informatio", "with eyes", "doing", "doing books", "related books", "book viewing", "magazines", "books magazines", "past", "past time", "book understanding", "about books", "about", "educational activity", "book related", "deciphering", "deciphering writing", "use eyes", "eye activity", "do book", "desk", "what you", "what", "digesting books", "viewing books", "seeing books", "entertainment", "reciting book", "reciting", "viewing text", "learning things", "do whe", "whe", "book using", "watching", "visual activity", "railroad", "insides", "book insides", "literacy activity", "lens", "comprehend", "comprehend book", "consume book", "consume", "enjoy", "enjoy book", "fundamental", "enjoyable", "visual comprehensio", "fiction fa", "eye actio", "fictio", "fa", "utilizing", "educatio", "leisurely", "consuming", "leisurely activity", "consuming book", "utilizing book", "illiteracy", "understanding book", "apprehending", "apprehending book", "pressure", "finishing", "finishing books", "learning book", "seeing book", "observing books", "observing", "parsing", "blanking", "blanking books", "parsing books", "necessary", "useful", "book knowledge", "absorbing text", "book perusing", "turn page", "like writing", "and writing"], []], "/r/UsedFor": [[], [], ["learning", "paper page", "article", "educatio", "library", "literature", "passing time", "going to bed", "learning new things", "pleasure", "enjoyment", "study", "books", "sitting quietly", "article in newspaper", "light", "story", "acquiring knowledge", "enjoying yourself", "learning new hobbies", "research", "letter", "understanding", "eye", "symbolic transfer of informatio", "newspaper", "room study", "part of communicatio", "studying", "knowing", "armchair", "family room", "getting news", "enlightenment", "looking at symbols", "being informed", "studying subject", "teaching childre", "bookshop", "article in magazine", "magazines", "knowing what's on menu", "connecting with character", "aid to memory", "enjoying story", "glasses", "bed", "keeping libraries in business", "enjoying literature", "acculturatio", "entertainment", "staying in bed", "learning about world", "assimilating knowledge or having pleasure", "relaxatio", "page", "de", "lamp", "fu", "getting informatio", "accumulating knowledge", "poem", "knowning what street you're o"], []], "/r/LocatedAt": [[], [], [], []], "/r/FormOf": [["read", "vread"], ["vread"], ["read", "readings", "vread"], ["vread"]], "/r/IsA": [[], [], ["activity", "good way to lear", "perusal communication cognitio", "one way to lear", " actmeasurement act", "one way of learning", "speed reading cognition cognitio", "clock time cognitio", "browse communication cognitio", " communicatiointerpretation communicatio", "miles per hour time cognitio", "bumf communication communicatio", " cognitiodatum cognitio", " communicatiowritten communication communicatio", " cognitiolinguistic process cognitio", "skim communication cognitio", "one way of learning new informatio", "visual reading", "relxaing", "voluntary perception", "quieter activity", "solitary activity", "fred", "great break from meetings", "what people do with novels", "what do to books", "information accessing event", "reading aloud", "tactile reading", "town in berkshire", "intelligent agent activity"], []], "/r/PartOf": [[], [], [" locatioberkshire locatio", " locatioengland locatio", "thinking"], []], "/r/HasA": [[], [], ["effect of focusing on thoughts"], []], "/r/CapableOf": [[], [], ["further knowledge", "better one's mind", "further one's knowledge", "advance knowledge to understanding", "make eyes tired", "free mind", "free people of ignorance", "further educatio"], []], "/r/AtLocation": [[], [], [], []], "/r/HasProperty": [[], [], ["fu", "very important", "important", "famous for it's gaol", "key to gaining educatio", "supplementary to going class"], []], "/r/CreatedBy": [[], [], [], []], "/r/Synonym": [[], [], [" cognitiointerpretation cognitio", "reading material communication communicatio", "meter reading act", " communicatiorecitation communicatio", "indication cognition cognitio", "meter reading cognition cognitio", "pericope", "wpprocesswpprocess"], []], "/r/LocatedNear": [[], [], [], []], "/r/SimilarTo": [[], [], [], []], "/r/MadeOf": [[], [], [], []], "/r/ReceivesAction": [[], [], ["taught in school"], []]}, "/r/IsA": {"/r/RelatedTo": [[], ["book", "story", "frankenstein", "don quixote", "wertherism", "novice", "shoot em up", "forsterian", "trekverse", "macroevolution", "duneverse", "roman \u00e0 th\u00e8se", "dime novel", "originality", "page turner", "blognovel", "whodunit", "prolog", "dereplicate", "novelish", "neophobe", "light novel", "nuevo", "bellairsian", "corporate raid", "duvelisib", "trekiverse", "bildungsroman", "paraliterature", "ivanhoe", "hardyesque", "unreliable narrator", "bondverse", "novels", "incubation", "creative writing", "novelistic", "fictionalize", "ho hum", "hyponeophagia", "novelesque", "tearjerker", "richardsonian", "aga saga", "ulyssean", "novelism", "round robin story", "novelness", "novelty", "k\u00fcnstlerroman", "romance", "gorean", "hypernovel", "fear of missing out", "nonnovel", "radioadaptation", "bonkbuster", "graphic novel", "sword and sorcery", "pulpeteer", "novelist", "novella", "howcatchem", "expanded universe", "wertherian", "e novel", "neophile", "hardyan", "yellowback", "neomorph", "hyperinnovation", "neophiliac", "potterian", "sweet savage romance", "noveldom", "mizoran", "grandisonian", "plot twist", "novex", "meganovel", "creativity", "novellike", "antinovel", "exhausted combination", "gothic", "epochmaking", "novelette", "novelese", "picaresque", "novelize", "creative", "novelization", "movieverse", "radcliffian", "novitiate", "serialize", "soft canon", "photoplay", "oat opera", "bwwm", "novellyr", "prologue", "fix up", "antiromance", "holonovel", "bodice ripper", "sherlock holmes", "blaze trail", "long", "modernism", "character", "fictio", "punishment", "long book", "long story", "writing", "news", "fiction book", "literature", "pages", "chapters", "mystery", "paper", "book type", "type", "fictional", "fictional book", "fantasy", "fantasy romance", "entertainment", "something new", "new", "urchi", "big book", "big"]], "/r/UsedFor": [[], []], "/r/LocatedAt": [[], []], "/r/FormOf": [[], ["novels"]], "/r/IsA": [[], ["book", "story", "novelette communication communicatio", "dime novel communication communicatio", "roman fleuve communication communicatio", "detective novel communication communicatio", "romance communication communicatio", "roman clef communication communicatio", " artifactbook artifact", "manga communication communicatio", " communicatiofiction communicatio", "read", "dime novel", "detective novel", "adventure novel", "average length novel", "novelwithfilmadaptation", "very long novel", "swordfish", "fictional work", "book of fictio"]], "/r/PartOf": [[], []], "/r/HasA": [[], []], "/r/CapableOf": [[], []], "/r/AtLocation": [[], ["bookstore", "shark", "story", "character"]], "/r/HasProperty": [[], []], "/r/CreatedBy": [[], ["writer", "author"]], "/r/Synonym": [[], ["a fresh ", "new", "a refreshing ", "unimitative", ""]], "/r/LocatedNear": [[], []], "/r/SimilarTo": [[], ["light novel"]], "/r/MadeOf": [[], []], "/r/ReceivesAction": [[], []]}, "/r/PartOf": {}, "/r/HasA": {}, "/r/CapableOf": {"/r/RelatedTo": [[], ["a illegitimate ", "illegitimate a ", "ad feminam", "mistrial", "disallow", "awikten 1correct", "sanity check", "bedchair", "avoidable", "illicit", "damn", "set aside", "vwikten 2affect", "nullify", "invalidism", "valid", "renunciation", "invalidate", "invalided", "invalidish", "corrupt", "invalids", "athetesis", "disallowed", "spamblock", "unvalid", "null and void", "expire", "invalidlyr", "invalidator", "invalidhood", "spoil", "invaliding", "invalidated", "nonlegitimate", "nugatory", "awikten 1valid", "annulment", "nullity", "breadberry", "killer poke", "not even wrong", "invalidity", "out of date", "misground", "non sequitur"], ["u\u2019s", "u tube", "damma", "raguileo alphabet", "y", "non u", "hyoid", "wikten 3china", "huma", "long vowel", "awikten 2upper class", "you", "rirrevocable", "monoclonal antibody", "stop codon", "mab", "home", "eye"]], "/r/UsedFor": [[], [], []], "/r/LocatedAt": [[], [], []], "/r/FormOf": [[], ["invaliding", "invalided", "invalids"], ["u's", "us", "you", "\u03bc", "wikten 4\u00fc"]], "/r/IsA": [[], [" persosick person perso"], [" communicatioletter communicatio", "abbreviation of'you"]], "/r/PartOf": [[], [], ["alphabet"]], "/r/HasA": [[], [], []], "/r/CapableOf": [[], ["read", "stay at home"], ["read", "by from home depot"]], "/r/AtLocation": [[], [], ["toll road"]], "/r/HasProperty": [[], [], ["vowel"]], "/r/CreatedBy": [[], [], []], "/r/Synonym": [[], ["v bodydisable body", "shut in person perso", "disabled", "expired", "nonvalid"], [" substanceuranium substance", " substanceuracil substance", "us", "usd", "uracil"]], "/r/LocatedNear": [[], [], []], "/r/SimilarTo": [[], ["a uncollectible ", "a fallacious ", "a sophistical ", "a false ", "null law ", "invalidated a ", "spurious a ", "a expired ", "fallacious a ", "expired a ", "a null law", "uncollectible a ", "a spurious ", "false a ", "sophistical a ", "a invalidated ", "aincorrect", "afalse", "aunacceptable", "auntrustworthy", "ainappropriate"], ["a upper class ", "upper class a "]], "/r/MadeOf": [[], [], []], "/r/ReceivesAction": [[], [], []]}, "/r/AtLocation": {"/r/RelatedTo": [[]], "/r/UsedFor": [[]], "/r/LocatedAt": [[]], "/r/FormOf": [[]], "/r/IsA": [[]], "/r/PartOf": [[]], "/r/HasA": [[]], "/r/CapableOf": [[]], "/r/AtLocation": [[]], "/r/HasProperty": [[]], "/r/CreatedBy": [[]], "/r/Synonym": [[]], "/r/LocatedNear": [[]], "/r/SimilarTo": [[]], "/r/MadeOf": [[]], "/r/ReceivesAction": [[]]}, "/r/HasProperty": {}, "/r/CreatedBy": {}, "/r/Synonym": {"/r/RelatedTo": [[], [], [], [], [], [], [], [], [], [], []], "/r/UsedFor": [[], [], [], [], [], [], [], [], [], [], []], "/r/LocatedAt": [[], [], [], [], [], [], [], [], [], [], []], "/r/FormOf": [[], [], [], [], [], [], [], [], [], [], []], "/r/IsA": [[], [], [], [], [], [], [], [], [], [], []], "/r/PartOf": [[], [], [], [], [], [], [], [], [], [], []], "/r/HasA": [[], [], [], [], [], [], [], [], [], [], []], "/r/CapableOf": [[], [], [], [], [], [], [], [], [], [], []], "/r/AtLocation": [[], [], [], [], [], [], [], [], [], [], []], "/r/HasProperty": [[], [], [], [], [], [], [], [], [], [], []], "/r/CreatedBy": [[], [], [], [], [], [], [], [], [], [], []], "/r/Synonym": [[], [], [], [], [], [], [], [], [], [], []], "/r/LocatedNear": [[], [], [], [], [], [], [], [], [], [], []], "/r/SimilarTo": [[], [], [], [], [], [], [], [], [], [], []], "/r/MadeOf": [[], [], [], [], [], [], [], [], [], [], []], "/r/ReceivesAction": [[], [], [], [], [], [], [], [], [], [], []]}, "/r/LocatedNear": {}, "/r/SimilarTo": {}, "/r/MadeOf": {}, "/r/ReceivesAction": {"/r/RelatedTo": [["reading", "page", "library", "literature", "writing", "paper", "read", "story", "print", "character", "cover", "history", "word", "gastroporn", "hogwarts", "bookshelf", "book", "stack", "book keeping", "bookhouse", "book ridden", "refereed", "bibliomystery", "bibliophobia", "mediasphere", "due", "author", "locker", "dictionary", "title", "school", "letter", "poetry", "paragraph", "office", "audit", "gospel", "add", "opinio", "lear", "abridgement", "content", "begi", "write", "desk", "colony", "mystery", "fantasy", "margi", "case", "sheet"], ["print", "article", "colum", "red top", "press", "strike sheet", "tabloidization", "k hed", "pantigate", "tabloidlike", "clipping", "obituary", "shopper", "secondary source", "camillagate", "newspapers", "sunday", "headsheet", "blanket sheet", "small ad", "guardian", "daily wail", "eveninger", "newspaperish", "editorialist", "stop press", "journal", "funny paper", "program guide", "local", "pressman", "jump page", "reading material", "photogravure", "advice column", "pullout", "editor", "reviewer", "pravda", "sports page", "headline", "sports final", "paperwoman", "newsstand", "pictorial", "running headline", "stringer", "newsdesk", "clipsheet", "daily heil", "guardianista", "comic", "dead donkey", "adverticle", "front page", "wire service", "newspapering", "pink un", "house organ", "copydesk", "syndicated", "spread", "viewspaper", "classified advertisement", "scc", "alt weekly", "put to bed", "contemporary", "adpaper", "wapo", "sunday strip", "scoreline", "alternative press", "e newspaper", "weather forecast", "op ed", "newsboard", "paper round", "newstrade", "news", "daily fail", "insert", "sun", "newspaperdom", "rewriteman", "cross reading", "sketchwriter", "arte povera", "salutatory", "agony column", "funnies", "printed matter", "filler", "headlinese", "tabwikten 6", "press time", "paper hat", "broadsheet", "nameplate", "newspaperless", "news house", "trade newspaper", "newsweekly", "newsbox", "times", "funny pages", "paper", "mass media", "contributor", "polybag", "stop list", "vgerund", "supplement", "paperboy", "paper shop", "subscribe", "dazibao", "lonely hearts", "above fold", "advice columnist", "grauniad", "green un", "publicatio", "tieback", "publishing", "kiosk", "reporter", "columnist", "spadea", "paperman", "issue", "streamer", "blue box", "subeditor", "syndication", "spot ball", "earned media", "newsbook", "news correspondent", "masthead", "old media", "newspaperism", "mercury", "journalese", "newspapered", "newspaperman", "newsagent", "item", "illustrated", "newsprint", "open letter", "california blanket", "archive", "funny papers", "tabloid"], ["news", "bumf", "paper", "passport", "documents", "identificatio", "book", "note", "desk", "file", "case", "page", "writing", "card", "school", "opinio", "report", "mark", "print", "deed", "colum"], [], [], [], [], ["red", "fluid", "liquid", "body", "veins", "red liquid", "in veins", "cells", "arteries", "wound", "body fluid", "bleed", "bends", "vei", "huma", "red fluid", "plasma", "life", "bodily", "in body", "inside", "bodily fluid", "flea", "heart", "cut", "bleeding", "vessel", "body liquid", "red cells", "oxyge", "autoregulation", "chocolatize", "aglycemia", "bloodstream", "hypermanganesemia", "seroneutralisation", "aldosteronemia", "atmospherization", "flow motion", "testosteronemia", "circle of willis", "xanthemia", "hemorphin", "serologicallyr", "bloody up", "hyperemia", "hematocele", "autolysis", "macrocirculation", "hypercapnia", "euvolemia", "hemoximetry", "exsanguious", "hyperlipasemia", "haemorrhage", "colombian necktie", "bloodstaining", "sanguinolent", "pink up", "leukapheresis", "give blood", "idiopathic postprandial syndrome", "hypocortisolemia", "lymphocytopenia", "gastrinemia", "coagulatio", "youngblood", "hypolipemia", "heterolysis", "hemolymph", "bloodsome", "normoinsulinemic", "hypercalcemia", "hypermethioninemia", "nephron", "hematodeficiency", "icterus", "hematoimmune", "hyperglyceridemia", "congestive heart failure", "von willebrand disease", "repletion", "hypovolemic", "zona glomerulosa", "lymphoreplete", "hepatitis c", "exsanguineous", "murmur", "cruorin", "angiology", "acetaldehydemia", "systole", "hypernoea", "alkalosis", "hypoestrogenemia", "hypermagnesemia", "vein", "hypercoagulopathy", "hyperoxalemia", "transubstantiate", "proteinemia", "hemophilic", "ghrelinemia", "aglycosuria", "cackle bladder", "hemophoric", "kalemia", "erection", "hypobilirubinemia", "hemoflagellate", "nateglinide", "bone", "sea louse", "astringency", "pseudomenstruation", "transpeptidasemia", "relationship", "microcirculation", "granulocytosis", "hemocompatibility", "hypoperfusion", "unfed", "body louse", "lycopenodermia", "leptospiremia", "hemosputum", "antilipemic", "bloodstage", "hypothromboplastinemia", "menstrual sponge", "blood supply", "stream clock", "haemadromograph", "hyperglobulinemia", "hazardous material", "haematophobia", "hypercholesterolemia", "hemotrophic", "nitrogen narcosis", "fibrin", "lipohemarthrosis", "hypercalcinemia", "juice", "parasitemia", "von willebrand's disease", "hypophosphatemia", "bloodied", "eunatremia", "spanaemia", "hypercortisolemia", "capillary bed", "seroclearance", "psychic surgery", "citrullinemia", "sinusoid", "bloodless", "ait", "myocardial ischaemia", "accelerin", "hypoprothrombinemia", "abacteremic", "hyperindicanemia", "genometastasis", "hemosome", "cryofibrinogenaemia", "myelodysplasia", "transient ischemic attack", "cell count", "endocrine gland", "oximeter", "renal corpuscle", "hypohemia", "hypalbuminemia", "hypokalemia", "paraprotein", "alveolus", "lightning bird", "hypercoagulability", "positive", "hematocolpos", "hypercortisonemia", "normohomocysteinemic", "invination", "atorvastatin", "serogenotype", "menstrual fluid", "viropositive", "end artery", "punkie", "hypoprofusion", "spanaemic", "mucosanguineous", "fmait", "azotemia", "compression pump", "melangeur", "procoagulant", "leukocytemia", "bloody mary", "autohaemorrhaging", "transglutaminase", "breathalyzer", "pumper", "spoliative", "syllectometry", "hyperviscosity", "hemoadsorption", "blood relatio", "tophus", "lochia rubra", "kinship", "curdle", "leaf lard", "hyperghrelinemia", "hemangioblast", "hemoperfusion", "serocompatible", "blood test", "pulmonary alveolus", "paraproteinemia", "hyperlysinemia", "marriage", "bandemia", "bone marrow", "hypophosphatasemia", "pseudomenses", "hematofluorometer", "retrograde perfusion", "cryoglobulinemia", "hematospermia", "buffy coat", "oximetry", "haemocoel", "bolus", "consanguined", "bloodsucking", "hyperlipidemia", "autotransfusion", "hypocalcemia", "hypocholesterolemia", "magnesiotropic", "euglycemia", "throb", "vampirism", "co oximeter", "protidemia", "sinusoidal", "hyperchloremia", "hypersulfatemia", "hematic", "homocysteinemia", "hemocompatible", "ecchymoma", "exsanguine", "hemopneumoperitoneum", "ichor", "murinoglobulin", "flow", "carbaminohemoglobin", "subdural hematoma", "eucapnia", "fungaemia", "cyanosis", "hyperphosphatasemia", "gray platelet syndrome", "hemocoagulase", "postprandial dip", "cholesterolemia", "ichthyosarcotoxin", "myovascular", "reptilase time", "haemol", "nitrophorin", "hemophobia", "hyperlymphocytosis", "dinuguan", "mycobacteremia", "thoracic duct", "hypokalemic", "corticosteronemia", "brachiocephalic artery", "normokalemia", "blood relationship", "acatalasaemia", "reperfusion", "prolactinemia", "erythroblastemia", "well done", "coagulometry", "kissing bug", "sanguine", "normoprolactinemic", "acidaemia", "prionaemia", "fibrinogenemia", "bloodied up", "estrogenemia", "hypercreatininemia", "hematocytopenia", "hypergammaglobinemia", "hyperadiponectinemia", "rbc", "hypoketosis", "empurple", "aminoacidemia", "myocardial infarction", "chloridaemia", "natremia", "haemato", "blood and ouns", "lu\u00edr cheltchair", "thromboregulation", "hypercitratemia", "carboxyhaemoglobinaemia", "hemoculture", "hemostasis", "sanguiferous", "normolipemia", "rickettsiemia", "unsaturated fat", "cock ring", "blood bank", "blood transfusion", "hematoma", "neutrophilia", "dyshemopoiesis", "hypercarbia", "coagulopathy", "hematocyte", "hemosiderophage", "schizontaemia", "blood brother", "moyamoya disease", "bodies", "hypoproaccelerinemia", "anticlot", "rheoencephalography", "reticulocytemia", "hyperchylomicronemia", "creatininemia", "bloodletting", "glomus", "obesity hypoventilation syndrome", "dyslipoproteinemia", "tourniquet", "hyperglycinemia", "vasocongestion", "bruise", "hypercholesteraemia", "hematoid", "ferrometer", "real presence", "microhematuria", "hypervalinemia", "haemoid", "black pudding", "dromograph", "hypoaminoacidemia", "hemoperitoneum", "solenophagous", "alcotest", "plasminemia", "lithaemia", "microproteinemia", "volemic", "crab louse", "great vessel", "hematopathology", "vas", "methemoglobinemia", "sanguify", "acanthocytosis", "aleukocytosis", "haemo", "uratosis", "peroxinectin", "sap", "hemopigment", "lipidemic", "sanguivore", "erythrocytapheresis", "oxalemia", "vital", "lipidogram", "myelophthisis", "hyperinosis", "beblood", "santilmo", "bloodstroke", "transaminemia", "androgenemia", "c reactive protein", "stromuhr", "blooder", "exsanguination", "blood donor", "parablast", "serolin", "sulfhemoglobinemia", "hematoprotozoan", "bloodfed", "hemothorax", "normokalemic", "benzidine", "trehalosemia", "greengill", "lysin", "hypervitaminemia", "cytoid", "ketoacidemia", "haematogenous", "pipobroman", "bloodlike", "lipostasis", "pressed duck", "serodominant", "coronary sinus", "livor mortis", "fingerstick", "lymphopenia", "cystocyte", "immunoadsorption", "sibling", "fibrinoplastin", "coagulometer", "sanguifluous", "neurothelin", "hemacite", "acapnia", "chylomicronemia", "devascularization", "hypercomplementemia", "exsanguinate", "hyposerotonemia", "antiricin", "ecchymosis", "pulmonary vein", "statin", "haemodialysis", "liver function test", "family", "manganesemia", "complete blood count", "haemaphaein"]], "/r/UsedFor": [["bookshelf", "teach", "lear", "store informatio", "reading", "carry on bag", "make money", "shelf", "share knowledge or to entertai", "bookcase", "shopping bag", "entertai", "tote bag", "press flowers", "hold knowledge", "educate", "bookend", "store encoded ideas", "paper"], ["reading", "informing people"], ["desk drawer", "attach case", "binder"], [], [], [], [], []], "/r/LocatedAt": [[], [], [], [], [], [], [], []], "/r/FormOf": [["book", "vbook"], ["newspapered", "newspapers", "newspapering"], ["paper", "vpaper"], [], [], [], [], ["bloods"]], "/r/IsA": [["dictionaries", "printed paper", "different sizes", "storage devices", "fiction and", "anthologies", "sequences of words", "literature", "about mysteries", "fictional stories", "fantasies", "products", "fictio", "smaller than people", "music to albums as words", "start and finish", "find inside", "good place to find stories"], ["school newspaper communication communicatio", "tabloid communication communicatio", "gazette communication communicatio", " grouppublisher group", "daily communication communicatio", "media", " communicatiopress communicatio", " artifactproduct artifact", " substancepaper substance", "collection of rough paper sheets", "sun", "opencycnewspaper seriesconceptual work", "reliable source of informatio", "document", "opencycnewspaper seriesperiodicalopencycperiodical series", "find downto ", "archive", "opencycnewspaper copyphysical information bearing object", "singular newspapers plural", "opencycnewspaper copyperiodicalopencycperiodical copy", "one source for news", "usa today", "opencycnewspaper copydisposable object", "for recycling", "published every day"], ["frequently", "abbreviation of newspapers", "documents", "most commonly hoarded items"], [], [], [], [], ["bodily fluid", "blood clot body vertebrate", " vertebrateliquid body substance", "arterial blood body vertebrate", "lifeblood body vertebrate", "bloodstream body vertebrate", "cord blood body vertebrate", "blood group body vertebrate", " attributedisposition attribute", " grouppeople group", "gore body vertebrate", "venous blood body vertebrate", "whole blood body vertebrate", "menorrhea body vertebrate", "aqueous buffer solution", "liquidopencycliquid tangible thing", "liquid", "rh negative", "rh factor"]], "/r/PartOf": [[], ["feature communication communicatio", "rotogravure communication communicatio", "column communication communicatio", "news item communication communicatio", "news article communication communicatio", "sports section communication communicatio", "comic strip communication communicatio", "headline communication communicatio", "personals", "sports page", "informatio", "coupo", "news", "colum", "classifieds", "public announcments", "story", "editorial", "front page"], [], [], [], [], [], ["body", "blood cell body vertebrate"]], "/r/HasA": [["library", "bookcase", "pages", "sentences", "bookshelf", "many uses", "stories", "pages i", "owners because products", "index", "words bindings and titles", "librararies", "more pages than booklets", "public library", "words and sometimes pictures i"], ["news in paper format", "many columns", "information about many things"], ["attach case"], [], [], [], [], ["water", "many types of cells", "most animals"]], "/r/CapableOf": [["belong on shelves", "further knowledge", "burn quickly", "win prizes", "explain problems", "teach about tennis", "include informatio", "gathering dust in library", "include pictures"], ["list advertisers", "report events", "spread news", "report weather changes", "announce", "advertise", "communicate", "motivate", "educate", "air rumours", "inform", "spread lies"], ["get in mess"], [], [], [], [], ["coursing through veins", "course through veins", "course from cut artery", "coursing through horse's veins", "can coursing through veins"]], "/r/AtLocation": [["shelf", "words", "desk", "backpack", "table", "cabinet", "beaver", "classroom", "blowfish", "ficus", "monkey", "lizard", "desktop", "wrods", "hotel", "sloth", "large city", "pictures", "college", "attic", "light source", "room", "mammoth", "bed", "friend's house", "university"], ["advertising", "puzzle", "editorial", "comics", "ad", "headlines", "classified advertisements", "obituaries", "statement", "weather reports", "informatio", "article", "front door", "text", "classified ad", "comic strip", "story", "cartoons", "pictures", "price of commodities", "temperature records", "words", "price of oil", "price of gold", "real estate pictures", "price of silver", "riddles", "display ads for automobiles", "opinio", "national weather", "date", "dick tracy", "subway", "price of bonds", "current events", "classified ads", "letters to editor", "ads", "editorials", "international news", "snoopy", "paper page", "library", "hockey standings", "trash", "la ", "price of over counter stocks", "weather map", "headline", "news", "headline news", "floor", "display ads", "classified ads for apartments rent", "porch", "written articles", "display ads for department stores", "bit of informatio", "news articles", "ink", "liberal propaganda", "stock quotations", "letters", "dear abby", "exchange rates", "photographs of recent events", "classifieds", "dow jones averages", "real estate ads", "comic strips", "printed characters", "rug", "house", "copy", "classified ads for furniture", "print", "advertisments", "coupo", "newsprint", "stock news", "classified advertising", "piece of informatio", "bottom of bird cage", "weather predictio", "advertising panel", "articles", "page", "real estate news", "news story", "jail", "obituary", "want ads", "stories", "classified ads for used cars", "classified ads for homes rent", "headlines of stories", "classified ads for homes sale", "sports page", "picture", "opinions", "classified ads for help wanted", "display ads for politicians"], ["meeting", "drawer", "table", "suitcase", "garage"], [], [], [], [], ["hospital", "vei", "perso", "capillaries", "soccer game", "war"]], "/r/HasProperty": [["entertaining", "full of writing", "borrowed only if available", "good for learning new stuff", "great for kids", "engaging", "very old", "wonderful to read", "written and read", "like new", "important"], ["light", "folded"], ["recyclable"], [], [], [], [], ["tasty", "liquid"]], "/r/CreatedBy": [[], [], [], [], [], [], [], []], "/r/Synonym": [[], ["newspaper publisher group", "paper communication communicatio", "newsprint substance", "paper group", "newsprint", "paper artifact", "vpaper", "daily newspaper", "daily paper", "daily"], [" communicatiodocument communicatio"], [], [], [], [], [" grouplineage group", " persorake perso", "purging", ""]], "/r/LocatedNear": [[], [], [], [], [], [], [], []], "/r/SimilarTo": [[], [], [], [], [], [], [], ["crip"]], "/r/MadeOf": [["papers"], ["ink and paper"], ["book", "books"], [], [], [], [], ["haemoglobi", "haemogloi"]], "/r/ReceivesAction": [["read", "writte", "found in library", "found in libraries", "kept in library", "discussed in terms of genre", "bought at bookshop", "made for reading", "found in bookstores", "read for entertainment", "made up of pages paper", "stored on bookshelves", "made from paper", "filled with varied and interesting topics", "placed on shelves made of glass", "found in libraries and bookstores", "stored on shelf", "read by humans", "organized by dewey decimal system", "stored on bookshelf", "made from stacked sheets of paper", "stored on shelves", "opened", "touched", "stored o", "written by humans", "written by writers", "written on paper", "found in bookcase", "purchased with money", "made up of pages", "printed with ink"], ["printed on large sheets of paper", "read", "read by candlelight", "composed of several separate pages", "used as fuel for fire"], ["read", "recycled easily", "re used by recycling", "recycled", "stored in manila folder"], [], [], [], [], ["read"]]}}}, "":{}}