{"remote_control": {"N1": {"/r/RelatedTo": ["channel surf", "key fob", "flipper", "telecontroller", "by wire", "vehicle", "zapper", "remote keyless entry", "televisio", "channel stopper", "remote controlled", "teleautomaton", "plipper", "zap", "plip", "teleautomatic", "device", "appliance", "channel changer", "remote controls", "channel hop", "radio controlled car", "operate"], "/r/UsedFor": ["change channel", "control device from distance", "turn on televisio", "changing television program from distance", "change channels", "open garage door"], "/r/LocatedAt": [], "/r/FormOf": ["remote controls"], "/r/IsA": [" artifactdevice artifact", "control device", "device"], "/r/PartOf": [" artifactremote control bomb artifact"], "/r/HasA": [], "/r/CapableOf": [], "/r/AtLocation": ["on off switch", "televisio"], "/r/HasProperty": [], "/r/CreatedBy": [], "/r/Synonym": ["remote artifact", "remote", "zapper", "clicker"], "/r/LocatedNear": [], "/r/SimilarTo": [], "/r/MadeOf": [], "/r/ReceivesAction": []}, "N2": {"/r/RelatedTo": {"/r/RelatedTo": [[], [], ["wide", "flippery", "play", "swim fin", "vslap", "marine", "low", "ball", "inlane", "adapted", "paddle", "machine", "flat", "spi", "tooth", "bog snorkeling", "white flippered penguin", "homology", "walrus", "pitch", "latipinnate", "leg spi", "covering", "temporary", "flip", "bowled", "whales", "limb", "lever", "hand", "phocomelia", "skid", "player", "mammal", "clicker", "fi", "backwards", "swimming", "hindflipper", "rubber", "false", "flipperless", "remote control", "foot", "flipperlike", "longipinnate", "spatula", "bowler", "bounce", "pinball", "flippered", "fish"], ["remote control", "telecontrol"], [], ["car", "boat", "drive", "va", "tank", "jeep", "truck", "vehicularlyr", "burglary", "squawker", "hi rail", "ride on", "hgv", "speed limit", "panel beater", "ramraid", "hang ralph", "quad bike", "inspection pit", "medium", "fuel economy", "evener", "rapid unplanned disassembly", "drying", "axle stand", "ride shotgun", "uav", "vehicular", "power car", "passing place", "hitchhike", "test drive", "prime mover", "dispatcher", "pedestrian precinct", "roadcraft", "headstock", "ramp travel index", "vehiculation", "rearseat", "intervehicle", "status zero", "wheelbase", "roadkill", "bomb it", "diesel", "panel beaters", "snowplane", "railroad", "biohybrid", "caravan", "steering wheel", "back in", "hybrid electric vehicle", "space environment", "drift", "rustbucket", "car bra", "expressio", "hijacking", "safety car", "four wheeler", "four wheeling", "tractor unit", "ice racing", "shop time", "skyship", "underride", "taillight", "carry", "double decker", "handbrake", "playmobile", "mechanized", "tank up", "artmobile", "castle doctrine", "vehicles", "i don't drive", "outshop", "multilink", "back onto", "wagon", "subframe", "tramcar", "mud bogging", "caterpillar track", "suicide bomber", "towline", "hummer", "broom wagon", "brake pedal", "gross weight", "parking brake", "carrying capacity", "first party logistics", "thinking distance", "carjack", "camber", "transit", "taxi", "breedermobile", "antivehicle", "unroadworthy", "hot rod", "craft", "lubritorium", "feller buncher", "hovercraft", "mvc", "antirollover", "fuel tank", "guidewheel", "carromata", "underbody", "coast", "chevron", "speedometer", "bloodmobile", "campervan", "flatbed truck", "semiconvertible", "hit pavement", "wheel arch", "blue light", "draft", "breeching", "device", "motorway", "launch complex", "dune buggy", "snowmobile", "trackway", "high occupancy vehicle", "landing craft", "blingmobile", "smoker", "talent", "horse block", "dual control", "windscreen", "velomobile", "motor pool", "dark ride", "fast lane", "hydrail", "remote control", "agent", "mobility kill", "at wheel", "kangaroo bar", "transloader", "underguard", "berth", "pay and display", "roll on off", "convertible", "ridesharing", "zil lane", "traffic", "fire engine", "autorack", "heap", "aifv", "sack barrow", "run on fumes", "convoy", "go faster stripe", "vector", "shitcan", "meat wagon", "railway", "enrichener", "nearside", "ice cream truck", "transit lane", "powertrain", "practice", "hydraulics", "airscoop", "overwatch", "lap belt", "cruiser", "liquid", "monowheel", "recreational vehicle", "handlebar", "cd plate", "splashboard", "pullout", "rickle", "space shuttle", "driver's licence", "coachbuilder", "mode of transport", "battlewagon", "take wheel", "hail and ride", "intravehicular", "batmobile", "demolition derby", "sled", "sport utility vehicle", "school crossing attendant", "speed camera", "individual", "right hand drive", "hang uey", "motor insurance", "accessory equipment", "aev", "foretop", "on foot", "mission kill", "wheelie", "navigate", "steering arm", "ice cream van", "kilometrage", "dashcam", "automobile", "tattler", "back out", "loadspace", "road roller", "ironclad", "bent spear", "taxicab", "transformer", "negligent entrustment", "driving licence", "camper", "scrutineer", "speed bump", "countersteer", "toe", "lane", "ammonia borane", "guideway", "offside", "net weight", "velology", "shooting brake", "hijack", "dashtop", "gps receiver", "tank wagon", "headwind", "bolo", "monojet", "mah\u0101", "terramechanics", "mileage", "nationality sign", "your chariot awaits", "shunt", "excipient", "desire line", "chrome horn", "straddle carrier", "launch vehicle", "denver boot", "conduit", "banksman", "gearstick", "half track", "soapbox car", "towee", "chair", "runabout", "jaws of life", "rollback", "shandrydan", "hotel load", "hackney cab", "chariot", "transport", "trafficator", "specific thrust", "kerb weight", "omnibus", "handcycle", "vehiculate", "aerial surveying", "passenger", "humvee", "hang louie", "extravehicular", "radial tire", "mirv", "reflector", "tie rod", "carplane", "jalopy", "platform", "roadkilled", "ontos", "underhood", "rear end", "body part", "washwipe", "wrecker", "turn by navigation", "local lane", "wheels", "kickdo ", "ambulance", "anti sway bar", "bucket", "multivehicular", "firetruck", "conveyance", "carjacking", "mail truck", "transporter", "tachograph", "freightwagon", "luggage cart", "bumper", "banana solution", "karting", "vehiclelike", "parking disc", "softroader", "lay by", "back seat", "collector lane", "armor plated", "axle loading", "cut and shut", "spiritual", "linkspan", "motability", "misfuel", "dragline excavator", "ferryboat", "hippiemobile", "flatbed", "hot truck", "carhop", "hydrogen vehicle", "mudguard", "motorman", "unboard", "bombardier", "mtpl", "space capsule", "granny gear", "turn turtle", "auto insurance", "go cart", "vehicularly challenged", "substance", "drop kerb", "jaunting car", "invoice", "wiring harness", "fuckmobile", "fire truck", "on road", "voiturette", "streamline", "vectorize", "opacifier", "dial ride problem", "mammy wagon", "wheel artist", "loadout", "tire gauge", "object", "bishop", "hydrobot", "pod", "shimmy", "bumper car", "pedrail", "excavator", "jaywalker", "on roader", "hit road", "triaxle", "dumper", "bus", "quartermaster train", "antisway", "e tag", "jack knife", "mechanized infantry", "tailswing", "vehicled", "subhauler", "windshield", "rubbernecking", "sound truck", "tire pressure", "mind gap", "sack truck", "road rage", "onboard", "balloon loop", "brake line", "travel sickness", "view", "cruise control", "dustcart", "propeller shaft", "gas hog", "atv", "pile up", "pedomotor", "dome light"], ["zappers", "remote control", "televisio", "bug zapper"], [], [], [], [], ["remote control", "machine", "move", "teleautomatic"], ["unlock", "plip", "remote control", "key", "plippers"], ["shock", "north dakota", "velectrostatic", "zappable", "zaps", "venergy", "vdiscard", "public", "electricity", "raucous", "embarrass", "political", "vremote control", "zapping", "vtelevisio", "vchannel", "demonstratio", "vkill", "vdelete", "vcharge", "vdischarge", "veliminate", "vdamage", "activism", "vmicrowave ove", "energy", "zapped", "bolt", "jolt"], ["plips", "motor vehicle", "locking", "plipper", "plop", "remote control"], ["amovable", "aremote control", "ateleautomato"], ["scale", "eye", "clock", "phone", "bed", "ear", "watch", "gdi", "machine", "chair", "toy", "boat", "transducer", "percussive maintenance", "slave", "rice mill", "keyboarding", "passthrough", "edd", "cryptograph", "bottle cage", "red box", "detector", "lie detector", "photomultiplier", "tdd", "bug", "tenderometer", "judas cradle", "water pipe", "keyer", "breathalyzer", "cold trap", "pointing stick", "imprese", "immobiliser", "zip drive", "commingler", "water boiler", "anti personnel", "reducer", "inkjet", "electroscope", "noctovisor", "podcatcher", "crossatron", "claptrap", "cast", "small computer systems interface", "haploscope", "upgradable", "oropharyngeal", "frame rate", "company seal", "brown box", "trademark", "nixie tube", "implementation", "radiation hardening", "startracker", "calving jack", "latrine", "dematerializer", "anticounter", "john", "laminator", "cannulator", "smoke hood", "intonator", "permiss", "bus mastering", "biodevice", "fixture", "filter", "black box", "piezotranslator", "psychogalvanometer", "canceler", "electromyograph", "cut out", "dimensioner", "melograph", "diverter", "crane", "floatstick", "foam roller", "scheme", "sperminator", "viewfinder", "bender", "rhetorical", "video card", "push pull", "mahovos", "swingometer", "line lock", "infinity box", "weather vane", "vacuum fluorescent display", "wind turbine", "biohybrid", "fartometer", "musical instrument", "turbidostat", "impleader", "wackometer", "trafficator", "image tube", "blotto box", "kendrick extrication device", "coder", "jammer", "pinball", "calculator", "eupryion", "sprinkler", "smart plug", "timeserver", "bicycle stand", "tail lift", "bioprinter", "insectocutor", "pass and play", "pelorus", "syntonize", "kitchen timer", "coupling", "circuit bending", "plugfest", "predecessor", "memory palace", "cryoextractor", "powerbank", "downconverter", "transmitter", "centralizer", "phonoscope", "flashforward", "paper fastener", "light emitting diode", "multilicence", "hydrospring", "shatterbox", "wiring harness", "air cleaner", "enlarger", "stop motion", "fitting", "game controller", "penning trap", "permissive action link", "aquastat", "dictograph", "memory stick", "star tracker", "biobattery", "seismic damper", "cytoscreener", "power point", "car replacer", "deflagrator", "hub", "hung", "gag", "honda", "stingray", "mail bomb", "birdcall", "crossed loop sensor", "inundator", "magenta box", "slewwikten 2", "automation", "applicator", "microdevice", "self insertion", "crackmeter", "motherboard", "goniometer", "sensor", "hand fan", "limetwig", "wiring loom", "applanator", "anticipator", "spark arrestor", "letter bomb", "knee splitter", "transportability", "rocket belt", "mousetrap", "gimmick", "electrostatic precipitator", "isotron", "nanosquid", "vehicle", "lightbox", "computator", "human interface device", "bat detector", "radiumizer", "junction diode", "discriminator", "intubator", "local area network", "uroflowmeter", "peripheral device", "fuel cell", "slip ring", "syntonization", "codec", "psychotronics", "electroglottograph", "synthesizer", "mass spectrometer", "heat engine", "duplexer", "nanomachine", "anchor", "smoke machine", "anti climb", "optic", "radioconductor", "viewer", "phase tester", "zograscope", "catchwater", "checkout", "orthotist", "circuitry", "time machine", "sideload", "spoiler", "quantimeter", "wake word", "pyrheliometer", "millirobot", "lightning detector", "microsequencer", "baghouse", "blue box", "zone", "serpentine belt", "purging", "sex aid", "eviscerator", "have time", "alarm", "double adapter", "washwipe", "cryoscope", "recombiner", "darning mushroom", "clockwork", "tracer", "cutter", "bee vacuum", "thermionic valve", "reader", "electrotachyscope", "kymograph", "ammoniaphone", "pager", "wringer", "device driver", "holoviewer", "ilizarov apparatus", "purchase", "farspeaker", "dosimeter", "anticoherer", "retrofit", "condenser", "wired", "verticutter", "penis cage", "piezoelectric", "pump truck", "twain", "deviceless", "encoder", "hardwired", "motionwork", "noseclip", "programmable logic array", "descrambler", "byod", "tape echo", "recombinator", "antirepeater", "microfiche", "hardware", "blackberry", "weather eye", "teletimer", "communicator", "van de graaff generator", "chimney cap", "joystick", "pseudoterminal", "bioinstrument", "breadboard", "urchin", "pallet truck", "violet box", "molecular assembler", "geolocator", "quotative", "countermeasure", "jumpwikten 1", "resuscitator", "ground proximity warning system", "spring loaded", "exsanguinator", "bleep", "blower", "aerial work platform", "moly cow", "monotelephone", "cardiostimulator", "scanner", "e meter", "photographone", "electronic", "teleprompter", "praxinoscope", "churrera", "solar cell", "decompactor", "x y recorder", "autoreverse", "gold box", "telephote", "comparator", "rattrap", "holocorder", "arium", "accelerator", "gamma camera", "impactor", "booby trap", "plunger", "sublimer", "heat gun", "inebriometer", "maintainer", "tractor beam", "decoder", "telegraphone", "tailhook", "test bench", "opener", "knotter", "ballhead", "urinary", "macroscope", "metal detector", "transporter", "handwasher", "crescograph", "transverter", "charbroiler", "firepot", "nanophotonics", "flip chip", "screen", "stopwikten 1", "dictation machine", "digital detox", "compensator", "multichanger", "rattletrap", "electroceutical", "eyewear", "quick freeze", "covers", "pie bird", "document camera", "vignetter", "concessio", "interrupter", "spanish tickler", "cryodevice", "garage door opener", "polaritonics", "bluejacker", "gunter", "roentgenometer", "contrivance", "earmold", "smokejack", "exercise machine", "curvimeter", "transceiver", "pushpad", "back to connection", "sender", "hawaiian sling", "usability", "junction detector", "media center", "impress", "beacon", "isolator", "phaser", "subdevice", "multitracker", "zener diode", "hyfrecator", "shock absorber", "spectroradiometer", "hypophora", "tricorder", "hug machine"], ["ove", "toaster", "hardline", "device", "trouser press", "brushbar", "means", "food processor", "implement", "orthotic", "wattage", "fonzie touch", "diagraphics", "disconnect", "slow cooker", "remote control", "bread maker", "babysitter test", "machine", "washout", "soy milk maker", "muntzing", "combi deck", "space heater", "gasfitting", "fascia", "fixture", "instrument", "tool", "freezer", "cooker", "iron", "amplifier", "conjurer", "utility room", "receptacle", "apparatus", "gas line", "durable good", "applicable", "rice cooker", "toastie maker", "hopperdozer", "applianced", "bibcock", "washer", "bread machine", "horse drench", "gasfitter", "toilet brush", "domestic", "applicatio", "fryolator", "waffle iron", "safety cage", "hot stove", "medicator", "appliances", "orthotics", "smoothing iron", "electricity", "bottine", "dental engine", "cookline", "end", "power cord", "epithesis", "appliancelike", "attachment", "home appliance", "home", "apply", "central vacuum", "refrigerator", "vacuum", "range", "iro", "fa", "stove", "clock", "electrical", "kitche", "kettle", "kettle iro", "compact", "mixer", "stove refrigerator", "refrigerator stove"], [], [], [], [], ["drive", "manipulator", "air traffic controller", "ranch", "in effect", "miller", "necrocracy", "hand held", "passive armour", "unavailable", "silent", "railroad", "operant", "recalcitrant", "run on", "vwork", "inoperable", "misoperate", "fire on all cylinders", "camera worker", "baler", "public school", "discharge", "ergasiophobia", "run like top", "e librarian", "operateth", "agentspace", "reoperate", "pitmaster", "operative", "fund house", "run off", "machinist", "operating", "liftman", "bolt on", "hotelman", "beatles", "keypuncher", "public private partnership", "concession", "leverwikten 1", "telemotor", "teleoperator", "operates", "bidirectional", "multinational", "operable", "trade name", "flare", "manipulate", "operance", "military prison", "pinball", "bottom feeder", "live streamer", "bridgetender", "energic", "treadler", "veffect", "childproof", "vcommodity", "nasal", "sound technician", "engineman", "control tower", "reelman", "lone wolfing", "telephone operator", "operatest", "core temperature", "slogginess", "vlabour", "virtual memory", "state owned enterprise", "remote control", "winchman", "machiner", "run", "wizard of oz experiment", "cranker", "light jockey", "turnkey", "freewheel", "duck and dive", "fodder", "chinwikten 1", "skinner box", "syntonize", "syntonization", "sonarman", "pelican crossing", "operated", "hydrodynamic", "teletype", "battery powered", "coin op", "underfire", "teleoperate", "dos", "high speed rail", "vphysical", "hobday", "derivationalism", "vstock", "unmanned", "unembodied", "skeleton crew", "puppetmaster", "pumpman", "operator", "telemechanism", "unwieldy", "operatio", "control"]], "/r/UsedFor": [[], [], [], [], [], ["travel", "mobility"], [], [], [], [], [], [], [], [], [], [], [], ["fiddling"], [], [], [], [], ["mouse artifact contact", "push button artifact contact"]], "/r/LocatedAt": [[], [], [], [], [], [], [], [], [], [], [], [], [], [], [], [], [], [], [], [], [], [], []], "/r/FormOf": [[], [], ["flippered", "flippering", "flippers"], ["telecontrollers"], [], ["vehicles"], ["zappers"], [], [], [], [], ["teleautomata"], ["plippers"], ["zapped", "zaps", "zapping"], ["plips", "plipping", "plipped"], [], ["devices"], ["appliances"], [], [], [], [], ["operated", "operates", "operating"]], "/r/IsA": [[], [], [" artifactshoe artifact", " animallimb body", "limb"], [], [], ["truck", "car", "plane", "boat", "craft artifact", "bumper car artifact", "sailboat", "machine", "canoe", "electric vehicle", "rocket artifact", " artifactconveyance artifact", "wheeled vehicle artifact", " communicatiomedium communicatio", "unicycle", "steamroller artifact", "sled artifact", "cart", "military vehicle artifact", "skibob artifact", " substancesubstance", "tractor", "watercraft", "coach", "bmw", "ship", "airplane", "moped", "glass", "new energy vehicle", "mechanism", "va", "bicycle"], [" artifactelectrical device artifact"], [], [], [], [], [], [], [" eventevent", "wpmotor companycompany"], [], [], ["stethoscope", "bomb", "musical instrument", "drop forge artifact", "damper artifact", "elastic device artifact", "heater artifact", "signaling device artifact", "contraceptive artifact", "electronic device artifact", "toy artifact", "stemmer artifact", "reflector artifact", "heat exchanger artifact", " heraldryemblem artifact", "peeler artifact", "dampener artifact", "water cooler artifact", "corer artifact", "instrument artifact", "nest egg artifact", "bubbler artifact", "shoehorn artifact", "comforter artifact", "tilter artifact", "synchroflash artifact", "take up artifact", "gas fixture artifact", "bootjack artifact", "scratcher artifact", "breathalyzer artifact", "mechanism artifact", "lighter artifact", "ventilator artifact", "flare artifact", "bait artifact", "stabilizer artifact", "key artifact", "prod artifact", "dental appliance dentistry artifact", "acoustic device artifact", "applicator artifact", "adapter artifact", "sounder artifact", "sweatbox artifact", "keyboard artifact", "machine artifact", "interrupter artifact", "imprint artifact", "cryptograph artifact", "converter artifact", "vaporiser artifact", "lift artifact", "exercise device artifact", "magnet physics artifact", "strengthener artifact", "deflector artifact", " communicatioexpressive style art", "hydrofoil artifact", "explosive device artifact", "conductor artifact", "indicator artifact", "aspergill artifact", "optical device artifact", "conceit communication communicatio", "groover artifact", "cutoff artifact", "phone", "remote control artifact", "telescope", "tongs artifact", "snowshoe artifact", "crusher artifact", "straightener artifact", "mnemonic act", "suction cup artifact", "breathing device artifact", "fan artifact", "trap animal artifact", "trick act", "diestock artifact", "knocker artifact", " artifactdesign artifact", "pull artifact", "rhetorical device rhetoric communicatio", "support artifact", "paper feed artifact", "buffer artifact", "runner artifact", "washboard artifact", "fire extinguisher artifact", "energizer artifact", "valve artifact", "trigger artifact", "horn artifact", "reset artifact", "shoetree artifact", "autopilot artifact", "throwing stick artifact", "guard artifact", "corrective artifact", "blower artifact", "alarm artifact", " artifactinstrumentality artifact", "lifting device artifact", "release artifact", "airfoil artifact", "appliance artifact", "noisemaker artifact", "shooting stick artifact", "charger artifact", "source of illumination artifact", "stylus artifact", "agglomerator artifact", "shredder artifact", "bird feeder artifact", "comb artifact", "musical instrument artifact", "override artifact", "holding device artifact", "restraint artifact", "billiard marker artifact", "electrical device artifact", "memory device artifact", "filter artifact", "prompter artifact", "union artifact heraldry", "teaser artifact", "pick artifact", "detector artifact", "slide chart communication artifact", "afterburner artifact", "drive computer science artifact", "stapler", "power takeoff artifact", "clip on artifact", "catapult artifact", "seal artifact", "depressor artifact", "fumigator artifact", "router computer science artifact", "ignition interlock artifact", " actmaneuver act", "jig artifact", "measuring device", "combustion device", "unlocked thing", "cable", "authentication device", "carousel horse", "single user device", "fulcrum", "inflated thing", "user guided device", "torture device", "steering post", "system of devices", "floor placed device", "baby pacifier", "crutch", "coin operated device", "pylon", "gearopencycpersonal device", "razor wire fence", "communication device", "seatopencycseating device", "bridle", "tool", "toy", "stove", "filtering system", "weather vane", "pauseopencycpaused state", "safety device", "wire", "spanning device", "stepper photolithography", "transportation device", "vision aid", "torch", "sensor", "rampopencycboarding ramp", "portable anthrax sprayer", "device overheated", "information storage device", "kitchen tool", "tabletop device", "anchor", "photolithography tool", "shear legs", "instrumentopencycdevice requiring skill for proper use", "toner cartridge", "visor accessory", "medical device", "information gathering device", "knife sharpener", "buoy", "water softener", "device proximately controlled only", "radar station", "payload", "disco ball", "thermometer", "boat or ship part", "cane", "firebomb", "trap", "part for guns", "sd reticle", "drill", "drug paraphernalia", "water powered device", "thermal luminescent detector", "traffic obstruction device", "ventilator", "spool", "siren", "transport facility", "stirrup", "scientific instrument", "legal tender", "truck liner"], ["televisio", "home appliance artifact", "injector artifact", "dehumidifier artifact", "air conditioner artifact", "dryer artifact", "gimbals artifact", " artifactdevice artifact", " artifactdurables artifact", "gadgetry artifact", "mod con artifact", "humidifier artifact", "microwave", "washing machine", "ove"], [], [], [], [], []], "/r/PartOf": [[], [], [" animalaquatic vertebrate animal", " animalaquatic mammal animal"], [], [], ["wheel", "splashboard artifact"], [], [], [], [], [], [], [], [], [], [], [], [], [], [], [], [], []], "/r/HasA": [[], [], [], [], [], [], [], [], [], [], [], [], [], [], [], [], [], [], [], [], [], [], []], "/r/CapableOf": [[], [], [], [], [], ["receive damage", "travel", "slow do ", "move from one place to another", "carry", "feel impact of accident"], [], [], [], [], [], [], [], [], [], [], [], ["need to dual voltage"], [], [], [], [], []], "/r/AtLocation": [[], [], [], [], [], ["street", "accelerator artifact", "passengers", "freeway", "vehicle bomb"], [], [], [], [], [], [], [], [], [], [], [], ["home"], [], [], [], [], []], "/r/HasProperty": [[], [], [], [], [], [], [], [], [], [], [], [], [], [], [], [], [], [], [], [], [], [], []], "/r/CreatedBy": [[], [], [], [], [], [], [], [], [], [], [], [], [], [], [], [], [], [], [], [], [], [], []], "/r/Synonym": [[], [], ["fin artifact"], [], [], [" objectfomite object", "vaha"], ["remote control"], [], [], [], [], [], ["electronic car key"], ["vaporize contact", "v competitionuke competitio", "v cookingmicrowave cooking", "channel hop", "channel surf", "wpmotor companywpmotor company"], [], [], ["twist act", "gimmick act", "way", "scheme"], ["convenience artifact", "gismo artifact", "gizmo artifact", "widget artifact", "contraption artifact", "contrivance artifact", "gadget artifact", "use"], [], [], [], [], ["v contactengage contact", "control contact", "v competitiomanoeuver competitio", "v contactfunction contact", "run social", "v medicineoperate on medicine", "use"]], "/r/LocatedNear": [[], [], [], [], [], [], [], [], [], [], [], [], [], [], [], [], [], [], [], [], [], [], []], "/r/SimilarTo": [[], [], [], [], [], [], [], [], [], [], [], [], [], [], [], [], [], [], [], [], [], [], []], "/r/MadeOf": [[], [], [], [], [], [], [], [], [], [], [], [], [], [], [], [], [], [], [], [], [], [], []], "/r/ReceivesAction": [[], [], [], [], [], [], [], [], [], [], [], [], [], [], [], [], [], [], [], [], [], [], []]}, "/r/UsedFor": {"/r/RelatedTo": [[], [], [], [], [], []], "/r/UsedFor": [[], [], [], [], [], []], "/r/LocatedAt": [[], [], [], [], [], []], "/r/FormOf": [[], [], [], [], [], []], "/r/IsA": [[], [], [], [], [], []], "/r/PartOf": [[], [], [], [], [], []], "/r/HasA": [[], [], [], [], [], []], "/r/CapableOf": [[], [], [], [], [], []], "/r/AtLocation": [[], [], [], [], [], []], "/r/HasProperty": [[], [], [], [], [], []], "/r/CreatedBy": [[], [], [], [], [], []], "/r/Synonym": [[], [], [], [], [], []], "/r/LocatedNear": [[], [], [], [], [], []], "/r/SimilarTo": [[], [], [], [], [], []], "/r/MadeOf": [[], [], [], [], [], []], "/r/ReceivesAction": [[], [], [], [], [], []]}, "/r/LocatedAt": {}, "/r/FormOf": {"/r/RelatedTo": [[]], "/r/UsedFor": [[]], "/r/LocatedAt": [[]], "/r/FormOf": [[]], "/r/IsA": [[]], "/r/PartOf": [[]], "/r/HasA": [[]], "/r/CapableOf": [[]], "/r/AtLocation": [[]], "/r/HasProperty": [[]], "/r/CreatedBy": [[]], "/r/Synonym": [[]], "/r/LocatedNear": [[]], "/r/SimilarTo": [[]], "/r/MadeOf": [[]], "/r/ReceivesAction": [[]]}, "/r/IsA": {"/r/RelatedTo": [[], [], ["scale", "eye", "clock", "phone", "bed", "ear", "watch", "gdi", "machine", "chair", "toy", "boat", "transducer", "percussive maintenance", "slave", "rice mill", "keyboarding", "passthrough", "edd", "cryptograph", "bottle cage", "red box", "detector", "lie detector", "photomultiplier", "tdd", "bug", "tenderometer", "judas cradle", "water pipe", "keyer", "breathalyzer", "cold trap", "pointing stick", "imprese", "immobiliser", "zip drive", "commingler", "water boiler", "anti personnel", "reducer", "inkjet", "electroscope", "noctovisor", "podcatcher", "crossatron", "claptrap", "cast", "small computer systems interface", "haploscope", "upgradable", "oropharyngeal", "frame rate", "company seal", "brown box", "trademark", "nixie tube", "implementation", "radiation hardening", "startracker", "calving jack", "latrine", "dematerializer", "anticounter", "john", "laminator", "cannulator", "smoke hood", "intonator", "permiss", "bus mastering", "biodevice", "fixture", "filter", "black box", "piezotranslator", "psychogalvanometer", "canceler", "electromyograph", "cut out", "dimensioner", "melograph", "diverter", "crane", "floatstick", "foam roller", "scheme", "sperminator", "viewfinder", "bender", "rhetorical", "video card", "push pull", "mahovos", "swingometer", "line lock", "infinity box", "weather vane", "vacuum fluorescent display", "wind turbine", "biohybrid", "fartometer", "musical instrument", "turbidostat", "impleader", "wackometer", "trafficator", "image tube", "blotto box", "kendrick extrication device", "coder", "jammer", "pinball", "calculator", "eupryion", "sprinkler", "smart plug", "timeserver", "bicycle stand", "tail lift", "bioprinter", "insectocutor", "pass and play", "pelorus", "syntonize", "kitchen timer", "coupling", "circuit bending", "plugfest", "predecessor", "memory palace", "cryoextractor", "powerbank", "downconverter", "transmitter", "centralizer", "phonoscope", "flashforward", "paper fastener", "light emitting diode", "multilicence", "hydrospring", "shatterbox", "wiring harness", "air cleaner", "enlarger", "stop motion", "fitting", "game controller", "penning trap", "permissive action link", "aquastat", "dictograph", "memory stick", "star tracker", "biobattery", "seismic damper", "cytoscreener", "power point", "car replacer", "deflagrator", "hub", "hung", "gag", "honda", "stingray", "mail bomb", "birdcall", "crossed loop sensor", "inundator", "magenta box", "slewwikten 2", "automation", "applicator", "microdevice", "self insertion", "crackmeter", "motherboard", "goniometer", "sensor", "hand fan", "limetwig", "wiring loom", "applanator", "anticipator", "spark arrestor", "letter bomb", "knee splitter", "transportability", "rocket belt", "mousetrap", "gimmick", "electrostatic precipitator", "isotron", "nanosquid", "vehicle", "lightbox", "computator", "human interface device", "bat detector", "radiumizer", "junction diode", "discriminator", "intubator", "local area network", "uroflowmeter", "peripheral device", "fuel cell", "slip ring", "syntonization", "codec", "psychotronics", "electroglottograph", "synthesizer", "mass spectrometer", "heat engine", "duplexer", "nanomachine", "anchor", "smoke machine", "anti climb", "optic", "radioconductor", "viewer", "phase tester", "zograscope", "catchwater", "checkout", "orthotist", "circuitry", "time machine", "sideload", "spoiler", "quantimeter", "wake word", "pyrheliometer", "millirobot", "lightning detector", "microsequencer", "baghouse", "blue box", "zone", "serpentine belt", "purging", "sex aid", "eviscerator", "have time", "alarm", "double adapter", "washwipe", "cryoscope", "recombiner", "darning mushroom", "clockwork", "tracer", "cutter", "bee vacuum", "thermionic valve", "reader", "electrotachyscope", "kymograph", "ammoniaphone", "pager", "wringer", "device driver", "holoviewer", "ilizarov apparatus", "purchase", "farspeaker", "dosimeter", "anticoherer", "retrofit", "condenser", "wired", "verticutter", "penis cage", "piezoelectric", "pump truck", "twain", "deviceless", "encoder", "hardwired", "motionwork", "noseclip", "programmable logic array", "descrambler", "byod", "tape echo", "recombinator", "antirepeater", "microfiche", "hardware", "blackberry", "weather eye", "teletimer", "communicator", "van de graaff generator", "chimney cap", "joystick", "pseudoterminal", "bioinstrument", "breadboard", "urchin", "pallet truck", "violet box", "molecular assembler", "geolocator", "quotative", "countermeasure", "jumpwikten 1", "resuscitator", "ground proximity warning system", "spring loaded", "exsanguinator", "bleep", "blower", "aerial work platform", "moly cow", "monotelephone", "cardiostimulator", "scanner", "e meter", "photographone", "electronic", "teleprompter", "praxinoscope", "churrera", "solar cell", "decompactor", "x y recorder", "autoreverse", "gold box", "telephote", "comparator", "rattrap", "holocorder", "arium", "accelerator", "gamma camera", "impactor", "booby trap", "plunger", "sublimer", "heat gun", "inebriometer", "maintainer", "tractor beam", "decoder", "telegraphone", "tailhook", "test bench", "opener", "knotter", "ballhead", "urinary", "macroscope", "metal detector", "transporter", "handwasher", "crescograph", "transverter", "charbroiler", "firepot", "nanophotonics", "flip chip", "screen", "stopwikten 1", "dictation machine", "digital detox", "compensator", "multichanger", "rattletrap", "electroceutical", "eyewear", "quick freeze", "covers", "pie bird", "document camera", "vignetter", "concessio", "interrupter", "spanish tickler", "cryodevice", "garage door opener", "polaritonics", "bluejacker", "gunter", "roentgenometer", "contrivance", "earmold", "smokejack", "exercise machine", "curvimeter", "transceiver", "pushpad", "back to connection", "sender", "hawaiian sling", "usability", "junction detector", "media center", "impress", "beacon", "isolator", "phaser", "subdevice", "multitracker", "zener diode", "hyfrecator", "shock absorber", "spectroradiometer", "hypophora", "tricorder", "hug machine"]], "/r/UsedFor": [[], [], []], "/r/LocatedAt": [[], [], []], "/r/FormOf": [[], [], ["devices"]], "/r/IsA": [[], [], ["stethoscope", "bomb", "musical instrument", "drop forge artifact", "damper artifact", "elastic device artifact", "heater artifact", "signaling device artifact", "contraceptive artifact", "electronic device artifact", "toy artifact", "stemmer artifact", "reflector artifact", "heat exchanger artifact", " heraldryemblem artifact", "peeler artifact", "dampener artifact", "water cooler artifact", "corer artifact", "instrument artifact", "nest egg artifact", "bubbler artifact", "shoehorn artifact", "comforter artifact", "tilter artifact", "synchroflash artifact", "take up artifact", "gas fixture artifact", "bootjack artifact", "scratcher artifact", "breathalyzer artifact", "mechanism artifact", "lighter artifact", "ventilator artifact", "flare artifact", "bait artifact", "stabilizer artifact", "key artifact", "prod artifact", "dental appliance dentistry artifact", "acoustic device artifact", "applicator artifact", "adapter artifact", "sounder artifact", "sweatbox artifact", "keyboard artifact", "machine artifact", "interrupter artifact", "imprint artifact", "cryptograph artifact", "converter artifact", "vaporiser artifact", "lift artifact", "exercise device artifact", "magnet physics artifact", "strengthener artifact", "deflector artifact", " communicatioexpressive style art", "hydrofoil artifact", "explosive device artifact", "conductor artifact", "indicator artifact", "aspergill artifact", "optical device artifact", "conceit communication communicatio", "groover artifact", "cutoff artifact", "phone", "remote control artifact", "telescope", "tongs artifact", "snowshoe artifact", "crusher artifact", "straightener artifact", "mnemonic act", "suction cup artifact", "breathing device artifact", "fan artifact", "trap animal artifact", "trick act", "diestock artifact", "knocker artifact", " artifactdesign artifact", "pull artifact", "rhetorical device rhetoric communicatio", "support artifact", "paper feed artifact", "buffer artifact", "runner artifact", "washboard artifact", "fire extinguisher artifact", "energizer artifact", "valve artifact", "trigger artifact", "horn artifact", "reset artifact", "shoetree artifact", "autopilot artifact", "throwing stick artifact", "guard artifact", "corrective artifact", "blower artifact", "alarm artifact", " artifactinstrumentality artifact", "lifting device artifact", "release artifact", "airfoil artifact", "appliance artifact", "noisemaker artifact", "shooting stick artifact", "charger artifact", "source of illumination artifact", "stylus artifact", "agglomerator artifact", "shredder artifact", "bird feeder artifact", "comb artifact", "musical instrument artifact", "override artifact", "holding device artifact", "restraint artifact", "billiard marker artifact", "electrical device artifact", "memory device artifact", "filter artifact", "prompter artifact", "union artifact heraldry", "teaser artifact", "pick artifact", "detector artifact", "slide chart communication artifact", "afterburner artifact", "drive computer science artifact", "stapler", "power takeoff artifact", "clip on artifact", "catapult artifact", "seal artifact", "depressor artifact", "fumigator artifact", "router computer science artifact", "ignition interlock artifact", " actmaneuver act", "jig artifact", "measuring device", "combustion device", "unlocked thing", "cable", "authentication device", "carousel horse", "single user device", "fulcrum", "inflated thing", "user guided device", "torture device", "steering post", "system of devices", "floor placed device", "baby pacifier", "crutch", "coin operated device", "pylon", "gearopencycpersonal device", "razor wire fence", "communication device", "seatopencycseating device", "bridle", "tool", "toy", "stove", "filtering system", "weather vane", "pauseopencycpaused state", "safety device", "wire", "spanning device", "stepper photolithography", "transportation device", "vision aid", "torch", "sensor", "rampopencycboarding ramp", "portable anthrax sprayer", "device overheated", "information storage device", "kitchen tool", "tabletop device", "anchor", "photolithography tool", "shear legs", "instrumentopencycdevice requiring skill for proper use", "toner cartridge", "visor accessory", "medical device", "information gathering device", "knife sharpener", "buoy", "water softener", "device proximately controlled only", "radar station", "payload", "disco ball", "thermometer", "boat or ship part", "cane", "firebomb", "trap", "part for guns", "sd reticle", "drill", "drug paraphernalia", "water powered device", "thermal luminescent detector", "traffic obstruction device", "ventilator", "spool", "siren", "transport facility", "stirrup", "scientific instrument", "legal tender", "truck liner"]], "/r/PartOf": [[], [], []], "/r/HasA": [[], [], []], "/r/CapableOf": [[], [], []], "/r/AtLocation": [[], [], []], "/r/HasProperty": [[], [], []], "/r/CreatedBy": [[], [], []], "/r/Synonym": [[], [], ["twist act", "gimmick act", "way", "scheme"]], "/r/LocatedNear": [[], [], []], "/r/SimilarTo": [[], [], []], "/r/MadeOf": [[], [], []], "/r/ReceivesAction": [[], [], []]}, "/r/PartOf": {"/r/RelatedTo": [[]], "/r/UsedFor": [[]], "/r/LocatedAt": [[]], "/r/FormOf": [[]], "/r/IsA": [[]], "/r/PartOf": [[]], "/r/HasA": [[]], "/r/CapableOf": [[]], "/r/AtLocation": [[]], "/r/HasProperty": [[]], "/r/CreatedBy": [[]], "/r/Synonym": [[]], "/r/LocatedNear": [[]], "/r/SimilarTo": [[]], "/r/MadeOf": [[]], "/r/ReceivesAction": [[]]}, "/r/HasA": {}, "/r/CapableOf": {}, "/r/AtLocation": {"/r/RelatedTo": [[], []], "/r/UsedFor": [[], []], "/r/LocatedAt": [[], []], "/r/FormOf": [[], []], "/r/IsA": [[], []], "/r/PartOf": [[], []], "/r/HasA": [[], []], "/r/CapableOf": [[], []], "/r/AtLocation": [[], []], "/r/HasProperty": [[], []], "/r/CreatedBy": [[], []], "/r/Synonym": [[], []], "/r/LocatedNear": [[], []], "/r/SimilarTo": [[], []], "/r/MadeOf": [[], []], "/r/ReceivesAction": [[], []]}, "/r/HasProperty": {}, "/r/CreatedBy": {}, "/r/Synonym": {"/r/RelatedTo": [[], ["control", "corpse road", "internal exile", "magenta box", "tristan da cunha", "preremote", "presenter", "outback", "sideload", "foraneous", "dumb terminal", "teleprogramming", "backwood", "teleoperation", "bush pilot", "smoke jumper", "elvis country", "outside world", "jungle telegraph", "backwater", "aunlikely", "viewdata", "olympian", "linemode", "teleophthalmology", "north forty", "smartdust", "remoted", "back of beyond", "backhaul", "aremove", "remotes", "teleoperate", "hold candle", "telepsychology", "time preference", "telesurgery", "teleconsultation", "teleassessment", "sticks", "telemonitor", "telemetry", "remoteness", "adisconnected", "outstation", "way off", "infinity box", "phone home", "coastwatcher", "backblock", "boondock", "extreme", "outstreet", "telerobot", "outlying", "back blocks", "hinterland", "telerobotics", "depth", "adistant", "telepsychiatry", "secluded", "telemedicine", "far off", "depths", "aemotio", "lost to world", "remittance", "inland", "adistance", "fronthaul", "nonremote", "teleintervention", "outworld", "arse end of nowhere", "heli skiing", "teleteacher", "electronic car key", "teleoperator", "nodding acquaintance", "distantness", "far flung", "outskirt", "bush telegraph", "teleprogrammed", "backwaterish", "retreater", "armchair", "teleguide", "localhost", "hintermost", "out of way", "glimmer", "adetach", "farthermost", "teleworkshop", "mononeuritis multiplex", "ainaccessible", "north of watford", "aloof", "back of one's mind", "woop", "telepsychiatrist", "outlay", "backwoods", "telescience", "teleguidance", "isolation pay", "rfc", "east jesus", "telepresenter", "time sharing", "middle of nowhere", "telemanipulate", "farm", "pause"], ["zappers", "remote control", "televisio", "bug zapper"], ["flexible", "flipper", "upper", "shoe", "televisio", "signal", "lock", "knife", "mouse", "electronic", "military", "clicking knife", "computer", "perso", "type", "leather", "clickers", "vcr", "form", "click"]], "/r/UsedFor": [[], ["remotely control tv"], [], []], "/r/LocatedAt": [[], [], [], []], "/r/FormOf": [[], ["remotes", "remoting", "remotest", "remoted", "remoter"], ["zappers"], ["clickers"]], "/r/IsA": [[], [], [" artifactelectrical device artifact"], []], "/r/PartOf": [[], [], [], []], "/r/HasA": [[], [], [], []], "/r/CapableOf": [[], ["control tv"], [], []], "/r/AtLocation": [[], [], [], []], "/r/HasProperty": [[], [], [], []], "/r/CreatedBy": [[], [], [], []], "/r/Synonym": [[], ["a removed ", "a distant ", "remote control", "a outside ", " artifactremote control artifact", "outback a ", "aabysmal", "clicker", "far off", "aaloof", "afar", "adisconnected"], ["remote control"], ["remote control", "remote"]], "/r/LocatedNear": [[], [], [], []], "/r/SimilarTo": [[], ["inaccessible a ", "a inaccessible "], [], []], "/r/MadeOf": [[], [], [], []], "/r/ReceivesAction": [[], [], [], []]}, "/r/LocatedNear": {}, "/r/SimilarTo": {}, "/r/MadeOf": {}, "/r/ReceivesAction": {}}}, "": {"N1": {"/r/RelatedTo": ["windowdoor", "worklabor", "butchermeat", "gallomeasure", "woundgash", "punishmentcrime and", "chickelaying", "thricerthree", "informed educated ", "closed obstructed ", "transpondianrightpondia", "mystifymystery", "audiovisualsaudiovisual"], "/r/UsedFor": ["flash artifactlight physics", "string bassplaying music"], "/r/LocatedAt": [], "/r/FormOf": ["air burstsair burst", "pot belliespot belly", "cross sectionscross sectio"], "/r/IsA": ["suburb locatioresidential district locatio", "western skink animalskink animal", "inertial mass physicsmass attribute", "leading man persoactor perso", "occasion timetime time", "tree toad animalfrog animal", "petaurista animalmammal genus animal", "torch singer persosinger perso", "drop arch artifactpointed artifact", "rottenstone substancelimestone substance", "scorpionfish animalscorpaenid animal", "temporary hookup artifactconnection artifact", "acrylic fiber substanceman made substance", "dependence statestate ", "overhand pitch actpitch baseball", "american spikenard plantsubshrub plant", "hedonist persosensualist perso", "homecoming actreunion act", "aldrovanda plantdicot genus plant", "ambystomatidae animalamphibian family animal", "assist ice hockeymaneuver act", "tithe barn artifactbarn artifact", "hypsometer artifactaltimeter artifact", "papyrus communicatiodocument communicatio", "cacodyl substancegroup chemistry", "penance actsacrament act", "rule of evidence lawrule communicatio", "usherette persousher perso", "hooks bodyhand body", "bilabial communicatiolabial consonant communicatio", "kurdish communicatioiranian communicatio", "theism cognitioreligion cognitio", "aristocrat persoleader perso", "bundesbank groupcentral bank group", "skirtform of female attire", "yardarm artifactend locatio", "supreme court lawfederal group"], "/r/PartOf": ["satachristian myth", "old testament communicatiobible communicatio", "styloid process bodytemporal bone body", "voider artifactbody armor artifact", "tower of london artifactlondon locatio"], "/r/HasA": ["baywater"], "/r/CapableOf": ["blanketscover bed", "chefbone chicke", "authorswrite books"], "/r/AtLocation": ["windowhouse", "dustcarpet", "action figuretoy department", "barbershopmall", "mouselab maze"], "/r/HasProperty": [], "/r/CreatedBy": [], "/r/Synonym": ["hawaiian honeycreeper animalhoneycreeper animal", "thing cognitiomatter cognitio", "dprk locationorth korea locatio", "gas tight air ", "get into possessioget in possessio", "west persocicily isabel fairfield perso", "sapindus drumondii plantwild china tree plant", "abls communicatiobachelor of arts in library science communicatio", "homburg artifactfedora artifact", "choking coil artifactchoke artifact", "sewerage artifactsewer artifact", "fish bowl stategoldfish state", "caddy golfcaddie golf", "moray eel animalmoray animal", "family zygnemataceae animalzygnemataceae animal", "severity attributeaustereness attribute", "hors d oeuvre foodhors food", "chukka artifactchukka boot artifact", "immunise competitioimmunize competitio", "kindling pointautoignition temperature", "corruptlyr corruptedlyr ", "lazy faineant ", "copernicia prunifera plantcarnauba plant", "log z's bodysleep body", "sworn pledged ", "palestine authority grouppalestine national group", "polyodon spathula animalpaddlefish animal", "linnaea borealis americana plantamerican twinflower plant", "stylise artstylize art", "thank youthank you very much", "infirm decrepit ", "uriniferous tubule bodynephron body", "passing actpassage act", "rio nunez coffee plantrobusta plant", "experimentation cognitioexperiment cognitio", "powerful knock do a ", "lichgate artifactlychgate artifact", "take advantage socialtrespass social", "pyrethrum plantpainted daisy plant", "take turns changealternate change", "water level locatiowaterline locatio", "fuddle stateclutter state", "insisting communicatioinsistence communicatio", "vibrate perceptioresonate perceptio", "viridity attributegreen attribute", "yarn dye changeimpress change", "balaenoptera borealis animalsei whale animal", "electron orbit locatioorbit locatio", "lillie persobeatrice perso"], "/r/LocatedNear": [], "/r/SimilarTo": ["large leafed leafy ", "captious critical ", "exaggerated increased ", "effective militaryoperational military", "tasty winey ", "fast breaking news article", "second rate inferior ", "disputatious argumentative ", "private nonpublic ", "coated glazed ", "free clear "], "/r/MadeOf": [], "/r/ReceivesAction": []}, "N2": {}}}