{"sit": {"N1": {"/r/RelatedTo": ["chair", "seat", "sate", "haunch", "sitter", "vsessio", "vsit by", "vcause", "sits", "vsit pretty", "arbour", "oversitting", "vposture", "jury panel", "vdeliberative", "vsit around", "facesitting", "chairwork", "hilary term", "spanish donkey", "easter term", "trinity term", "seiza", "vsit tight", "take weight off one's feet", "assession", "vsit on one's hands", "straddle", "vsit up", "outsit", "cuddle up", "vseat", "sit do ", "vfurnish", "bysitter", "vwork", "vsit out", "park", "broody", "sejant rampant", "sedent", "squat toilet", "sat", "place", "vsitting", "take seat", "dressing table", "vsit upo", "pity pot", "snedge", "vbuttocks", "toguna", "vbabysit", "snuggle up", "take load off", "sitz bath", "sitten", "vsit on it", "sedentary", "sprawl", "vsit i", "michaelmas term", "vsit under", "insession", "vsit through", "vsit do ", "vsit back", "circuit court", "stand up", "zafu", "glass delusion", "sitting", "sitzball", "vsit on fence", "nestle", "snedging", "sitting toilet", "assle", "desk", "actio", "protest", "bench", "exercise", "table", "using chairs", "chairs", "using", "posture", "motio", "stool", "stand", "saddle", "circle", "relaxing", "chair activity", "activity", "demonstratio"], "/r/UsedFor": ["folding chair", "club chair", "theater seat", "pleasure garde", "stacking chairs", "lobby", "room study", "club chair to", "ottoma", "theater box", "courtyard"], "/r/LocatedAt": [], "/r/FormOf": ["sits", "sattest", "sittest", "sat", "sitteth", "satest", "sitting"], "/r/IsA": [], "/r/PartOf": [], "/r/HasA": [], "/r/CapableOf": [], "/r/AtLocation": [], "/r/HasProperty": [], "/r/CreatedBy": [], "/r/Synonym": ["v motiosit do motio", "v artmodel art", "v ridingride riding", "v contactseat contact", "sit around stative", "sit do v contact", "v socialbaby sit social", "take load off", "vbe", "vseat", "vaccept", "write", "vbe seated"], "/r/LocatedNear": [], "/r/SimilarTo": [], "/r/MadeOf": [], "/r/ReceivesAction": []}, "N2": {"/r/RelatedTo": {"/r/RelatedTo": [["sitting", "seat", "furniture", "sit", "table", "legs", "sitting furniture", "four", "seating", "desk", "four legs", "sit o", "place", "sitting device", "device", "sitting place", "for sitting", "sat", "rocker", "sitting o", "sofa", "chairmaking", "fauteuil", "chairman", "boat", "backrest", "umpire", "armrest", "highchair", "iro", "professorship", "chaired", "daybed", "wheelback", "vvictory", "spectator chair", "tidy", "three piece suite", "conformer", "tramp chair", "arrowback", "faldstool", "chairing", "vpositio", "armchair", "vcarry", "sleeper", "couch", "vehicle", "vaward", "cochair", "rance", "empty chair", "camelback", "sugan", "bedchair", "muskoka chair", "chairs", "papasan chair", "chairfast", "gig", "cassiopeia's chair", "eik", "mother of chapel", "seda", "casting vote", "deck chair", "bench", "commode", "stepchair", "ladderback", "chairholder", "klismos", "morris chair", "chairwork", "riempie", "nightstool", "antimacassar", "chairless", "vcelebratio", "stroller", "foot rest", "zaisu", "sunbed", "vseated", "loveseat", "chairwardr", "vshoulders", "trebuchet", "hoverchair", "distinguished", "bullhead rail", "chairlike", "pressback", "x stretcher", "enchaired", "end table", "posey vest", "block", "chaise longue", "wheelchair", "see", "vpoet", "aerial lift", "sedanwikten 1", "chairside", "vwelsh", "confessional chair", "kneeling chair", "chairoplane", "seatback", "chairdrobe", "settee", "chairback", "ducking stool", "occasional furniture", "steamer chair", "cathedra", "cucking stool", "stool", "chairmaker", "throw pillow", "recliner", "veisteddfod", "rail", "elbow chair", "fighting chair", "vpreside", "chairbound", "backless", "vanity", "president", "railway", "chairhood", "dinette", "chair mat", "adirondack chair", "massage chair", "cyclohexane", "walking chair", "vchairperso", "slatback", "tables", "sat o", "seating furniture", "sit furniture", "kitche", "sit i", "room", "seat furniture", "upo", "do ", "sitting do ", "table seat", "object", "sitting object", "sitting thing", "dining", "wood", "kitchen seat"], ["chair", "sitting", "sit", "place", "car", "sitting place", "window seat", "capital", "cars", "sit o", "saddle", "cushio", "bottom", "passenger seat", "seating", "wheelbench", "sedilium", "tourabout", "chaise longue", "usher", "site", "clothing", "footwell", "ferris wheel", "seatlike", "seatest", "electoral district", "stool", "foldstool", "bench", "patio chair", "sleeper berth", "transat", "sybian saddle", "sofa", "clack valve", "skybox", "chariotee", "horizontal", "king cab", "seatment", "berlin", "rumble", "overbooked", "mixte", "bicycle", "coach box", "toilet", "panel van", "bodyshell", "mecayapan", "snedge", "boroughmonger", "manufacturer", "rumble seat", "frithstool", "lap belt", "reseat", "targa top", "sweep board", "ding", "improvised", "plump do v", "part", "baby capsule", "standing room only", "ejection seat", "landaulette", "jump seat", "enchaired", "windsor chair", "bouncer", "buttocks", "balancelle", "minority council", "king's cushion", "jury box", "siege perilous", "sidestick", "fire", "inglenook", "seats", "all seater stadium", "minority government", "dingzhou", "marshalsea", "outhouse", "booby hutch", "foretop", "hassock", "step stool", "isu", "seatholder", "rearseat", "cross floor", "gosport tube", "horseback", "election threshold", "see", "confidante", "mead bench", "all seater", "cross aisle", "throne village", "chamber horse", "bench table", "heart blood", "seated", "abbeystead", "shooting stick", "chairlift", "gadi", "ottoman", "birthstool", "choirstall", "spitfire", "codriver", "houdah", "throneworld", "seateth", "stroller", "front row", "ejector", "musnud", "dukery", "multiseat", "lifeblood", "safe seat", "vomitorium", "reside", "seat of wisdom", "seat of learning", "pants", "minority", "heaven of heavens", "gradin", "banana seat", "daycoach", "coachbox", "armrest", "village cart", "seatmate", "jumpseating"], ["satest", "stuff", "satay", "sates", "sateth", "vsit", "sating", "glut", "satiate", "vwikten 1satisfactory", "unsated", "satiation", "unsatable", "saturate", "fill"], ["hench", "leg", "thigh", "haunched", "huma", "haunches", "loi", "animal", "sit", "buttocks", "falcade", "food", "haunching", "quadruped", "calade", "primate", "hip"], ["petsitter", "participant", "portrait", "chairback", "he", "s\u00e9ance", "watch", "broody", "bedsitter", "housesitter", "sitting duck", "sit", "scoring", "babysitter", "sitters", "homesitter", "tend"], [], [], [], ["vsit", "sit", "plate", "desk", "neck", "head"], [], ["sit", "shady", "place", "ramada", "arbours", "walk"], ["sit", "seated"], [], [], [], [], ["face", "facesitter", "sit", "cunnilingus", "face sit", "anilingus"], ["point of view", "stand", "technique", "physical therapy", "sit", "posture", "gauge", "tablework", "seatwork", "patient", "chair"], [], [], [], [], ["buttock", "sit", "traditional", "thigh", "kneel", "formal", "ankle", "leg", "japa", "heel"], [], [], ["sit"], [], ["strideleg", "vstand", "vsit", "vstride", "trade", "vcommodities market", "stridewikten 1", "coon it", "bestraddle", "astraddler", "straddled", "blind", "vstraddler", "vastride", "reverse cowgirl", "vsprawl", "posture", "vnoncommittal", "straddles", "strategy", "vstaggered", "vraise", "double straddle", "vtarget", "vblinds", "lap dance", "vfire", "vrange", "vbestride", "aral sea", "western roll", "investment", "astraddle of", "straddler", "vshot", "vspread", "vstraddling bus", "bench easel", "speed cushion", "striddle", "raise", "straddling", "basque country", "road hog", "vleg"], [], ["voutstay", "vsessio", "vsit"], [], [], [], [], ["sit"], [], [], ["squirrel", "garde", "parkable", "riverpark", "vstyle", "amenity block", "double park", "prndl", "prater", "car", "garden party", "pagoda", "needle park", "parkwide", "zoopark", "aerial park", "berth", "parkland", "parks", "queen's park", "pitch", "park in", "roundabout", "valet", "vsit", "tow away zone", "paper park", "flowerbed", "vgait", "blue badge", "nonpark", "parallel park", "parking meter", "oceanarium", "parklike", "tarmac", "urban furniture", "vrecline", "oyster", "linear park", "parking", "parkless", "midpark", "unparkable", "parkish", "dog run", "parkside", "minipark", "vremai", "vsexual", "parking space", "detached work", "dispark", "antipark", "vdomain name", "basi", "vput", "zone", "parking garage", "grey ghost", "parked", "parkomania", "grassplot", "vinvest", "recreation ground", "parkkeeper", "deerfold", "materiel", "greenspace", "vinstrument", "vinvestment", "ballpark", "terrain park", "rangership", "smokey bear", "impark", "parkette", "vdrive", "vhome ru", "playing apparatus", "overpark", "vromantic", "repark", "parker", "handicapped permit", "parkie", "concourse", "demap", "slideout", "unparked", "zoo", "vregister", "vrisk", "vpromenade", "area", "play", "gree", "place", "new york city", "grass", "playground", "public", "ride", "statue", "fountai", "play place", "market", "public garde", "actio", "field", "factory", "big", "big garde", "ramp", "recreational", "recreational area", "course", "la ", "play area", "preserve", "children slides", "childre", "slides", "place car", "theme", "recreatio", "recreation area", "green playground", "trail", "camp", "leaving car", "play ground", "ground", "leaving", "open space", "ope", "space", "public place", "spot", "car spot", "swings", "grass swings", "green garde", "bench", "grassy", "stop car", "stop", "pigeo", "playground area", "country", "grass benches", "benches", "wilderness", "playing", "car lot", "amusement", "lot", "harp", "leg", "fu", "central", "municipal gree", "slide", "municipal", "stadium"], ["duck", "abiological clock", "broodilyr", "clucky", "ababy rabies", "egg", "he", "broodiness", "brooding", "sitter", "asit", "anest", "aegg", "incubate", "ayoung", "bird"], [], ["aquiet", "asit", "ainactive"], [], ["chair", "senior", "junior", "vsit", "high school", "test", "seat"], ["bed", "bar", "farm", "home", "locatio", "school", "put", "market", "garde", "camp", "bank", "court", "office", "room", "stage", "grave", "desert", "factory", "city", "nest", "seat", "church", "heave", "country", "house", "library", "club", "area", "course", "chair", "table", "capital", "somewhere", "heaven", "desk", "at", "address", "shade", "plate", "slope", "where", "generic", "away", "range", "college", "company", "general", "hospital", "here", "spot", "set", "middle", "morgue", "resort", "hall", "polling station", "paradise", "arbour", "nowherer", "vintage", "next to last", "psychotopology", "sutton", "bitch", "bilocate", "vmatch", "bissextile", "return", "newton", "heap", "convergence", "streaker", "develop", "befrost", "meadery", "try line", "degree place", "sacrosanctum", "transplant", "parallel", "spokane", "hideaway", "yedwikten 3", "inurn", "courtyard", "pisspot", "turdis", "pluck", "lavatory", "shitsville", "preplace", "benk", "vanishing point", "hellhole", "buried", "omnipresence", "meeting place", "outlaw", "at places", "place of business", "placeness", "point of no return", "spot price", "wherer", "wrong", "afterlife", "venue", "placement", "columbian", "fearscape", "khazi", "necessary", "anterior", "locus", "foregoing", "placeable", "musalla", "superpose", "wed", "vachieve", "particularly", "be", "nativity", "estate", "bottom of table", "transplace", "particular", "habitation", "barakah"], [], [], [], [], [], ["snedger", "seme", "vwoma", "vseat", "vsniff", "orgasm", "vsit", "vbicycle", "vsaddle"], [], ["sit", "dogo", "building", "mali", "elder", "village", "public", "stand"], [], [], [], [], ["vsit", "awikten 1settled"], [], ["titular see", "sedentariness", "asit", "biostrome", "new world syndrome", "sitsome", "sedentarism", "semisedentary", "amove", "nonsedentary", "chairborne", "arelatively", "phototaxic", "seat", "sedentarilyr", "anomadic", "sedentism", "avicinity", "feather duster worm", "sedentarian", "microzooid"], ["gormenghastian", "sprawls", "los angelizatio", "city", "spelder", "sprangle", "ungainly", "straddle", "straggling", "housing", "squattle", "haphazard", "sprawly", "sprawling", "vspread out", "sprawled", "vlimb", "posture", "edge", "growth", "vdisorderly", "sprawler", "vstraggle", "vsit"], [], [], [], ["bath", "sit", "tub"], [], [], [], [], [], ["cushio", "meditatio", "sit"], [], ["chair", "seat", "couch potato", "question time", "resitting", "sejant", "eggs", "pecha kucha", "courtesy flush", "aoccupying", "binge watching", "incubating", "clutch", "seated", "semirecumbent", "legislative", "budge up", "sit", "brooding", "lotus position", "sitsome", "sittings", "alegal", "period", "ischial tuberosity", "aincumbent", "sit upon", "vsit", "sittinglyr", "aofficial", "sofa", "sessio", "lap", "rest", "couch", "bottom", "pew", "bench", "room", "furniture", "idle", "desk", "positio", "behind", "corner", "slough", "perch", "thinker", "chief", "stool", "audience", "porch", "rear", "bath"], ["disability", "sport", "amputatio", "sit", "volleyball"], [], ["vhalf", "nestled", "nestler", "nidulant", "snug", "vcomfortably", "vbuild", "vlie", "nestlest", "spoonwiser", "vaffectionately", "vpress", "birdnest", "vhidde", "nestlinglyr", "hiddle", "vnest", "nestles", "nestling", "nestleth", "vsettle", "vsit"], ["bicycle", "sniff", "saddle", "seat", "sit", "woma"], [], ["vscoot", "vass", "vloaf", "vwander", "vmove", "vwaste", "vsit"], ["table", "office", "furniture", "writing", "work", "surface", "computer", "school", "chair", "office furniture", "study", "place", "student", "space", "in office", "wood", "office table", "work table", "legs", "classroom", "writing surface", "flat", "work space", "working", "woode", "top", "writing place", "drawers", "offices", "studying", "vtreasure", "vargueno", "deskercise", "buro", "pulpit", "preach", "desked", "teacher's desk", "deskest", "deskwork", "shelf", "keyphone", "repository", "deskside", "return", "desketh", "blotter", "credenza", "vanity", "mahogany spitfire", "writer", "desklamp", "deskfast", "banker's lamp", "sermo", "al deskor", "reception", "corridor warrior", "department", "undesked", "service", "drawer", "desktop", "deskbook", "case", "cross aisle", "executive toy", "desking", "secretary", "lecter", "copydesk", "writing desk", "deskwardr", "frame", "office hours", "liturgical", "headdesk", "desks", "hot desking", "retouching frame", "kneehole", "bureau", "deskspace", "priedieu", "deskscape", "modesty panel", "deskmate", "seatwork", "pigeonhole", "desk potato", "hot desk", "reader", "cross floor", "work surface", "writing table", "write", "sit", "four", "four legs", "seat", "writing furniture", "computer table", "writing o", "school table", "workplace", "work furniture", "computers", "study table", "equipment", "office equipment", "classrooms", "student furniture", "school furniture", "statio", "work statio", "schools", "hard", "platform", "for writing", "write o", "lamp", "above", "above chair", "workstatio", "office surface", "area", "office space", "in school", "sit at", "flat top", "like table", "like", "computer o", "furnishing", "student table", "square", "chair and", "wooden table", "student chair", "hard surface", "work place", "working surface", "stand", "computer stand", "of wood", "at office", "work top", "study place", "at school", "pencils", "papers", "retur", "in schools", "students", "school seat", "for work", "computer furniture", "in classrooms", "study furniture", "flat surface", "office furnishing", "wooden furniture", "studying area", "work o", "for computer", "holding", "in offices", "writing prop", "prop", "for office", "office work", "in classroom", "office workplace", "study surface", "working table", "classroom furniture", "sitting writing", "sitting", "reading writing", "reading", "work area", "working o", "computer holder", "holder", "writing platform", "phone", "related", "related chair", "student sit", "computer sits", "thing", "sits", "what", "what you", "wood furniture", "cubicle", "inside", "usually woode", "inside cubicle", "usually", "paperwork", "table top", "organize", "chair table", "you sit", "writing work", "drawer set", "set", "holding things", "board", "filing", "filing drawers", "for student", "teachers", "working place", "for offices", "for studying", "on it", "scissors", "seating", "class", "object", "school object", "computer locatio", "locatio", "solid top", "put computer", "solid", "put", "books", "draws", "table chair", "room", "business", "long table", "study room", "long", "keeping stuff", "small table", "small", "stuff", "keeping", "pens", "pens pencils", "homework", "rectangular", "stationary", "rectangle", "escritoire", "writing at", "box", "holding computers", "holding computer", "computers sit", "workplace table", "secretary works", "rows", "works", "write at", "computer place", "students workplace", "in rows", "wring", "furniture office", "for study", "writing bureau", "wring table", "for working", "studying table"], ["action"], ["against", "demonstratio", "march", "rally", "people", "angry", "riot", "strike", "signs", "argue", "civil", "objectio", "picket", "actio", "group", "complaint", "war", "gathering", "disagree", "disagreement", "anti", "political", "object", "complai", "demonstrate", "public", "civil disobedience", "disobedience", "cri de coeur", "noynoying", "ogle in", "pieing", "hit bricks", "work to rule", "swim in", "rebeccaism", "tent embassy", "whiskey rebellion", "scream bloody murder", "tax resistance", "marry in", "protestation", "vaffirm", "supraprotest", "bed in", "protesteth", "bluster", "nonprotesting", "remonstration", "i say", "counterprotest", "expostulate", "kiss in", "take lying do v", "parliament of streets", "harumph", "hey", "expostulation", "cry foul", "hunger strike", "armband", "roko", "protests", "down with", "hatchetation", "unprotesting", "nonprotest", "pitch invasion", "dirty protest", "job action", "squawk", "unrest", "self immolation", "unstrike", "walk out", "unmurmuring", "sit in", "flag burning", "unmurmuringlyr", "overrule", "antiprotest", "disapproval", "street parliament", "remonstrance", "blustering", "hue and cry", "vobjectio", "dazibao", "hikoi", "freedom march", "die in", "on blanket", "rebeccaite", "protestinglyr", "euromaidan", "acquiescent", "rent strike", "protester", "remonstrate", "toyi", "murmur", "redraft", "ows", "uproar", "cyberprotest", "protesting", "vobject", "vprotestant", "self immolate", "moon", "scream blue murder", "moan", "protested", "dharna", "walkout", "pussy hat", "boycott", "formal", "slutwalk", "protestest", "protestant", "retour sans prot\u00eat", "stayaway", "sleepout", "put up fight", "outcry", "unprotestinglyr", "gesture", "brandalism", "nut up", "lulzfag", "morcha", "take exception", "collective", "gherao", "teach in", "black bloc", "on strike", "anger", "argument", "rebellio", "march against", "peaceful", "mob", "hippies", "crowd", "peace", "anti war", "rally against", "picketing", "mass", "activity", "go against", "go", "stand", "like", "revolt", "organized", "fight", "marching", "many people", "oppositio", "cause", "government", "against something", "sig", "street", "toplessness", "complaining", "rebel", "picket signs", "uprising", "movement", "line", "streets", "speak against", "speak", "sixties", "resistance", "angry crowd", "agitatio", "pro", "political demonstratio", "civil unrest", "marchers", "politics", "mad", "mad people", "defiance", "political actio", "sit i", "sit", "sometimes", "mass demonstratio", "refuse", "demonstrate against", "publicly", "like striking", "striking", "rights", "angry mob", "nonviolent", "speech", "with signs", "co", "hippy", "hippy gathering", "formal demonstratio", "angry people", "people marching", "antiwar", "picket line", "complaint march", "civil actio", "street march", "group argue", "against government", "rebel against", "fight against", "be against", "angry demonstratio", "holding", "holding signs", "carrying", "sign carrying", "peace hippies", "peaceful riot", "demo", "student", "authority", "against authority", "student resistance", "petitio", "lines", "picket lines", "political unrest", "standing", "objecting", "standing up", "up", "rebellious activity", "lodging", "rebellious", "complaints", "lodging complaints", "noisy", "noisy gathering", "venting", "group complaining", "demonstration parade", "parade", "argue public", "street demonstratio", "hippies do", "do", "going", "public argument", "dc", "in dc", "going against", "group argument", "voicing", "voicing against", "act", "act against", "pickett", "public demonstratio", "group actio", "placards", "en mass", "e", "mobs", "sometimes nonviolent", "marchers signs", "decry", "anti something", "show disagreement", "peaceful example", "example", "show", "angry march", "war politics", "antiwar rally", "disagreeing actio", "disagreeing", "angry group", "vigorous disagreement", "tibeta", "hippie thing", "organized defiance", "vigorous", "hippie", "peaceful campaig", "campaig", "organized resistance", "organized complaint", "crowd anger", "disagree publicly", "disagree strongly", "conflict", "strongly", "like strike", "riot rally", "organized group", "oppose", "picket march", "sometimes peaceful", "violent gathering", "violent", "group uprising", "object violently", "publicly object", "violently", "peaceful revolt", "argue picket", "building", "argue against", "pro co", "activism", "objection to", "talk", "rage against", "rage", "talk against", "professional", "professional testimony", "testimony", "signs march", "public display", "display", "say against", "say", "legal", "civil disagreement", "peace signs", "mass movement", "anti movement", "group objectio", "make complaint", "make", "making", "making statements", "statements", "political statement", "statement", "workers", "workers line", "stand against", "like marching", "french streets", "songs", "exercise", "angry demo", "rights exercise", "french", "lots people", "for cause", "lots", "with co", "active", "large", "active disagree", "beliefs", "arguing", "large group", "arguing beliefs", "in streets", "waving", "banner", "mob actio", "replace pro", "banner waving", "replace", "marching objectio", "gathered", "people gathered", "placard", "placard walk", "banners", "banners megaphone", "connotatio", "political connotatio", "walk", "or nonviolent", "megaphone", "dissent", "peace rally", "public gathering", "strike against", "rally strike", "carriers", "sign carriers", "government buildings", "buildings", "campaigning against", "campaigning", "peace marches", "marches", "police", "showing against", "angry cro ", "cro ", "showing", "riots", "pickets", "put together"], [" artifactpeople group", "bench press", "bench hook", "show bench", "sixth man", "bancal", "workbench", "stake", "benching", "moaner's bench", "benchlike", "seat", "obiter", "benched", "benchless", "ride pine", "benches", "tiger bench", "street furniture", "bink", "bencheth", "wikten 1vanity", "hall tree", "mead bench", "cross bench", "sideline", "wikten 1kitche", "dais", "friendship bench", "inglenook", "t\u00eate \u00e0", "settle bed", "wikten 1dog", "wikten 1food", "benchest", "benchlet", "disbench", "wikten 1player", "unbenched", "benchland", "wikten 2maximum", "plaza", "exedra", "tree seat", "form", "deacon's bench", "accubitum", "vanity", "vwikten 2lift", "bench jockey", "wikten 1counter", "benchtop", "bankwikten 2", "monk chair", "alebench", "vertometer", "wellwikten 2", "leaning board", "chair", "chowki", "urban furniture", "bench easel", "club fender", "pew", "judge", "sitting", "parks", "bar", "sit", "sit o", "sitting place", "place", "bus", "stops", "bus stops", "court", "seats", "sitting thing", "lift", "park", "reserve", "many sit"], ["stretch", "swim", "activity", "gym", "workout", "fit", "physical", "work", "ru", "out", "healthy", "power walk", "walk", "running", "movement", "fitness", "work out", "health", "dance", "vtrai", "exergame", "chest press", "exercised", "vactivity", "sports science", "preparation", "sweatsuit", "isometrics", "superset", "vput into practice", "oxygen deficit", "facial yoga", "personal trainer", "opponency", "crabwalk", "curl", "boxaerobics", "squat thrust", "musclebound", "european option", "purification rundo ", "presswikten 1", "ergoreflex", "weights", "oppression", "dancercise", "weight training", "conditioned", "betoil", "exercising", "disputation", "reign", "maneuver", "oxygen debt", "speedwork", "cardio", "pull up", "act out", "nonjogger", "physiculture", "warm do v", "chamber horse", "walk dog", "plyometrics", "prancercise", "flye", "exercisable", "bulker", "sweater", "anapeiratic", "cross training", "physical education", "vimprovement", "freedom to roam", "exercisest", "manor", "exerciser", "aerobics", "paradiddle", "leg press", "american option", "firm up", "hot yoga", "prevarication", "carbo load", "lateral raise", "fitspiration", "vest date", "strap strategy", "powerwalking", "sweat it out", "contrive", "sweatpants", "hard", "nauheim treatment", "gymwear", "enjoyment", "extension", "leg extension", "underexercise", "sports medicine", "mall walking", "time test", "nonexerciser", "big up", "pullover", "sword drill", "sphaeristerium", "feel burn", "circuit training", "vpractice", "aquacise", "ergomania", "lifting", "prequestionnaire", "progymnasmata", "athletic shoe", "hotwalker", "high intensity interval training", "strike price", "assert", "contrast therapy", "quo warranto", "health club", "burpee", "domination", "clapback", "girya", "mall walker", "qigong", "problem", "paradiddle diddle", "tabata method", "jazzercise", "paramyotonia", "shuttle run", "vphysical", "pec deck", "intellectual", "runner's high", "roman chair", "kettlebell", "bodyweight", "shadowboxing", "wall bars", "roadwork", "example", "ralstonism", "nonexercised", "star jump", "girl push up", "fitspo", "skill", "squat rack", "hypertrophy", "deskercise", "physical therapy", "rudiment", "calistheneum", "trim trail", "muscle up", "cardioacceleration", "sit up", "floyd's triangle", "chin up", "vwork out", "vdevelop", "deadlift", "vexert", "sauna suit", "dog run", "burn in", "put through its paces", "jumping jack", "exercise bicycle", "melee", "scaption", "hack squat", "work on", "powerwalk", "strollerobics", "postexercise", "singlestick", "nonexercise", "burnwikten 1", "exercises", "push up", "skipping rope", "shoothouse", "contouring", "osmorecovery", "bicycle"], ["desk", "furniture", "eating", "plate", "napki", "dining", "legs", "chair", "surface", "kitche", "chairs", "four", "four legs", "flat", "dinner", "eat", "room", "dining furniture", "eating surface", "place", "salt", "dining room", "bed", "top", "eating furniture", "kitchen furniture", "wood", "eating place", "flat surface", "periodoscope", "coaster", "candidate key", "alfonsine", "busboy", "ephemeris", "bedtable", "brawner", "tearsheet", "crontab", "impose", "first normal form", "cardinality", "data", "tablewardsr", "dosis effect", "carpetball", "tableful", "korsi", "stammtisch", "tableware", "periodic table", "vrepresent", "cursor", "experience table", "vconsideratio", "vector", "scatter buffet", "dropleaf", "accubitum", "inverse", "impedance mismatch", "tablehood", "relational database", "vshelve", "vscarf", "violi", "grid", "tabularization", "clustered index", "tableness", "devonport", "relegation zone", "pi\u00e8ce mont\u00e9e", "plunger", "six top", "tableside", "drawing board", "topcloth", "butter knife", "dispatch table", "cartesian product", "vfeed", "tablewardr", "teapoy", "booth", "vbolt rope", "four top", "point", "put forward", "tablewiser", "intertabular", "lifetable", "sugar bowl", "table dance", "schema", "primary key", "chart", "worktable", "autojoin", "shittah", "tabula", "picnic table", "dinette", "console table", "referential integrity", "facet", "beer parlour", "nightstand", "data cube", "beer die", "dressing table", "multiplication table", "three table", "loo table", "tablemate", "distribute", "multiplicatio", "beer mat", "join", "hand for", "fisheye", "busgirl", "bookmark", "metatable", "tabular", "on table", "iot", "tabula rasa", "workbench", "calculator", "foot", "pronunciation guide", "bar billiards", "upsert", "infobox", "pivot table", "dinner table", "set table", "dumpy level", "data table", "morrison table", "vdelineate", "sit out", "steamtable", "cut", "get do v", "length operator", "table board", "cooktop", "lineup", "topmost", "header", "file allocation table", "pintable", "platen", "column", "chafing dish", "pushpin", "worcestershire sauce", "racetrack table", "sorting table", "arithmetic", "tabled", "case knife", "chart table"], [], ["table", "vchair", "musical chairs", "chair", "porch", "seat", "furnish", "sit", "bar", "office", "aisle", "auditorium", "horsehair", "room"], ["writing", "reading", "boycott", "monolingual", "lue", "run on", "usage", "unilingual", "paleography", "two handed", "ahr", "use", "vuse", "utilizatio", "utilisation", "draught", "mononymouslyr", "laying on of hands", "via", "call", "point", "walk", "cut", "liste", "steam", "draw", "buy", "touch", "sit", "see", "taste", "charge", "pay", "breath", "play", "manner", "drive", "wash", "kick", "cost", "color", "steamer", "measure", "talk"], ["body language", "unkenreflex", "body mechanics", "vopinio", "recumbent", "slouch", "yogasana", "vadmire", "camptocormia", "conditio", "orthostatic", "vpretend", "decumbence", "affect display", "accubation", "position", "mudra", "suprapostural", "postures", "sit", "posturing", "postured", "decumbentlyr", "sprawl", "salient", "chairwork", "attitudinarianism", "vnotice", "posturize", "issue", "fetal position", "posturallyr", "counterview", "dramatology", "slump", "mitmachen", "attitude", "movable", "vconvictio", "knucklewalk", "body line", "posturer", "tightlacing", "on back foot", "preening", "postural", "vpose", "posture maker", "cringe", "decubitus", "move", "erectness", "seat", "stoopinglyr", "straddle", "horse stance", "situatio", "body", "droop", "slouching", "attitudinarian", "nataraja", "flexicurve", "posturography", "lordosis", "hold", "posture master", "hunch", "muscle tone", "positio", "lay"], [], ["seat", "panculture", "breakable", "cuttystool", "donkey stool", "impaction", "wikten 1vessel", "coproscopy", "stools", "footstool", "x stool", "threstle", "squitter", "wikten 1deadeye", "chair", "buffetwikten 4", "foldstool", "stepstool", "wikten 1channel", "evacuation", "wikten 2layer", "creepie", "wikten 1excrement", "ottoman", "breakfast bar", "murha", "vwikten 1defecate", "vwikten 2sucker", "chowki", "tuffet", "close stool", "coprodiagnosis", "hematochezia", "polycarbophil", "throne", "trevet", "xysma", "benchlet", "melena", "campstool", "scybalum", "kickstool", "pedal stoolwikten 1", "taboret", "diner", "wikten 1back", "thunderbox", "dejectory", "bar", "table", "four", "legs", "four legs", "sit o", "sit", "sitting", "sitting o", "small chair", "small", "defecatio"], ["booth", "tripod", "offstand", "bend over", "farmstand", "urinal", "outstand", "tree", "flip chart", "testifies", "row z", "uncast", "stand easy", "act", "firm", "hamburger", "coat rack", "vpresent", "bier", "aloft", "vtolerate", "astasia", "effort", "stands", "opinio", "barrel race", "bipod", "lampstand", "foot", "stock", "voccupy", "straddle", "mensuration", "thixotropic", "embarrassment", "witness box", "witness stand", "stage", "vhand", "tadasana", "landing gear", "vseek", "vhold", "vset", "standstill", "lebes gamikos", "freestanding", "flagstand", "lawn jockey", "terracing", "brandise", "stood", "walk up", "forstand", "court", "vfix", "tumbler washer", "taboret", "wicketkeeper", "bookstand", "pedestal fan", "tachi seki", "hashioki", "vumpire", "candlestick telephone", "cakestand", "perplexity", "standeth", "vvertical", "chairwork", "arms", "vvalid", "stomach", "devil's garden", "popcorn", "vundergo", "stagnate", "kiosk", "stand up", "take load off", "trivet", "rap jumping", "show bench", "vremai", "use", "vsituate", "approach", "ballhead", "standout", "stand on end", "unwavering"], ["horse", "seat", "unsaddled", "buckjumping", "elfin saddle", "footstall", "breastplate", "seatpost", "sitfast", "breastgirth", "saddled", "saddle ring", "packsaddle", "bicycle", "saddle pain", "saddleless", "stirrup iron", "col", "kajawah", "saddlebackwikten 1", "stirrup", "saddling", "saddleback caterpillar", "saddle backed", "horse blanket", "saddlehorn", "wikten 1floorboard", "saddlebag", "wrangler", "broncobuster", "saddle blanket", "crest tile", "exercise bicycle", "saddle bro ", "offsaddle", "bare backed", "gambado", "saddler", "saddleth", "sidle", "saddlest", "girthless", "rider's bone", "pannel", "chapelet", "pommel", "saddlewiser", "fewter", "bellyband", "saddle tree", "tapadera", "ephippium", "socket", "tree", "saddle shoe", "snedging", "saddles", "surcingle", "numnah", "wikten 1marking", "sella turcica", "saddle bow", "saddle pad", "girth", "seat post", "anticlastic", "barebackr", "wikten 1earthworm", "saddlemaker", "resaddle", "unsaddle", "macheer", "breaststrap", "saddletank", "sidesaddle", "saddle stitch", "sissy bar", "pilot wheel", "crutch", "saddlecloth", "saddlesore", "curple", "cantle", "wikten 1boa constrictor", "saddle back reef", "overcheck", "crupper", "saddle bro a", "saddlelike", "wikten 1harness saddle", "terret", "pillion", "wikten 1backbone", "ephippial", "sybian saddle", "padwikten 1", "check hook", "warblewikten 2", "snedge", "wikten 1flange", "horse seat", "horses", "on horse", "riding", "leather", "ride", "stirrups", "riding horses", "leather seat", "riding horse", "back", "horse back", "sit there", "there", "sit", "for horses"], ["round", "shape", "ring", "plate", "cir", "round shape", "geometric", "degree", "record", "figure", "encircle", "circular", "ball", "oval", "eye", "geometry", "radius", "geometric shape", "coi", "diameter", "sphere", "cake", "around", "wheel", "object", "circumcircle", "deosil", "roundel", "fogbow", "unlink", "pi", "center", "ringed", "sashay", "field restrictions", "circumcenter", "octant", "circlinglyr", "tacnode", "circumference", "circular arc", "excircle", "cycloid", "circle tile", "vsurround", "ellipse", "arc", "open book decomposition", "curve", "armillary", "radical axis", "drum head", "triquetra", "ducdame", "wand", "frostbow", "circular segment", "cast", "bird's eye", "midcircle", "beam compass", "vulture", "itself", "superdisk", "multifoil", "circline", "bow compass", "catmill", "cantico", "\u24d0", "sleep", "sextant", "montana", "areola", "circularity", "zerogon", "captive bead ring", "circuit", "trioctile", "semisextile", "circler", "nimbus", "magic circle", "hypocycloid", "divisio", "semicircular", "three dimensional", "masyu", "oillet", "encompass", "coterie", "crown roast", "tawara", "wicket", "apothem", "distance", "central angle", "circling", "mccone county", "radical line", "traffic circle", "varound", "radical plane", "circular sector", "orbital sander", "conic section", "keyhole", "flanch", "corral", "quasicircle", "circlest", "pitch", "family circle", "cycloidal", "vmark", "semicircumference", "cyclo", "loop", "geocyclic", "azimuth circle", "argument", "one day match", "hyperbola", "circulatio", "circulate", "figure eight", "spherograph", "circle changeup", "oligotrich", "apollonian gasket", "incircle", "ring chart", "epicycle", "tic tac toe", "radical center", "orbit", "circles", "isoradial", "gyre", "circle of willis", "covenstead", "circumambulate", "barcode", "star polygon", "semicyclic", "inscribe", "copenhagen", "whorl", "subcircle", "malfatti circle", "ovalize", "hectogon", "bicircular", "sun cross", "major axis", "thought balloon", "tau", "orbiform", "circumgyratory", "cocircular", "thi", "circus", "motzkin number", "two dimensional", "anticircular", "cdp", "toroid", "eyering", "circle of gorge", "plane", "circumlocutio", "circumambulation", "gyro", "datum circle", "twiddle one's thumbs", "equirectangular", "roundabout", "convex", "cyclic inscriptable", "cyclometry", "epicycloid", "gyratory", "shen ring", "atrocha", "brunnian link", "squircular", "trochosphere", "tinchel", "explement", "circlelike", "josephus problem", "point", "obround", "becket", "widdershins", "equivalent", "slant height", "encyclopedia", "roundelay", "semimajor axis", "seifert fiber space", "pair of compasses", "concyclic", "compressible", "semicircle", "annulet", "circlet", "circled", "bagginess", "temenos", "graduated", "enforce", "county seat", "e circle", "superellipse", "confidential", "eccentric", "squircle", "torus", "sector", "hokeypokey", "worship", "petticoat tail", "cyclotomy", "cycle", "rounded", "radian", "distant", "escribe", "parabola", "obvolute"], ["rest", "knock around", "arelaxatio", "floaty", "unrelaxing", "knock about", "tunnel of love", "anodyne", "relax", "sunlounger", "relaxation", "ambient", "unrelaxinglyr", "chillaxing", "garde", "music", "calm", "peace", "sleep", "break", "sit"], [], ["play", "reading", "game", "swim", "dance", "camp", "sleep", "work", "exercise", "writing", "climb", "ru", "drive", "read", "dream", "inactive", "active", "party", "call", "wash", "drink", "rest", "ride", "hyperactive", "dabble", "tilt at windmills", "girl guiding", "chesterfield rugby", "risk assessment", "carry on", "emerging market", "marathon", "tombstoner", "locality", "reptilase", "subactivity", "youthquake", "anthrosol", "normoactive", "prospective", "hormone", "mechanogram", "cootie catcher", "dojowikten 1", "immunoprotein", "epicentre", "depressing", "tidemark", "two minute silence", "cybersurveillance", "ghost to ", "word association", "m\u00e9tier", "shape up or ship out", "futilitarianism", "actimeter", "cage diving", "conversation piece", "vested interests", "frenzy", "yak shaving", "time killer", "underactivity", "hypermetabolism", "muscle memory", "electrospinography", "piece of cake", "consensual crime", "fast lane", "stagnate", "microlearning", "bungee jumping", "parahawking", "anitrazafen", "disentrainment", "antiepileptogenesis", "phoney war", "masturbation", "staff function", "love scene", "activity trap", "inaction", "revitalise", "bioavailability", "rigmarole", "schedule", "polyphasic", "eustasy", "good time", "mechanotransduction", "dice with death", "multiactivity", "fits and starts", "activate", "same old", "profession", "superactivity", "intellection", "electroantennography", "effortfulness", "boondoggle", "gd", "co", "neurometrics", "collection", "electrocochleography", "sactibiotic", "actometry", "gunzel", "rest day", "acheron fossae", "verticillatine", "headquarters", "commuterdom", "retrospective", "pet project", "energy", "lupanarian", "fun", "spoils of war", "timepass", "in bed", "entertainment", "court of honor", "headstage", "call sign", "space agency", "movement", "white heat", "activeness", "space walk", "polysomnogram", "timeline", "microtremor", "indian summer", "virtual sex", "neuromimetic", "bobbol", "apgar", "rockpooling", "mutual masturbation", "workout", "canadiana", "spasm", "passion pit", "call it day", "rat race", "quiesce", "narrowboating", "wet blanket", "focal point", "neurofeedback", "part time", "slow", "quickness", "playsong", "tax break", "opening of envelope", "cerebroelectrical", "hypercognitive", "osmosensor", "gorge walking", "timesuck", "presence", "cytoactivity", "business", "putter around", "flurry", "make pass at", "dynamism", "neurocircuit", "dominant", "sexy times", "quiet", "activity stream", "bioassay", "session", "pharmacophore", "hectivity", "pleasure", "parasailing", "pgo", "entrepreneur", "sprint", "smutfic", "skulduggery", "amateur hour", "bedmatics", "oversensing", "ratiocination", "microlighting", "electroplay", "gear up", "sercon", "thespianism", "brain dead", "tidepooling", "gastroprotection", "iva", "task force", "a", "locus", "hit ground running", "biotest", "bustlesome", "pollute", "actogram", "slump", "athletics", "eventful", "how sausage gets made", "give over", "derdeba", "busy work", "easter egg hunt", "song and dance", "cybermartyr", "outburst", "cool off", "conglomerate", "fuss", "safe sex", "pre mechanization", "sexy time", "actiwatch", "activities", "actual", "ambulometer", "tachygastria", "water fight", "inertion", "partner", "front row", "bustle", "punding", "fandom", "hectic", "churn", "only game in to ", "metaplasticity", "procreation", "kidult", "hustly bustly", "production", "province", "isobologram", "occupation", "actimetric", "contributor", "art form", "magnetoencephalography", "don't hate player game", "anestrum", "dowless", "jump rope", "electrography", "youth center", "overrested", "political asylum", "desistence", "electrodiagnosis", "signature strike", "coherin", "dyke out", "scholarship", "normogastria", "trigpointing", "open season", "bustling", "teambuilding", "micropeptide", "band camp", "tonguage", "antigonadotropin", "sleep mode", "autoerotica", "like for sales", "five finger exercise", "polyethism", "domain", "diversion", "normoactivity", "visuomotor", "active ingredient", "intelligence", "epiphenomenon", "overprogrammed", "cyberpiracy", "electroencephalogram", "tropic hormone", "piffy on rock bun", "front", "goer", "sidetrack", "minac", "biopharmaceutics", "cook up storm", "napoleon", "acromegaly", "climate denialism", "make it rain", "tutelary deity", "yachting", "blobbing", "heliomagnetism", "neurogram", "incidental expense", "canoe camping", "warm up", "timecourse", "monocyclic", "information society", "cryptobiosis", "make work", "fall to", "living room", "get down with", "inertness", "vibrant", "subactive", "standard electrode potential", "neuroactivity", "electroencephalography", "enzyme inhibitor", "hot spot", "sympathomimesis", "program", "senior patrol leader", "get amongst it", "seropositioning", "sexless", "mind numbing", "electrogram", "layperson", "get down to business", "electroantennogram", "solfatara", "social lubricant", "kinocentrum", "quantification", "proprietary trading", "voyeur", "upswing", "gambling", "sex drive", "antipolitics", "hacky sack", "lose one's life", "action movie", "community service", "action", "anthropocene", "decline", "societal", "pixel tracking", "icebreaker", "mover and shaker", "questivity", "functional magnetic resonance imaging", "depressant", "neurodynamics", "detention warrant", "crimebuster", "rushing", "balls about", "patron saint", "promote", "whole shooting match", "recession", "kloofing", "artist", "nonactivity", "good to go", "sin tax", "actio", "bereitschaftspotential", "hypocrisy", "activationist", "brain death", "dixel", "fast times", "light up", "sexuality", "selfcest", "alarums and excursions", "genderism", "metalloenzyme", "budget", "babeldom", "actimetry", "bump and grind", "command performance", "overactivity", "neuromyotonia", "architourist", "hyperestrogenism", "sublimate", "environmentalism", "insulinotropic", "epistemological", "party and play", "undersexed", "journalism", "pursuit", "sleep spindle", "hobbyist", "crafternoon", "continence", "fanhood", "gafia", "center", "enlightened", "procrasturbation", "effort"], []], "/r/UsedFor": [["resting", " artifactpeople group", " artifactseat stative", "rest legs", "electrocuting condemend", "offer hospitality", "leading meeting", "block door", "reupholstering", "person to seat", "sit at table", "reach high cupboards", "sit do ", "relaxing i", "stand o", "sitting do ", "sitting", "sleep i"], ["sofa artifact stative", "armchair artifact stative", "relax", "bench artifact stative", "box artifact stative", "chair artifact stative", "sitting upo", "waiting", "offering to other people", "slouching into", "leaning back i", "place to put pockets", "where government legislaters congregate", "holding passengers", "get comfortable", "relaxing", "get rest", "reclining", "backside of pants", "throwing at people"], [], [], ["armchair artifact animal"], [], [], [], [], [], [], [], [], [], [], [], [], [], [], [], [], [], [], [], [], [], [], [], [], [], [], [], [], [], [], [], [], ["parking structure", "parking lot", "frisbee", "parking area"], [], [], [], [], [], ["eat to meet friends", "stay to keep belongings", "i", "eat to get food"], [], [], [], [], [], [], [], [], [], [], [], [], [], [], [], [], [], [], [], [], [], [], [], [], [], [], [], ["ottoma", "hairdresser chair", "theater seat", "beanbag chair", "folding chair", "side chair", "sofa hide bed", "first class airplane seat", "armchair", "bus seat", "sofabed", "train statio", "chair", "first class airline seat", "love seat", "club chair", "drawing room", "rocking chair", "bar stool", "airplane seat", "bean bag chair", "orchestra seat", "movie theater seat", "stairs"], [], [], [], [], [], [], ["working", " artifactwrite communicatio", " artifactwork social", "drafting", "storing and working with papers", "putting computer o", "make people think work", "sitting at", "sitting at in school", "filing", "computer use", "surface area to do paperwork", "work sitting do ", "work", "reading at", "place o", "spilling coffee over", "supporting somputer system", "storing computer", "writing", "writing upo", "putting documents in drawers", "work o", "typing o"], [], ["paper sig"], [" artifactseat stative", "sleeping", "using as flat surface", "growing plants", "lying do ", "catching breath", "sit and rest", "resting", "observing others", "sit down o", "sit and talk", "legislating", "sit upo"], ["tennis game", "riding bicycle", "running in maratho", "swimming", "dancing", "playing basketball", "hiking", "gymnasium", "playing sport", "diving", "squash court", "playing hockey", "walking", "climbing mountai", "riding bike", "doing housework", "jumping rope", "basketball court", "climbing", "getting physical activity", "playing frisbee", "jumping up and do ", "releasing energy", "jogging", "skating", "running", "cleaning house", "playing", "wrestling", "skiing", "jump ropes", "flying kite", "playing football", "staircase", "waiting tables", "weights", "walking around lake", "mdicine ball"], ["putting things o", "eating off of", "eat at", "working at", "read", "holding things", "drawing o", "sitting o", "playing games", "eating at", "set items o", "eating off", "holding vase", "play cards", "sitting around", "writing surface", "sitting at", "dining", "dinner", "furniture"], [], ["repel lions"], ["buying small", "remembering phone number", "tool"], [], [], ["resting", "reaching high places", "milking", "climbing", "tying shoes", "being at bar", "sitting at bar", "increase height", "standing on to reach high shelves", "working", "reach up high", "support"], ["leg"], ["riding horses", "riding horse", "riding donkey", "ride", "sitting comfortably on horse", "donkey", "riding o", "riding animal", "sitting on horse", "ride on horse", "mule", "riding", "horse", "riding jackass", "sit o", "riding mule", "ride horse", "riding upo"], [], ["listening music", "resting", "sleeping", "listening to music", "hearing music", "reducing stress", "playing", "couch", "going on vacatio", "taking walk", "going to bed", "visiting art gallery", "fishing", "flying kite", "eating place", "seeing movie", "bean bag chair", "party", "breathing fresh air", "getting onto web", "porch", "watching musician perform", "seeing favorite show", "painting picture", "beanbag chair", "soaking in hotspring", "reading book", "sitting quietly", "feeling good", "viewing video", "bathing", "going to sleep", "staying in bed", "playing game with friends", "passing time", "being comfortable", "bored", "going to mall", "family room", "idling", "pleasure", "playing chess", "wine", "playing piano", "forgetting about problems", "watching movie", "having rest", "break", "bath", "evening", "going fishing", "stressed", "who need", "going outside for evening", "ottoma", "back yard", "making feel better", "spa", "having better mood", "planning vacatio", "rocking chair", "lowering blood pressure", "walking around lake", "playing violi", "recharging batteries", "temporary cessation of labor", "cigarette", "relieve tensio", "cafe", "change of pace", "taking in film", "bar", "ranch house", "having sex", "times in between activity", "shopping complex", "lazy people", "painting", "taking mind off stressful matters", "sofa", "literature", "shower", "master bedroom", "playing games", "taking shower", "having more energy", "rebuilding energy", "quite time", "restaurant", "motel", "winding do ", "regaining energy", "watching tv", "smoking", "taking break", "period of rest", "seat", "armchair", "having party", "feeling better", "shifting mental gears", "watching film", "buying beer", "becoming inebriated", "having bath", "beanbag", "ocea", "drinking coffee", "taking time for yourself", "first class airplane seat", "sitting on chair", "calming do ", "cooling off", "letting go of tensions", "increasing quality of life", "walking in rai", "enjoyment", "unemployed", "sitting do ", "feeling rested"], [], ["playing lacrosse", "surfing"], []], "/r/LocatedAt": [[], [], [], [], [], [], [], [], [], [], [], [], [], [], [], [], [], [], [], [], [], [], [], [], [], [], [], [], [], [], [], [], [], [], [], [], [], [], [], [], [], [], [], [], [], [], [], [], [], [], [], [], [], [], [], [], [], [], [], [], [], [], [], [], [], [], [], [], [], [], [], [], [], [], [], [], [], [], [], [], [], [], [], [], [], [], [], [], [], [], [], [], [], [], [], [], []], "/r/FormOf": [["chairs", "chaired", "chairing"], ["seats", "seating", "seatest", "seated"], ["satay", "sates", "sated", "sating"], ["haunches", "haunching"], ["sitters"], [], [], [], ["sit", "vsit"], [], ["arbours", "arboured"], [], [], [], [], [], ["face sitting"], [], [], [], [], [], [], [], [], ["assessions"], [], ["straddling", "straddled", "straddles"], [], ["outsat", "outsitting", "outsits"], [], [], [], [], ["bysitters"], [], [], ["parks", "parking", "parked", "bak", "parc"], ["broodiest", "broodier", "broodies"], [], [], [], ["sats", "vsit"], ["places"], [], [], [], [], [], ["snedges", "snedged"], [], ["togunas"], [], [], [], [], ["vwikten 1sit"], [], [], ["sprawled", "sprawls", "sprawlest", "sprawling", "sprawleth"], [], [], [], ["insessions"], [], [], [], [], [], ["zafus"], [], ["sittings", "siting", "vsit"], [], [], ["nestles", "nestled"], ["snurging"], [], ["assles", "arsle", "assled"], ["desks", "desked", "desking"], [], ["protests", "protesting", "protested"], ["benches", "benching", "benched"], ["exersize", "exercisest", "excercise"], ["tables"], [], ["vchair", "chair"], ["vuse", "usings", "use"], ["postured", "postures", "posturing"], [], ["stools", "stooled", "stooling"], ["stood", "standest", "stoodest", "standeth"], ["saddleth", "saddling", "saddled", "saddlest", "saddles"], ["circles", "circlest", "circling", "circled"], ["vrelax"], [], ["activities"], []], "/r/IsA": [["armchair", "wheelchair", "chaise longue artifact", "ladder back artifact", "swivel chair artifact", "wheelchair artifact", "lawn chair artifact", "tablet armed chair artifact", "chair of state artifact", "fighting chair artifact", "barber chair artifact", "folding chair artifact", "straight chair artifact", "rocking chair artifact", "armchair artifact", "eames chair artifact", "highchair artifact", "sofa", " artifactseat artifact", "chairman", "comforter", "dental chair", "non powered device", "fixed theater seat", "better than what use", "find downstairs", "swivel chair", "furniture", "glider chair", "seat", "rocking chair", "seatopencycseating device", "place", "recliner", "folding chair", "furniture market category", "chairwoman", "wooden chair", "throne", "ergonomic chair", "hexalateral object", "commortable to sit", "highchair", "lawn chair", "beach chair", "stool", "posture chair", "find inside", "dining room chair"], ["jump seat artifact", "car seat artifact", "county tolocation locatio", "front bench artifact", "bench artifact", "see location locatio", "rumble artifact", "boatswain's chair artifact", "cockpit auto racing artifact", "capital location locatio", "ottoman artifact", "pillion artifact", "stool", "stool artifact", "bicycle seat artifact", " locatiocenter locatio", "sofa artifact", " locatiolocation", "ejection seat artifact", "box seat artifact", "county seat location locatio", "rumble seat artifact", "chair artifact", "backbench artifact", "toilet seat artifact", " artifactpart artifact", "plane seat artifact", "bench law artifact", "bell seat artifact", " artifactfurniture artifact", "saddle seat artifact", "perch location dramaturgy", "crossbench artifact", " dramaturgyspace locatio", "saddle artifact", "box artifact", "sliding seat artifact", "backseat car artifact", " artifactcloth covering artifact", " artifactsupport artifact", "bucket seat artifact", " attributelegal right attribute", "howdah artifact", "opencycseating devicenon agentive artifact", "booster seatopencycseating device", "infant carrieropencycseating device", "porch swingopencycseating device", "car seatopencycseating device", "opencyccenter of authority geographical regiogeographical region", "bleacheropencycseating device", "chaise loungeopencycseating device", "children's car seatopencycseating device", "potty chairopencycseating device", "piece of furniture o", "bicycle", "motorcycle seatopencycseating device", "stoolopencycseating device", "bicycle seatopencycseating device", "driver's seatopencycseating device", "place to sit", "opencycseating devicedevice", "weightlifting benchopencycseating device", "wheelchairopencycseating device", "toilet bowlopencycseating device", "baby bounceropencycseating device", "swingopencycseating device", "opencycseating device seatpart of furniture", "benchopencycbench piece of furnitureopencycseating device"], [], [" bodybody part anatomy", " animalhindquarters animal"], [" animalorganism", "child care worker", "film"], [], [], [], [], [], [], [], [], [], [], [], [], [], [], [], [], [], [], [], [], [], [], [" cognitioposition cognitio", " actgymnastic exercise gymnastics", " actoption possessio", " actmotion act", "translation without location change", "spatially localized situation"], [], [], [], [], [], [], [], [], [], ["city park", "safari park location locatio", " locatiotract locatio", "amusement park location locatio", "national park location locatio", "state park", " artifactgear artifact", "village green location locatio", "usually in city", "skate park", "disneyland", "skatepark", "town square", "creek park", "siteopencycplace", "public park", "public property", "outdoor recreation area", "rest area", "one location where camping occurs", "amusement park", "battlefield park", "wilderness park", "disneyworld", "exmoor", "high linewpnew york city", "golden gate park", "central park", "chapultepec", "zealandiawpwildlife sanctuary"], [], [], [], [], ["college entrance test"], ["college", "city", "bar", "bed", "pub", "moo", "university", "living room", "hawaii", "gym", "camp", " locatiovicinity locatio", "basement", " statesituation state", "colorado", "desert", "sanctuary artifact locatio", "postposition linguistics communicatio", "boatyard artifact locatio", "preposition linguistics communicatio", "utopia", "area", " statesocial station state", " locatiogeographical area locatio", "library", "level cognition cognitio", "war zone", "hatchery location locatio", " communicatioitem communicatio", "center location locatio", "room", " cognitiocognition", "vineyard", " statecondition state", "colony location locatio", "winery", " communicatiopassage communicatio", "niche state", "vilnius", "house", "somewhere go", "countryside", "beach"], [], [], [], [], [], [], [], [], [], [], [], [], [], [], [], [" attributeposition attribute"], [], [], [], [], [], [], [], [], [], [], [], [" communicatiosession communicatio", " photographymotion act", " actmotion act", "colm", "activity", "doing and needs chair", "being seated"], [], [], [], [], [], [], ["furniture", "table", "writing desk artifact", "davenport artifact", "secretary artifact", "furniture secretary", " artifacttable artifact", "place", "table typically", "tableopencyctable piece of furniture", "storage device", "find inside", "exam table", "table were works"], [], [" actresistance act", " communicatioobjection communicatio", "demonstration politics act", "walkout act", "direct action act", "boycott act"], ["pew", "pew artifact", " lawseat artifact", " groupassembly group", "long seat with no backrest", " artifactseat artifact", "penalty box ice hockey artifact", "flat bench artifact", "banquette artifact", "park bench artifact", " groupsubgroup group", "settle artifact", "window seat artifact", "prie dieu artifact", "terraceopencycbench topographical", "pewopencycbench piece of furniture", "sit o", "opencycbench piece of furniturefurniture", "bench with backopencycbench piece of furniture", "opencycbench piece of furniturenon powered device", "sidewalk benchopencycbench piece of furniture", "opencycbench topographicalflat area", "member of underwaters benchesopencycbench topographical", "opencycbench piece of furnitureseatopencycseating device", "wpbritish clothing brandcompany"], ["jogging", "walking", "way of coping with stress", "lifting weights", "shadowboxing act", " actlesson act", "yoga act", "cardiopulmonary exercise act", "kegel exercises act", "bodybuilding act", " eventceremony event", "arm exercise act", "isotonic exercise act", "scrimmage american football act", "stretch act", " acttraining act", "calisthenics act", "gymnastic exercise gymnastics act", " acteffort act", "target practice act", "stomach exercise act", "manual of arms military act", "leg exercise act", "set act", "fire drill act", "kick up act", "rehearsal psychology act", "rehearsal concert act", "review act", "neck exercise act", "commencement event", "isometrics act", " actaction act", "back exercise act", "event", "military drill act", "triceps kickback", "tricep kickback", "biking", "activity to maintain health"], ["desk", "coffee table artifact", " grouparray group", "trestle table artifact", " groupgathering group", " artifactfurniture artifact", "gueridon artifact", "dressing table artifact", "gaming table artifact", "counter artifact", "kitchen table artifact", "desk artifact", "conference table artifact", "pier table artifact", "tea table artifact", "operating table artifact", "dining table artifact", "correlation table statistics group", "contents communication group", "periodic table chemistry group", "actuarial table group", "console table artifact", "parsons table artifact", "pedestal table artifact", "altar artifact", "platform", "breakfast table artifact", "booth artifact", "calendar group", "file allocation table group", "stand artifact", "table tennis artifact", "platen artifact", "worktable artifact", "pool table artifact", "card table artifact", "drop leaf table artifact", "workbenchopencyctable piece of furniture", "water table", "pier table", "deskopencyctable piece of furniture", "changing tableopencyctable piece of furniture", "coffee table", "coffee tableopencyctable piece of furniture", "folding tableopencyctable piece of furniture", "opencyctable visual cwstructured information source", "work stationopencyctable piece of furniture", "opencyclogical table schemasis logical schema", "physical object", "dining table", "ping pong tableopencyctable piece of furniture", "flat surface", "toilet table", "communion tableopencyctable piece of furniture", "tea table", "opencyctable piece of furnitureobject supporting furniture", "kiddie table", "shake table", "operating tableopencyctable piece of furniture", "abstract data tableopencyctable visual cw", "drop leaf table", "end tableopencyctable piece of furniture", "snooker tableopencyctable piece of furniture", "truth table", "eating tableopencyctable piece of furniture", "furniture"], [], ["usually on floor", "optimized for sitting", "find downstairs"], [], ["crouchopencycposture configuratio", "crawling postureopencycposture configuratio", "prone thingopencycposture configuratio", "standing on one legopencycposture configuratio", "sitting postureopencycposture configuratio", "forward flying postureopencycposture configuratio", "standing on all foursopencycposture configuratio", "sitting and slouching postureopencycposture configuratio", "being stillopencycposture configuratio", "tiptoeopencycposture configuratio", "upright thingopencycposture configuratio", "squattingopencycposture configuratio", "opencycposture configuratioconfiguration"], [], ["seat", " artifactseat artifact", "cutty stool artifact", " forestrystump plant", "music stool artifact", "footstool artifact", "milking stool artifact", "campstool artifact", "step stool artifact", "taboret artifact", "furniture", "chair", "backless chair", "seatopencycseating device", "sit o"], ["bleachers artifact", "reviewing stand artifact", " artifacttiered seats artifact", " actstop act", "grandstand artifact", " groupvegetation plant", " artifacttable artifact", " eventstop event", "repulsion act", " actdefense military", "cabstand location locatio", " locatioposition locatio", "lectern artifact", "object supporting furniture", "furniture", "generic artifact"], ["stock saddle artifact", " foodcut food", " artifactpiece of leather artifact", "packsaddle artifact", " animalbody part anatomy", "english saddle artifact", "sidesaddle artifact", " artifactseat artifact", "opencycsaddle terrain featuredefensively advantageous", "opencycsaddle terrain featurelow ground", "wearable item", "sidesaddle", "seatopencycseating device", "consumer durable", "bicycle", "non powered device", "member of underwaters saddlesopencycsaddle terrain feature", "opencycsaddle terrain featurenatural thing", "opencycsaddle terrain featureland topographical feature", "hexalateral object", "opencycsaddle terrain featuremajor feature"], ["shape", " artifactseating artifact", "circle of curvature attribute shape", "equator shape", " shapeshape", " artifactrotating mechanism artifact", "disk artifact", " shapeellipse shape", "epicycle shape", "circlet shape", "opencyccircular regioradial thing", "ellipse", "opencyccircular regiooval", "geometric form", "conic sectio", "radial thing"], ["opencycresting relaxingbodily function event", "opencycrelaxing strictness ofbecoming", "taking easyopencycresting relaxing", "unbendingopencycresting relaxing", "veging outopencycresting relaxing", "coffee breakopencycresting relaxing", "drowsingopencycresting relaxing", "sleepingopencycresting relaxing", "way to reach enlightenment"], [], ["sex", "reading", "skiing", "game", "singing", "skating", "actio", "listening", "learning", "playing cards", "education act", "continuance act", "leadership act", "mystification act", "placement act", "space walk act", "performing surgery", "enjoyment act", "energizing act", "aid act", "liveliness act", "diversion act", "protection act", "nursing patients", "operation act", "role act", "moving slowly", "acting act", "negotiation act", "politics act", "puncture act", "boating", "perturbation event act", "solo act", "writing act", "buzz act", "practice act", "concealment act", "grouping act", " actact", "burst act", "dismantling act", "waste act", "timekeeping time act", "pleasure act", "variation act", "turn game act", "creation act", "release act", "domesticity act", "sensory activity act", "measurement act", "playing games", "game act", "jumping", "precession act", "fun act", "operation military act", "cup of tea act", "behavior psychology act", "training act", "procedure act", "preparation act", "wrongdoing act", "use act", " chemistrycapability state", "market act", "works act", "crime", "work act", "representation act", "provision act", "worship act", "operation commercial enterprise act", "lamentation act", "music singing act", "support act", "behavior act", "search act", "attempt act", "laughter act", "occupation act", "calibration act", "service case law act", "demand act", "bungee jumping", "ceremony act", "organization act", "follow up act", "update act", "control act", "last act", "verbalisation communication act", "barking", "smoking marijuana", "do", "canoeing", "typing", "party", "non aspectual quantity", "polo", "drinking tea", "saw film", "sitting", "programming", "shoplifting"], []], "/r/PartOf": [["back artifact", "leg artifact", "leg", "funiture", "foot", "arm", "back"], [" artifactpair of trousers artifact", " artifactskirt artifact", "upholstery artifact", " artifact"], [], [" bodytorso body", " animalquadruped animal"], [], [], [], [], [], [], [], [], [], [], [], [], [], [], [], [], [], [], [], [], [], [], [], ["call option act", "put option act"], [], [], [], [], [], [], [], [], [], [" locatiourban area locatio"], [], [], [], [], [], [], [], [], [], [], [], [], [], [], [], [], [], [], [], [], [], [], [], [], [], [], [], [], [], [], [], [], [], [], [], [], [], [], [], [], ["drawer artifact"], [], [], [" lawcourt law", " groupteam group", " groupcourt group"], [], ["leg", "row", "tableware artifact", "leg artifact", "tabletop artifact", "heading", "tabletop"], [], [], [], [], [], [], [" artifactstadium artifact", " artifactballpark baseball"], [" animaldomestic fowl animal", "cantle artifact", " animalback body", "pommel artifact", " artifactshoe artifact", "saddle hor", "stirrup artifact", "pommel"], ["arc", " artifacttheater dramaturgy", "arc shape"], [], [], [], []], "/r/HasA": [["four legs", "legs"], ["car"], [], [], [], [], [], [], [], [], [], [], [], [], [], [], [], [], [], [], [], [], [], [], [], [], [], [], [], [], [], [], [], [], [], [], [], [], [], [], [], [], [], [], [], [], [], [], [], [], [], [], [], [], [], [], [], [], [], [], [], [], [], [], [], [], [], [], [], [], [], [], [], [], [], [], [], [], ["flat surface"], [], [], [], [], ["doctor examination room", "legs"], [], ["three legs", "bedroom", "dining room table"], [], [], [], [], [], [], [], [], [], [], []], "/r/CapableOf": [["facing door", "stand alone", "touching wall", "head committee"], ["on airplane"], [], [], [], [], [], [], [], [], [], [], [], [], [], [], [], [], [], [], [], [], [], [], [], [], [], [], [], [], [], [], [], [], [], [], [], ["take precautions"], [], [], [], [], [], ["anywhere"], [], [], [], [], [], [], [], [], [], [], [], [], [], [], [], [], [], [], [], [], [], [], [], [], [], [], [], [], [], [], [], [], [], [], [], [], [], [], ["work out", "increase muscle mas", "give pounding headache", "conditio", "make one happy", "prevents injury in long term", "helps to keep people warm", "lower cholesterol", "strengthen muscles", "lizards", "make feel warm", "results in injury", "help person live longer"], ["wooden furniture", "double as desk"], [], ["cost nothing", "cost fifty dollars"], [], [], [], [], ["people", "huma"], [], ["track"], [], [], ["near end"], []], "/r/AtLocation": [["office", "desk", "cat", "cubicle", "porch", "church", "living room", "huma", "room", "kitche", "floor", "furniture store", "attache case", "synagogue", "bedroom", "leg", "airport", "show", "university", "rest area", "building", "confessio", "rock", "auditorium", "theatre", "dentist", "corner", "neighbor's house", "sloth", "friend's house", "arm", "motel", "school room", "lobby"], ["theater", "show", "theatre", "auditorium", "jeep", "airplane", "bike", "trai", "movie", "in cinema", "porch", "theater box"], [], [], [], [], [], [], [], [], [], [], [], [], [], [], [], [], [], [], [], [], [], [], [], [], [], [], [], [], [], [], [], [], [], [], [], ["grass", "slide", "frisbees", "playground", "huma", "dog", "flowers", "squirrels", "birds", "families", "frisbee", "statue", "litter", "plants", "pigeons", "balls", "picnic tables", "swing set", "baseball", "apple tree", "animal", "swingset", "flower", "park ranger", "ficus", "pond", "baseball diamond", "rosebush", "park benches", "humans", "water fountai", "soccer field", "kids", "other people outside enjoying themselves", "chipmunk", "lake", "amphitheatre", "people jogging", "trash ca", "lost child", "gras", "tennis courts", "bank", "people walking dogs", "picnic table", "bench to sit o", "washroom", "merry go round", "children playing", "grass and trees", "kid", "animals", "green grass", "sand box for childre", "trees and grass", "hill", "benches to sit o", "person walking dog", "frisbee golf course", "recreatio", "picnic", "homeless people sleeping", "ducks", "playing fields", "creek", "canno", "tennis court", "squirell", "bums", "fox", "squirrel", "drunk", "floweres", "basketball", "oak trees", "snake", "ant", "leaves", "garde", "railing", "roller bladers", "jugglers", "play area", "dog poop", "tennis game", "rubbish", "toy balloo", "relaxatio", "paths", "beaver", "endangered plant species", "homeless perso", "monkey bars", "person doing jogging", "trash receptacle", "play equipment", "space to run and play", "sandbox", "sports", "drug addict", "trash cans", "park bench", "grassy fields", "bear", "stranger", "woods", "trees with benches under", "pets", "people with dogs", "swimming pool", "dogs catching frisbees", "brook", "birthday parties", "cop", "lots of trees and grass", "play ground", "chess board", "rings", "parkbench", "drive", "alcoholic", "vegetatio", "senior", "weeds in grass", "joggers", "shade tree", "food", "stones", "green space", "flora and fauna", "play equipement", "acorn on ground", "flower bed", "people walking", "bicycle", "fresh air", "skateboarder", "bicycles", "pigeo", "koala", "court", "runners", "slides", "people playing baseball", "pine tre", "hot dogs", "walking trails", "play things", "scenery", "bee", "teeter totter", "gazelle", "people relaxing", "barbecues", "kite", "speed walker", "dirty old men on benches", "group gatherings", "shrubs", "sliding board", "shade", "chipmunks", "icecream wago", "dogs", "bike path", "children playing and laughing", "pigeon poop", "parking lot", "carnival", "squash court", "endangered species", "cat"], [], [], [], [], [], ["locatio", "map", "club chair", "anemone"], [], [], [], [], [], [], [], [], [], [], [], [], [], [], [], [], [], [], [], [], [], [], [], [], [], [], [], [], [], [], [], [], [], [], ["stapler", "telephone", "paper clips", "books", "phone", "post notes", "chair", "coffee cup", "pencil sharpener", "drawers", "notepad", "feet", "notebook", "blotter", "ruler", "calendar", "floor", "highlighter pe", "mess", "clock", "pens and pencils", "monitor", "paperclip", "eraser", "mouse", "keyboard", "fountain pe", "work", "lamp", "glue stick", "paper clip", "dust", "calculator", "typewriter", "book", "highlighter", "paperweight", "scissors", "tape dispenser", "stamp pad", "notes", "paperwork", "appointment book", "piles of paper", "carpet", "files", "stamps", "pencil holder", "light", "foot rest", "mouse pad", "box of kleenex", "sticky pad", "desk drawer", "note", "labeler", "clutter", "staples", "date stamp", "checkbook holder", "inbox", "cup of coffee", "forms", "cables", "air mail stamp", "marker", "account book", "stationary", "returned mail", "glass of water", "scrap paper", "message pad", "business cards", "coins", "homework", "library", "student's head", "inter", "roll of tape", "dust bunny", "rug", "varnish", "box of tissues", "lead pencil", "assortment of office supplies", "coaster", "white out", "desk pad", "foot", "copyholder", "address book", "calender", "correction fluid", "power strip", "wrist rest", "list of things to do", "manager", "waste bi", "date book", "ballpoint pe", "dog", "junk mail", "dirt", "report", "credit card wallet", "clipboard", "wastepaper basket", "note pad", "pencils you've dropped", "speaker", "mousepad", "cd rom", "lawyer", "mouspad", "footstool", "knees", "junk", "telephone book", "person who working", "opera ticket", "personal computer", "calandar", "pencils and paper", "hole punch", "card case", "diary", "extra shoes", "copy holder", "desklamp", "file drawer", "shoes", "dried chewing gum", "recycling bi", "lunch", "likely work related", "open space", "garage sale", "furniture store", "extra pair of shoes", "scotch tape", "clip", "motel", "stationery", "ledger", "staple remover", "rubber bands", "post note", "work related", "legs", "electric plug", "paper punch", "you've lost", "glue", "company letterhead", "desk items", "electric pencil sharpener", "aspiri", "trash ca", "cat", "schoolroom", "paperclips", "rubber band", "thumbtacks", "self adhesive label", "company property put back", "rubber stamp", "ink blotter", "instrument triangle", "paper dots", "push pins", "perso", "calendar pad", "steel pe", "foots", "computer monitor", "in and out basket", "cable", "writing paper", "envelope", "stapler i", "dust bunnies", "pen and pencil holder", "printer", "school office home", "pencils and pens", "checkbook", "wood", "letter tray", "assignment", "office building", "family picture", "worker", "file cabinet", "hi liters", "zip drives", "calander", "organiser", "note pads", "public servant", "briefcase", "mess of wires", "desk tray", "fake flower", "do list", "bedroom", "study", "power points", "piles of papers", "quill brush", "laptop", "receptionist", "pad", "writing utensils", "wastebasket", "most likely for work", "boss", "waste basket", "student", "rolodex", "wastepaper bi", "de", "chairs", "legal pad", "gu", "bag"], [], ["city"], ["bus stop", "bus depot", "train statio", "state park", "rest area", "dugout", "la ", "garde"], [], ["tablecloth", "plate", "food", "floor", "dog", "kitche", "legs", "computer", "fork", "centerpiece", "vase", "silverware", "resturant", "cat", "table cloth", "lamp", "books", "cup", "dining room", "dish", "dust", "candle", "vase of flowers", "salt and pepper shakers", "place setting", "cup of coffee", "salt", "computer monitor", "magazines", "restaurant bill", "glass of water", "mail", "table legs", "placemat", "cutlery", "feet", "rug", "napkin holder", "office equipment", "conference", "bottle of wine", "demonstratio", "napki", "glass", "forks", "papers", "pepper", "apartment", "corner", "place mats", "room", "library", "patient", "salt and pepper", "tablecloth covering", "flowers", "knees", "dinner", "breakfast", "furniture store", "shoes", "book", "plates", "foot", "house", "cards", "crumbs", "dried up food", "campaign finance reform", "spoo", "meeting", "furniture polish", "legs of table", "puppy", "candlestick", "pool sticks", "condimemts", "apples", "magazine", "picture", "unpolished surface", "bowl of fruit", "doctor", "dog begging", "support pole", "brief case", "tea spoo", "fresh cut flowers", "people eating", "menu", "center piece", "pe", "business report", "note", "toy", "list", "map", "bottle of vodka", "stuff", "coaster", "bedroom", "flower arrangement", "apricot", "reference book", "neighbor's house", "carpet", "picture in frame", "internet cafe", "dinner plate", "rub", "set of silverware", "bowl", "row", "keys", "cloth", "ashtray", "log book", "card room", "crisps", "handout", "book of pictures", "space", "dictionary", "begging dog or cat", "loft", "plant", "wax", "place mat", "food scraps", "candelabra", "plates and forks", "puzzle", "salt shaker", "candelabera", "message", "pool balls", "pets"], [], ["building", "theater", "meeting", "floor", "office", "theatre", "conference", "bookstore", "funeral", "desk", "church", "race track", "work", "internet cafe", "bar", "mit media lab", "school", "friend's house"], [], [], [], ["bar", "corner", "specimen jar", "blacksmith's shop", "internet cafe", "classroom", "building"], [], ["cowboy", "saddlery", "stable", "tack room"], ["humans"], [], [], [], []], "/r/HasProperty": [["soft or hard"], ["sticky"], [], [], [], [], [], [], [], [], [], [], [], [], [], [], [], [], [], [], [], [], [], [], [], [], [], [], [], [], [], [], [], [], [], [], [], ["dark"], [], [], [], [], [], [], [], [], [], [], [], [], [], [], [], [], [], [], [], [], [], [], [], [], [], [], [], [], [], [], [], [], [], [], [], [], [], [], [], [], ["engineered for sitting and writing"], [], [], [], ["very good for", "fu", "good for body", "best done on regular basis", "important to living long life"], [], [], ["more comfortable than other chairs"], [], [], [], [], [], [], ["round"], ["music", "rocking chair", "classical music", "hobbies", "listening to music", "enjoyable", "swimming", "watching sunset", "scenic view", "sitting on chair", "bellbottom pants", "massage", "vacatio", "cruise holidays", "play guitar", "reading book", "view", "laughing", "wearing comfortable shoes", "for many people surfing net", "reading magazine in garde", "bath", "soaking in bathtub"], [], [], []], "/r/CreatedBy": [[" artifactcarpenter perso", "carpenter"], [], [], [], [], [], [], [], [], [], [], [], [], [], [], [], [], [], [], [], [], [], [], [], [], [], [], [], [], [], [], [], [], [], [], [], [], [], [], [], [], [], [], [], [], [], [], [], [], [], [], [], [], [], [], [], [], [], [], [], [], [], [], [], [], [], [], [], [], [], [], [], [], [], [], [], [], [], [" artifactcarpenter perso"], [], [], [], [], [], [], [], [], [], [], [], [], [], [], [], [], [], []], "/r/Synonym": [[" artifactelectric chair artifact", "chairman social", " persopresident perso", "chairperson", "v communicatiomoderate communicatio", " actprofessorship act", "stool"], ["v socialinduct social", "sit do v contact", "place dramaturgy", " bodybuttocks body", "sit contact", "sit"], ["v consumptiosatiate consumptio", "drench", "satiate"], ["huckle"], [" animalbrood hen animal", " persowillem de sitter perso", " persoartist's model perso", " persobabysitter perso", "hanging ball", ""], [], [], [], [], [], [" artifactarbor artifact", "bower"], [], [], [], [], [], ["queening"], [], [], [], [], [], [], [], [], [], [], ["v stativerange stative", "span act", "spread"], [], [], [], [], [], [], [], [], [], ["commons location locatio", "common location locatio", "green location locatio", " persomungo park perso", " locatioparking lot locatio", "parkland location locatio", " baseballballpark baseball", "garden", "courtyard", ""], ["a meditative ", " animalbrood hen animal", "aclucky", "musing"], [], [], [], ["satellite", " timesaturday time"], ["v creatioset creatio", "come out cognition cognitio", "v cognitiorate cognitio", "v competitiostation competitio", " locatiohome locatio", "property location locatio", " communicatiospace communicatio", " locatioposition locatio", " dramaturgyseat dramaturgy", " locatioplaza locatio", "v contactput contact", "v possessiolocate possessio", "shoes state", "locatio", "put cognition cognitio", "localize stative", "localise stative", "station state", " actstead act", "v possessioinvest possessio", "v competitiotarget competitio", "v cognitioidentify cognitio", " actposition act", "set cognition cognitio", "position communication communicatio", "location", " locatiotopographic point locatio", "come in cognition cognitio", "plaza", "digit"], [], [], [], [], [], [], [], ["palaver hut"], [], [], [], [], [], [], ["asettled"], [" locatioconurbation locatio", "sprawling attribute", "straggle motion motio"], [], [], [], [], [], [], [], [], [], [], [], [" groupseance group", "a seated ", "posing photography"], [], [], ["v contactcuddle contact", " actcuddle act", "snuggle contact"], [], [], [], ["school desk"], [], ["dissent act", "protestatio", "dissent social", "resist social", "protestation communication communicatio", "objection act", "expostulate", "protestation", "dissent", "objectio", ""], [" objectterrace object", " artifactworkbench artifact", " groupjudiciary group", "bench press", "wpbritish clothing brandwpbritish brand"], ["example act", "physical exertion act", "work out body", "workout act", "v socialpractice social", "v consumptioexert consumptio", "v cognitiodrill cognitio", "work body", "practice act", " actuse act", "drill act", "practice session act", "exercising act", "physical exercise act", "recitation act", "wield", "work out", "use"], ["tabular array group", " objectmesa object", "v creatiotabularize creatio", "v stativepostpone stative", " foodboard food", "board"], [], [], [" actexploitation act"], [" attributecarriage attribute", " cognitioposition cognitio", " militarymilitary capability military", " attributeposition attribute", "v socialpose social", "v artmodel art"], [], [" substancefecal matter substance", "defecate body", "make body", "take crap body", " artifacttoilet artifact", "crap body", "take shit body", "shit body", "tiller body", "ca body", "footstool", "chair"], ["stand up contact", "place upright contact", "remain firm stative", "tie up event", " artifactbandstand artifact", " artifactrack artifact", "standstill event", " cognitiopoint of view cognitio", "v cognitiodigest cognitio", " artifactbase artifact", "v competitioresist competitio", " artifactstall artifact", "bearwiktfr 1", "gueridon", "stall"], [" objectsaddleback object", "v communicatiocharge communicatio", " artifactbicycle seat artifact", "clitellus"], ["v contactencircle contact", " actlap act", "dress circle artifact", "round artifact", " artifacttraffic circle artifact", " groupset group", "go round", "periorbital dark circle", "orbit", "bunch", "belt", "dark circle", "coil", "disc", "arc", "go around", "world"], ["a reposeful "], [], [" stateaction state", " processnatural process", " processbodily process", " attributeactiveness attribute"], []], "/r/LocatedNear": [["table", "desk"], [], [], [], [], [], [], [], [], [], [], [], [], [], [], [], [], [], [], [], [], [], [], [], [], [], [], [], [], [], [], [], [], [], [], [], [], [], [], [], [], [], [], [], [], [], [], [], [], [], [], [], [], [], [], [], [], [], [], [], [], [], [], [], [], [], [], [], [], [], [], [], [], [], [], [], [], [], ["chair"], [], [], [], [], ["chair"], [], [], [], [], [], [], [], [], [], [], [], [], []], "/r/SimilarTo": [["desk", "table"], [], [], [], [], [], [], [], [], [], [], [], [], [], [], [], [], [], [], [], [], [], [], [], [], [], [], [], [], [], [], [], [], [], [], [], [], [], ["a oviparous zoology", "oviparous zoology "], [], [], [], ["act", "mcat", "pcat"], [], [], [], [], [], [], [], [], [], [], [], [], [], [], [], ["a inactive ", "inactive a "], [], [], [], [], [], [], [], [], [], [], [], [], ["a nonmoving ", "nonmoving a "], [], [], [], [], [], [], ["chair"], [], [], [], ["workout"], [], [], [], [], [], [], [], [], [], [], [], [], [], []], "/r/MadeOf": [["wood"], [], [], [], [], [], [], [], [], [], [], [], [], [], [], [], [], [], [], [], [], [], [], [], [], [], [], [], [], [], [], [], [], [], [], [], [], [], [], [], [], [], [], [], [], [], [], [], [], [], [], [], [], [], [], [], [], [], [], [], [], [], [], [], [], [], [], [], [], [], [], [], [], [], [], [], [], [], [], [], [], [], [], ["wood", "stone"], [], ["plastic"], [], [], [], [], [], [], [], [], [], [], []], "/r/ReceivesAction": [["found in office", "found at desk", "found in motel", "fixed", "found in lounge", "found in store", "found in building", "found in convent", "found in house", "found in monestary", "found in hotel"], ["found in car"], [], [], [], [], [], [], [], [], [], [], [], [], [], [], [], [], [], [], [], [], [], [], [], [], [], [], [], [], [], [], [], [], [], [], [], [], [], [], [], [], [], [], [], [], [], [], [], [], [], [], [], [], [], [], [], [], [], [], [], [], [], [], [], [], [], [], [], [], [], [], [], [], [], [], [], [], ["found in school", "found in house", "found in office"], [], [], [], ["overrated", "done anywhere person can move"], [], [], ["found in all countries", "placed around table", "used by people to sit do ", "upholstered with leather", "covered in vinyl", "made out of ratta"], [], [], [], [], [], ["found on ranch", "needed to comfort horse rider"], [], [], [], [], []]}, "/r/UsedFor": {"/r/RelatedTo": [[], [], [], [], [], ["hotel", "vestibule", "forehouse", "vwikten 1lobbying", "lobbier", "political system", "lobbied", "wikten 1lobbyists", "wikten 1farmyard", "lobbyist", "lobbying", "wikten 1public official", "lobbyism", "k street", "wikten 1playing field", "lobbylike", "nonlobbying", "foyer", "vwikten 1lobbyist", "wikten 1receptio", "lobbies", "wikten 1cabi", "room", "entrance", "entry", "hotel entry", "hotel entrance", "hall", "front", "entrance hall", "rectangular", "anteroom", "large", "large anteroom", "inside", "inside hall", "meeting", "office front", "office", "lounge", "building", "front building", "elevators", "area", "entrance area"], [], [], [], [], ["court", "surrounded", "courtyardlike", "marae", "cortile", "villa", "place", "courtyards", "galleria", "siheyuan", "parvis", "flying bridge", "cantharus", "seraglio", "area", "exonarthex", "airshaft", "motte and bailey", "yard", "courtyarded", "quadriporticus", "cour d honneur", "atrium", "forecourt", "peristyle", "base court", "building", "garden apartment", "ope", "backcourt", "quadrangle", "chowk", "khanaqah", "patio", "tetrastoon", "sky", "wall"]], "/r/UsedFor": [[], [], [], [], [], ["have drink", "read magazine", "meeting people", "sitting and reading paper", "first floor", "represent point of view", "loiter", "wait for hotel guest", "talk", "meet guests", "achieving aims", "put down luggage", "meeting i", "large building", "entry", "sit", "elevators", "having drink", "make deals", "meet another traveler", "reception area", "rest", "grouping political views"], [], [], [], [], ["have garde", "sit with friends", "relaxing outdoors", "feed squirrels", "socialize", "separating buildings with nice garde", "garde", "sit", "sit and think", "having lunch"]], "/r/LocatedAt": [[], [], [], [], [], [], [], [], [], [], []], "/r/FormOf": [[], [], [], [], [], ["lobbied", "lobbying"], [], [], [], [], ["courtyards"]], "/r/IsA": [[], [], [], [], [], [" grouppeople group", "auxiliary room in through", "public place", "usually on ground floor", "roomopencycroom in constructio", "entrance space"], [], [], [], [], ["open space", "place occupied by humans", "flat thing", "person supporting object", "unnatural thing", "outdoor location", "open space between buildings", "outside area"]], "/r/PartOf": [[], [], [], [], [], ["building", "hotel"], [], [], [], [], []], "/r/HasA": [[], [], [], [], [], ["hotel", "walls"], [], [], [], [], []], "/r/CapableOf": [[], [], [], [], [], [], [], [], [], [], []], "/r/AtLocation": [[], [], [], [], [], ["ficus", "revolving door", "office building", "motel", "opera", "building", "reception desk", "receptio", "large building", "business pla", "chair", "receptionist", "public building"], [], [], [], [], ["rosebush", "english countryhouse", "spai", "fountai", "asshole", "large hoome", "office complex", "la ", "versailles", "yard"]], "/r/HasProperty": [[], [], [], [], [], ["dark"], [], [], [], [], ["outside"]], "/r/CreatedBy": [[], [], [], [], [], [], [], [], [], [], []], "/r/Synonym": [[], [], [], [], [], ["buttonhole social", " groupspecial interest group", " artifactanteroom artifact", "foyer"], [], [], [], [], [" artifactcourt artifact", "park", "place", "yard"]], "/r/LocatedNear": [[], [], [], [], [], [], [], [], [], [], []], "/r/SimilarTo": [[], [], [], [], [], [], [], [], [], [], []], "/r/MadeOf": [[], [], [], [], [], [], [], [], [], [], []], "/r/ReceivesAction": [[], [], [], [], [], [], [], [], [], [], []]}, "/r/LocatedAt": {}, "/r/FormOf": {"/r/RelatedTo": [["vsit", "sit", "plate", "desk", "neck", "head"], [], [], ["chair", "senior", "junior", "vsit", "high school", "test", "seat"], [], ["vsate"], ["chair", "seat", "couch potato", "question time", "resitting", "sejant", "eggs", "pecha kucha", "courtesy flush", "aoccupying", "binge watching", "incubating", "clutch", "seated", "semirecumbent", "legislative", "budge up", "sit", "brooding", "lotus position", "sitsome", "sittings", "alegal", "period", "ischial tuberosity", "aincumbent", "sit upon", "vsit", "sittinglyr", "aofficial", "sofa", "sessio", "lap", "rest", "couch", "bottom", "pew", "bench", "room", "furniture", "idle", "desk", "positio", "behind", "corner", "slough", "perch", "thinker", "chief", "stool", "audience", "porch", "rear", "bath"]], "/r/UsedFor": [[], [], [], [], [], [], ["ottoma", "hairdresser chair", "theater seat", "beanbag chair", "folding chair", "side chair", "sofa hide bed", "first class airplane seat", "armchair", "bus seat", "sofabed", "train statio", "chair", "first class airline seat", "love seat", "club chair", "drawing room", "rocking chair", "bar stool", "airplane seat", "bean bag chair", "orchestra seat", "movie theater seat", "stairs"]], "/r/LocatedAt": [[], [], [], [], [], [], []], "/r/FormOf": [["sit", "vsit"], ["vsit"], ["vsit"], ["sats", "vsit"], ["vsit"], ["vsit"], ["sittings", "siting", "vsit"]], "/r/IsA": [[], [], [], ["college entrance test"], [], [], [" communicatiosession communicatio", " photographymotion act", " actmotion act", "colm", "activity", "doing and needs chair", "being seated"]], "/r/PartOf": [[], [], [], [], [], [], []], "/r/HasA": [[], [], [], [], [], [], []], "/r/CapableOf": [[], [], [], [], [], [], []], "/r/AtLocation": [[], [], [], [], [], [], []], "/r/HasProperty": [[], [], [], [], [], [], []], "/r/CreatedBy": [[], [], [], [], [], [], []], "/r/Synonym": [[], [], [], ["satellite", " timesaturday time"], [], [], [" groupseance group", "a seated ", "posing photography"]], "/r/LocatedNear": [[], [], [], [], [], [], []], "/r/SimilarTo": [[], [], [], ["act", "mcat", "pcat"], [], [], ["a nonmoving ", "nonmoving a "]], "/r/MadeOf": [[], [], [], [], [], [], []], "/r/ReceivesAction": [[], [], [], [], [], [], []]}, "/r/IsA": {}, "/r/PartOf": {}, "/r/HasA": {}, "/r/CapableOf": {}, "/r/AtLocation": {}, "/r/HasProperty": {}, "/r/CreatedBy": {}, "/r/Synonym": {"/r/RelatedTo": [[], [], [], [], [], [], [], [], [], [], [], ["paper", "print", "writing", "writer", "periodicalist", "agraphia", "head hop", "bewrite", "uncialize", "under erasure", "calligraphic", "reminisce", "freewrite", "loc", "transliteracy", "drive", "forewrite", "writing desk", "psalmody", "enwrite", "inscribe", "plume", "admarginate", "braille", "append", "worldmaking", "psychographer", "grapholite", "gagwriting", "calligraph", "whiteboard", "cyberwriter", "proser", "historiography", "enface", "write out", "dvd rom", "vimprint", "serialize", "cyclopedist", "dictation", "dictate", "illiterate", "iron sand", "elucubrate", "writed", "european portuguese", "set do v", "disk", "speechwriter", "cowrite", "bechalked", "magazining", "wroten", "stick do v", "fanwriter", "put do v", "signwriter", "memory", "chalkable", "transport", "rewrite", "graph", "run off", "cassette drive", "interscribe", "obituarist", "writo", "epitaph", "chu nom", "prewrite", "writes", "quill", "subscribe", "gagwriter", "inkshed", "literacy", "written", "destage", "discourse", "impapyrated", "write in", "echographia", "poet", "unwrite", "wrote", "cowriter", "graphomania", "click of death", "apahack", "get ahead of oneself", "dash off", "scriptorium", "pencraft", "mythographer", "vdurably", "spin up", "sound head", "magaziner", "kiter", "literate", "save do v", "motor aphasia", "pencil", "scribable", "illiteracy"], []], "/r/UsedFor": [[], [], [], [], [], [], [], [], [], [], [], ["marker", "machine", "writing instrument", "desk artifact communicatio", "graphite pencil", "chalk artifact creatio", "quill brush"], []], "/r/LocatedAt": [[], [], [], [], [], [], [], [], [], [], [], [], []], "/r/FormOf": [[], [], [], [], [], [], [], [], [], [], [], ["writed", "writes", "writ", "wrote", "ywriten", "written", "writeth"], []], "/r/IsA": [[], [], [], [], [], [], [], [], [], [], [], [], []], "/r/PartOf": [[], [], [], [], [], [], [], [], [], [], [], [], []], "/r/HasA": [[], [], [], [], [], [], [], [], [], [], [], [], []], "/r/CapableOf": [[], [], [], [], [], [], [], [], [], [], [], ["hand"], []], "/r/AtLocation": [[], [], [], [], [], [], [], [], [], [], [], [], []], "/r/HasProperty": [[], [], [], [], [], [], [], [], [], [], [], [], []], "/r/CreatedBy": [[], [], [], [], [], [], [], [], [], [], [], [], []], "/r/Synonym": [[], [], [], [], [], [], [], [], [], [], [], ["indite writing", "drop line communication communicatio", "v creatiospell creatio", "compose writing", "v musiccompose music", "save computer science", "pen writing", "vdisplay"], []], "/r/LocatedNear": [[], [], [], [], [], [], [], [], [], [], [], [], []], "/r/SimilarTo": [[], [], [], [], [], [], [], [], [], [], [], ["write do v"], []], "/r/MadeOf": [[], [], [], [], [], [], [], [], [], [], [], [], []], "/r/ReceivesAction": [[], [], [], [], [], [], [], [], [], [], [], [], []]}, "/r/LocatedNear": {}, "/r/SimilarTo": {}, "/r/MadeOf": {}, "/r/ReceivesAction": {}}}, "":{}}