{"sprinkle": {"N1": {"/r/RelatedTo": ["sprinkling", "breadcrumb", "sparge", "vdrop", "bestar", "sprinkly", "utensil", "vcleanse", "unsprinkled", "sprinkler", "vbaptize", "asperge", "sparger", "asperse", "sprink", "aspersorium", "k\u00fcmmelweck", "dash", "besprinkle", "vcover", "sprinklest", "scatter", "garden syringe", "dredger", "bespatter", "irrorate", "sem\u00e9", "fish food", "degwikten 2", "sugar cookie", "lebes gamikos", "jimmy", "vpurify", "sprinkleth", "oversprinkle", "portuguese roll", "spritz", "sprinkled", "sprinkles", "shake", "shower"], "/r/UsedFor": [], "/r/LocatedAt": [], "/r/FormOf": ["sprinkles", "sprinkleth", "sprinklest", "sprinkled", "sprinkling"], "/r/IsA": [" actwatering act"], "/r/PartOf": [], "/r/HasA": [], "/r/CapableOf": [], "/r/AtLocation": [], "/r/HasProperty": [], "/r/CreatedBy": [], "/r/Synonym": ["pitter patter weather", "splosh contact", "sprinkling act", "besprinkle change", "patter weather", " phenomenoscattering phenomeno", "spit weather", "v contactscatter contact", "sparge act", "spatter weather", "sparge change", "splash contact", "asperse", "gush out", "shoot forth", "spurt out", "sprinkling"], "/r/LocatedNear": [], "/r/SimilarTo": [], "/r/MadeOf": [], "/r/ReceivesAction": []}, "N2": {"/r/RelatedTo": {"/r/RelatedTo": [["salting", "baptism", "bedabble", "vsprinkle", "spritz", "sprinkle", "caster", "pepper shaker", "amount", "salt shaker", "spritzing", "pepper pot", "shower", "sprinklings", "rai"], ["xat\u00f3", "cecil", "pan\u00e9ed", "frikadelle", "pan\u00e9", "breadcrumby", "oyster rockefeller", "fish stick", "treacle tart", "panko", "clootie dumpling", "hyperlink", "venticement", "shrimp dejonghe", "meatloaf", "breadcrumbs", "croquette", "vsprinkle", "breading", "vcooking", "breadcrumbed", "glamorgan sausage", "breadcrumbing", "vclue", "fish finger", "wiener schnitzel", "panada", "gratin", "taramosalata", "friar's omelette", "clams casino", "vbreadcrumbs", "delmonico potatoes", "au gratin", "brown betty", "sacher torte", "korokke", "vweb page", "clams oreganata", "donair"], ["vspray", "sparging", "vsprinkle", "sparse", "vbubble", "sparges"], [], ["vsprinkle", "vstar"], ["alight", "asprinkle"], ["plate", "spatula", "roaster", "spider skimmer", "mandoline", "trifle", "cutlery", "kitchen", "roller docker", "chip fork", "silver", "ovenware", "utensiled", "colander", "device", "instrument", "funnel", "spife", "wash up", "mincer", "potato masher", "fork", "dropper", "eggwhisk", "boat", "engine", "spoodle", "kitche", "trifler", "smallware", "stencil", "sprinkle", "corer", "potholder", "wedger", "canteen", "mess kit", "spork", "cooker", "swizzle stick", "eggbeater", "batterie de cuisine", "set table", "cooking utensil", "tinker", "thumbstall", "pizza paddle", "pick at", "unitasker", "beverageware", "fish slice", "bailer", "ricer", "wipe up", "dipper well", "dishwater", "knife", "utensils", "drizzler", "platescape", "rolling pin", "draining board", "domestic", "champagne whisk", "back scrubber", "salt pig", "spoo", "bowl", "chalk", "fork spoo", "glass", "napki", "eating", "mixer", "soap", "pe", "rake", "knife fork", "implement", "brush", "fork knife", "scissors", "for eating", "stick", "bed", "pa", "paper", "tablespoo"], [], ["asprinkle"], ["fire extinguisher", "fire sprinkler", "irrigatio", "sprinkle", "air", "rantistirion", "device", "rain truck", "spray", "hose", "fountai"], [], ["aspergillum", "vsprinkle"], ["cover", "perforated", "liquid", "sprinkle", "vessel"], ["vscatter", "vslander", "asperses", "asperser", "bespatter", "aspersive", "vsprinkle", "aspersing"], ["vsprinkle", "vsplash"], ["worshippers", "sprinkle", "basi", "holy water", "aspergillum"], ["caraway", "koshering salt", "kaiser roll", "sprinkle"], ["vviolent", "pi\u00f1a colada", "run", "dashing", "dashboard", "undashed", "vdraw", "vshort", "morse code", "dasher", "dashitall", "scurry", "quantity", "domain name", "panache", "strike", "vdestroy", "terve", "ru", "emvowel", "vstriking", "minus sig", "hyphe", "dam", "vdishearte", "flit", "vdepart", "whack", "vsadde", "bribe", "irish coffee", "dashed", "vquick", "vsplatter", "vleave", "vsprinkle", "horizontal bar", "em dash", "en dash", "vrui", "dop", "vigor", "dashlike", "vjot", "bedash", "stereobond", "hyphen minus", "flight", "figure dash", "dush", "teaspoo", "quotation dash", "gratuity", "liquid", "eclipsis", "stitch", "ring", "subtractio", "cor", "rush", "cake", "mine", "card", "shake", "case", "verse", "drop", "rash"], ["vsprinkle"], [], ["vsprinkle"], ["voccur", "scatterest", "scattering", "sunder out", "distribute", "flatness", "scatters", "superscatterer", "overstrew", "dispersion", "flurr", "litter", "compton scattering", "disseminate", "sidescatter", "object", "sift", "bestrew", "parsemage", "bescatter", "antiscatter", "aspersed", "splatter", "scatterer", "flitter", "sparkler", "rescatter", "brown cloud", "compton effect", "scattereth", "disperse", "strewing", "dotted", "vdeflect", "desparple", "backscatter", "vsprinkle", "vfall", "vseparate", "dispel", "besnow", "reggeon", "vdistribute", "asperse", "instrew", "collectio", "spatter", "scatteration", "spread", "scattered", "spirtle", "dissemination", "besow", "scatteringlyr", "scattery", "shell", "coreshine", "fragmentation", "vloosely", "upscatter"], [], ["lid", "sugar", "flour", "dredging", "dredgers", "vessel", "perforated", "dredging box", "dredge", "sprinkle", "fish", "container", "mud scow"], ["lorry", "vcalumny", "vsprinkle", "bespattered", "bedash", "bespattering", "bemud", "vreproach", "vshend", "vasperse", "bespatters", "vsoil", "vspatter", "vcover", "belute"], ["vmoiste", "vdew", "vsprinkle", "vbedew", "irroration"], ["astre ", "annulletty", "astrew", "asprinkle", "\u00e9tincell\u00e9", "acharge", "asow", "tortelly", "billet\u00e9", "plat\u00e9", "sem\u00e9 de lis", "afield", "bezant\u00e9", "crusily"], [], [], [], [], ["burglar", "topping", "cupcake", "marijuana", "jimmies", "sprinkle", "jock", "jemmy", "car", "cookies", "coal", "jimmying", "chocolate", "jimmy riddle", "underwear", "piddle", "cigarette", "slim jim", "crowbar", "condom", "penis", "jimi", "vcrowbar", "ice cream", "page"], [], ["vsprinkle"], ["vover", "vsprinkle"], [], ["vspritzer", "spritzer", "liquid", "vsquirt", "vsprinkle", "vspray", "sprinkling", "spray", "spritzing", "shower"], ["vsprinkle", "besprinkled", "sandy"], ["vsprinkle", "candy", "sugar", "topping", "doughnut"], ["drink", "milk", "movement", "rattle", "hand", "ice", "cream", "actio", "ice cream", "greeting", "milk drink", "shaker", "rattle roll", "roll", "shiver", "tremble", "motio", "earthquake", "move", "dessert", "vibrate", "vibratio", "hands", "beverage", "malt", "in two shakes", "vshock", "succussive", "shook", "staff", "bump and grind", "rock", "headshake", "tremor", "slatting", "roofing", "vget rid of", "split", "vevade", "log", "trill", "barrel", "hogshead", "quiverwikten 3", "shudder", "trembly", "jounce", "shogging", "shingle", "float", "shakes", "inconcussible", "shiggle", "reshake", "thermoshaker", "quaking", "jolt", "wood", "cup shake", "succussion", "unsteadilyr", "shaking", "shake off", "woode", "brace of shakes", "carbonated", "antishake", "shoogle", "fissure", "waver", "ague", "bass bomb", "sieve set", "quake", "jerkwikten 1", "tone", "shake hands", "shog", "jaunce", "crack", "jog", "succuss", "curvet", "overshake", "quassation", "worry", "shake do v", "shaky"], ["soap", "bath", "rai", "water", "wash", "half bathroom", "wikten 1bathe", "bridal shower", "three quarter bathroom", "douche", "pelter", "tapware", "midshowerr", "spatter", "showery", "toilet", "radiant", "showering", "vichy shower", "quarter bathroom", "unshowered", "sprinkling", "shower gel", "showerset", "bathroom", "showered", "tub shower", "shower head", "reverse cascade", "flurry", "shower rose", "showereth", "wet room", "drainpipe", "glitter bomb", "showers", "sun shower", "showerless", "showerful", "bath brush", "showerest", "half bath", "showerhead", "phyllobolia", "showerbath", "showerlike", "nonshower", "never nude", "powder room", "tub", "bathing", "washing", "falling water", "falling", "body", "cleaning", "bathe", "place", "cleansing", "bathtub", "getting", "getting clea", "clea", "bath rai", "bathroom tub", "oneself", "wash oneself", "cleaning body", "conditio", "in bathroom", "apparatus", "bathing apparatus", "bath tub", "standing bath", "standing", "washing rai", "projector", "overhead", "overhead water", "little rai", "little", "like rai", "like", "fountai", "for cleansing", "taking bath", "taking", "light", "rain bath", "light rai", "versio", "bath versio", "bathroom stall", "stall", "spritz", "spritz bath", "washing place", "wet", "wash place", "baths", "steam", "cleansing sprinkle", "sprinkle", "bath alternative", "alternative", "body cleaning"]], "/r/UsedFor": [[], [], [], [], [], [], [], [], [], ["water garde"], [], [], [], [], [], [], [], [], [], [], [], [], [], [], [], [], [], [], [], [], [], [], [], [], [], [], [], [], [], [], ["locker room", "bathing", "shaving face", "preparing for date", "portable shower head", "wet body", "washing hair", "showering", "giving gifts", "cooling do ", "clean entire body", "clean yourself", "washing away dirt", "cleaning yourself", "make love", "shave", "cleaning air outside", "preparing for bed", "relaxing", "wash", "warming up", "accommodatio", "washing", "making things wet"]], "/r/LocatedAt": [[], [], [], [], [], [], [], [], [], [], [], [], [], [], [], [], [], [], [], [], [], [], [], [], [], [], [], [], [], [], [], [], [], [], [], [], [], [], [], [], []], "/r/FormOf": [["sprinklings", "vsprinkle"], ["breadcrumbs", "breadcrumbed", "bread crumb", "breadcrumbing"], ["sparged", "sparges", "sparging"], [], ["bestars", "bestarred", "bestarring"], [], ["utensils"], [], [], ["sprinklers"], [], ["asperging", "asperges", "asperged"], ["spargers"], ["aspersest", "asperses", "aspersed", "aspersing", "asperseth"], [], ["aspersoriums", "aspersoria"], [], ["dashing", "dashes", "dasheth", "dashest", "dashed"], ["besprinkling", "besprinkles"], [], ["vsprinkle"], ["scattereth", "scatters", "scatterest", "scattering", "scatter'd", "scattered"], [], ["dredgers"], ["bespatters", "bespattering", "bespattered"], ["irrorated", "irrorating", "irrorates"], ["semee", "semy", "sem\u00e9e", "sem\u00e9ed"], [], [], [], [], ["jimmies", "jimmied", "jemmy", "jimmying"], [], ["vsprinkle"], ["oversprinkling", "oversprinkled", "oversprinkles"], [], ["spritzes", "shpritz", "spritzing", "spritzed", "schpritz"], ["vsprinkle"], ["sprinkle", "vsprinkle"], ["shakes", "shaking", "shaken", "shooke", "shookest", "shook"], ["showers", "showereth", "showerest", "showered", "showering"]], "/r/IsA": [[], [" foodcrumb food"], [], [], [], [], ["spoo", "funnel artifact", "kitchen utensil artifact", " artifactimplement artifact", "ceramic ware artifact", "copperware artifact", "server artifact", "silverware", "manual tool", "pair of chopsticks", "spoon", "human occupation construct object", "kosher utensil", "carving knife", "chopstick", "match", "cooking utensil", "rigid portable object", "housewares", "serving utensil"], [], [], [" artifactmechanical device artifact", "plumbing fixture", "lawn sprinkler", "device for spraying", "device"], [], [], [], [], [], [" artifactbasin artifact"], [], [" attributeelegance attribute", " actrun act", "break act", " acthaste act", " communicatiotelegraphic signal communicatio", " eventtrack event", "punctuation mark"], [], [], [], [" actspread act", "diffuseness attribute", " attributedistribution attribute"], [], [" artifactbarge artifact"], [], [], [], [], [], [], [], [" artifactcrowbar artifact", "nickname for james"], [], [], [], [], [" eventjet event"], [], ["food"], ["woodwork", "shingle"], [" actwashup act", " artifactplumbing fixture artifact", " groupparty group", "scattering phenomenon phenomeno", " phenomenorain phenomeno", " eventdescent event", "form of bathing", "rain", "intelligent agent activity", "bathing"]], "/r/PartOf": [[], [], [], [], [], [], [], [], [], [], [], [], [], [], [], [], [], [" communicatiomorse communicatio"], [], [], [], [], [], ["dredge artifact"], [], [], [], [], [], [], [], [], [], [], [], [], [], [], [], [], ["showerhead artifact", " artifactshower stall artifact", "drai", "house"]], "/r/HasA": [[], [], [], [], [], [], [], [], [], [], [], [], [], [], [], [], [], [], [], [], [], [], [], [], [], [], [], [], [], [], [], [], [], [], [], [], [], [], [], [], []], "/r/CapableOf": [[], [], [], [], [], [], ["drop on floor"], [], [], ["water la ", "wet garde"], [], [], [], [], [], [], [], ["continue word"], [], [], [], [], [], [], [], [], [], [], [], [], [], ["force dooors"], [], [], [], [], [], [], [], [], ["streaming with fine needles", "rainfall of short duratio"]], "/r/AtLocation": [[], [], [], [], [], [], [], [], [], ["la "], [], [], [], [], [], [], [], [], [], [], [], [], [], [], [], [], [], [], [], [], [], [], [], [], [], [], [], [], [], [], ["shampoo", "dandruff shampoo", "fungus", "pilot", "hot faucet", "tile", "portable shower head", "house", "locker room", "soap dish", "shower curtai", "water", "bath room", "snake", "motel", "shower switch", "gy mnasiu m", "hair conditioner", "at hotel", "round brush", "motel room", "double edged razor"]], "/r/HasProperty": [[], [], [], [], [], [], [], [], [], [], [], [], [], [], [], [], [], [], [], [], [], [], [], [], [], [], [], [], [], [], [], ["nuts"], [], [], [], [], [], [], [], [], []], "/r/CreatedBy": [[], [], [], [], [], [], [], [], [], [], [], [], [], [], [], [], [], [], [], [], [], [], [], [], [], [], [], [], [], [], [], [], [], [], [], [], [], [], [], [], []], "/r/Synonym": [[" actsprinkle act", " quantityscattering quantity", " actaspersion act", " phenomenoscattering phenomeno", "sprinkle", "irrigation"], ["crumb"], [" actsprinkle act", "v changesprinkle change"], [], [], [], [], [], [], ["irrigator"], [], [], [], ["v communicatiodefame communicatio", "vsprinkle", "vbackbite", "vdefame"], [], [" artifactaspergill artifact", "aspergillum"], [], ["elan attribute", "v motiodart motio", "sprint act", "style attribute", "bolt act", "panache attribute", "v emotiodaunt emotio", "dah communication communicatio", " communicatiohyphen communicatio", "flair attribute", "v changesmash change", "v contactcrash contact", "smash", "panache", ""], ["v changesprinkle change"], [], [], ["v changebreak up change", "spread attribute", "scattering act", "v motiodisperse motio", "strewing act", "v motiospread motio", "sprinkle contact", "dust contact", "disperse contact", "dot contact", "strew", "desparple"], [], [], ["v contactspatter contact", "dabble"], [], [], [], [], [], [], ["jemmy artifact", "v contactpry contact", "piddle", "hundreds and thousands", "crowbar"], [], [], [], [], ["vspray", "splash"], [], [" foodjimmies food", "hundreds and thousands", "jimmies", ""], [" substanceshingle substance", "v motiorock motio", " actwag act", "didder body", "v emotiostimulate emotio", " contracthandshake contract", " acttremble act", "escape from motion motio", "v motiojudder motio", "throw off motion motio", "agitate motion motio", " communicatiotrill communicatio", " foodmilkshake food", "shake off motion motio", "judder", "totter", "agitate", "weaken", "milkshake", "disturb", "succuss"], [" persoexhibitor perso", "shower do v weather", "shower bath act", "cascade event", "v possessiolavish possessio", "rain shower phenomenon phenomeno", "vtake shower", "hail", ""]], "/r/LocatedNear": [[], [], [], [], [], [], [], [], [], [], [], [], [], [], [], [], [], [], [], [], [], [], [], [], [], [], [], [], [], [], [], [], [], [], [], [], [], [], [], [], []], "/r/SimilarTo": [[], [], [], [], [], [], [], [], [], [], [], [], [], [], [], [], [], ["smidge", "smidgen", "pinch"], [], [], [], [], [], [], [], [], [], [], [], [], [], [], [], [], [], [], [], [], [], [], ["baby shower"]], "/r/MadeOf": [[], [], [], [], [], [], [], [], [], [], [], [], [], [], [], [], [], [], [], [], [], [], [], [], [], [], [], [], [], [], [], [], [], [], [], [], [], [], [], [], []], "/r/ReceivesAction": [[], [], [], [], [], [], [], [], [], [], [], [], [], [], [], [], [], [], [], [], [], [], [], [], [], [], [], [], [], [], [], [], [], [], [], [], [], [], [], [], ["found in bathroom", "found in house"]]}, "/r/UsedFor": {}, "/r/LocatedAt": {}, "/r/FormOf": {"/r/RelatedTo": [["vsprinkle", "candy", "sugar", "topping", "doughnut"], ["vsprinkle"], ["vsprinkle"], ["vsprinkle", "besprinkled", "sandy"], ["salting", "baptism", "bedabble", "vsprinkle", "spritz", "sprinkle", "caster", "pepper shaker", "amount", "salt shaker", "spritzing", "pepper pot", "shower", "sprinklings", "rai"]], "/r/UsedFor": [[], [], [], [], []], "/r/LocatedAt": [[], [], [], [], []], "/r/FormOf": [["sprinkle", "vsprinkle"], ["vsprinkle"], ["vsprinkle"], ["vsprinkle"], ["sprinklings", "vsprinkle"]], "/r/IsA": [["food"], [], [], [], []], "/r/PartOf": [[], [], [], [], []], "/r/HasA": [[], [], [], [], []], "/r/CapableOf": [[], [], [], [], []], "/r/AtLocation": [[], [], [], [], []], "/r/HasProperty": [[], [], [], [], []], "/r/CreatedBy": [[], [], [], [], []], "/r/Synonym": [[" foodjimmies food", "hundreds and thousands", "jimmies", ""], [], [], [], [" actsprinkle act", " quantityscattering quantity", " actaspersion act", " phenomenoscattering phenomeno", "sprinkle", "irrigation"]], "/r/LocatedNear": [[], [], [], [], []], "/r/SimilarTo": [[], [], [], [], []], "/r/MadeOf": [[], [], [], [], []], "/r/ReceivesAction": [[], [], [], [], []]}, "/r/IsA": {"/r/RelatedTo": [[]], "/r/UsedFor": [[]], "/r/LocatedAt": [[]], "/r/FormOf": [[]], "/r/IsA": [[]], "/r/PartOf": [[]], "/r/HasA": [[]], "/r/CapableOf": [[]], "/r/AtLocation": [[]], "/r/HasProperty": [[]], "/r/CreatedBy": [[]], "/r/Synonym": [[]], "/r/LocatedNear": [[]], "/r/SimilarTo": [[]], "/r/MadeOf": [[]], "/r/ReceivesAction": [[]]}, "/r/PartOf": {}, "/r/HasA": {}, "/r/CapableOf": {}, "/r/AtLocation": {}, "/r/HasProperty": {}, "/r/CreatedBy": {}, "/r/Synonym": {"/r/RelatedTo": [[], [], [], [], [], [], [], [], [], [], [], [], ["vscatter", "vslander", "asperses", "asperser", "bespatter", "aspersive", "vsprinkle", "aspersing"], [], [], [], ["salting", "baptism", "bedabble", "vsprinkle", "spritz", "sprinkle", "caster", "pepper shaker", "amount", "salt shaker", "spritzing", "pepper pot", "shower", "sprinklings", "rai"]], "/r/UsedFor": [[], [], [], [], [], [], [], [], [], [], [], [], [], [], [], [], []], "/r/LocatedAt": [[], [], [], [], [], [], [], [], [], [], [], [], [], [], [], [], []], "/r/FormOf": [[], [], [], [], [], [], [], [], [], [], [], [], ["aspersest", "asperses", "aspersed", "aspersing", "asperseth"], [], [], [], ["sprinklings", "vsprinkle"]], "/r/IsA": [[], [], [], [], [], [], [], [], [], [], [], [], [], [], [], [], []], "/r/PartOf": [[], [], [], [], [], [], [], [], [], [], [], [], [], [], [], [], []], "/r/HasA": [[], [], [], [], [], [], [], [], [], [], [], [], [], [], [], [], []], "/r/CapableOf": [[], [], [], [], [], [], [], [], [], [], [], [], [], [], [], [], []], "/r/AtLocation": [[], [], [], [], [], [], [], [], [], [], [], [], [], [], [], [], []], "/r/HasProperty": [[], [], [], [], [], [], [], [], [], [], [], [], [], [], [], [], []], "/r/CreatedBy": [[], [], [], [], [], [], [], [], [], [], [], [], [], [], [], [], []], "/r/Synonym": [[], [], [], [], [], [], [], [], [], [], [], [], ["v communicatiodefame communicatio", "vsprinkle", "vbackbite", "vdefame"], [], [], [], [" actsprinkle act", " quantityscattering quantity", " actaspersion act", " phenomenoscattering phenomeno", "sprinkle", "irrigation"]], "/r/LocatedNear": [[], [], [], [], [], [], [], [], [], [], [], [], [], [], [], [], []], "/r/SimilarTo": [[], [], [], [], [], [], [], [], [], [], [], [], [], [], [], [], []], "/r/MadeOf": [[], [], [], [], [], [], [], [], [], [], [], [], [], [], [], [], []], "/r/ReceivesAction": [[], [], [], [], [], [], [], [], [], [], [], [], [], [], [], [], []]}, "/r/LocatedNear": {}, "/r/SimilarTo": {}, "/r/MadeOf": {}, "/r/ReceivesAction": {}}}, "": {"N1": {"/r/RelatedTo": ["windowdoor", "worklabor", "butchermeat", "gallomeasure", "woundgash", "punishmentcrime and", "chickelaying", "thricerthree", "informed educated ", "closed obstructed ", "transpondianrightpondia", "mystifymystery", "audiovisualsaudiovisual"], "/r/UsedFor": ["flash artifactlight physics", "string bassplaying music"], "/r/LocatedAt": [], "/r/FormOf": ["air burstsair burst", "pot belliespot belly", "cross sectionscross sectio"], "/r/IsA": ["suburb locatioresidential district locatio", "western skink animalskink animal", "inertial mass physicsmass attribute", "leading man persoactor perso", "occasion timetime time", "tree toad animalfrog animal", "petaurista animalmammal genus animal", "torch singer persosinger perso", "drop arch artifactpointed artifact", "rottenstone substancelimestone substance", "scorpionfish animalscorpaenid animal", "temporary hookup artifactconnection artifact", "acrylic fiber substanceman made substance", "dependence statestate ", "overhand pitch actpitch baseball", "american spikenard plantsubshrub plant", "hedonist persosensualist perso", "homecoming actreunion act", "aldrovanda plantdicot genus plant", "ambystomatidae animalamphibian family animal", "assist ice hockeymaneuver act", "tithe barn artifactbarn artifact", "hypsometer artifactaltimeter artifact", "papyrus communicatiodocument communicatio", "cacodyl substancegroup chemistry", "penance actsacrament act", "rule of evidence lawrule communicatio", "usherette persousher perso", "hooks bodyhand body", "bilabial communicatiolabial consonant communicatio", "kurdish communicatioiranian communicatio", "theism cognitioreligion cognitio", "aristocrat persoleader perso", "bundesbank groupcentral bank group", "skirtform of female attire", "yardarm artifactend locatio", "supreme court lawfederal group"], "/r/PartOf": ["satachristian myth", "old testament communicatiobible communicatio", "styloid process bodytemporal bone body", "voider artifactbody armor artifact", "tower of london artifactlondon locatio"], "/r/HasA": ["baywater"], "/r/CapableOf": ["blanketscover bed", "chefbone chicke", "authorswrite books"], "/r/AtLocation": ["windowhouse", "dustcarpet", "action figuretoy department", "barbershopmall", "mouselab maze"], "/r/HasProperty": [], "/r/CreatedBy": [], "/r/Synonym": ["hawaiian honeycreeper animalhoneycreeper animal", "thing cognitiomatter cognitio", "dprk locationorth korea locatio", "gas tight air ", "get into possessioget in possessio", "west persocicily isabel fairfield perso", "sapindus drumondii plantwild china tree plant", "abls communicatiobachelor of arts in library science communicatio", "homburg artifactfedora artifact", "choking coil artifactchoke artifact", "sewerage artifactsewer artifact", "fish bowl stategoldfish state", "caddy golfcaddie golf", "moray eel animalmoray animal", "family zygnemataceae animalzygnemataceae animal", "severity attributeaustereness attribute", "hors d oeuvre foodhors food", "chukka artifactchukka boot artifact", "immunise competitioimmunize competitio", "kindling pointautoignition temperature", "corruptlyr corruptedlyr ", "lazy faineant ", "copernicia prunifera plantcarnauba plant", "log z's bodysleep body", "sworn pledged ", "palestine authority grouppalestine national group", "polyodon spathula animalpaddlefish animal", "linnaea borealis americana plantamerican twinflower plant", "stylise artstylize art", "thank youthank you very much", "infirm decrepit ", "uriniferous tubule bodynephron body", "passing actpassage act", "rio nunez coffee plantrobusta plant", "experimentation cognitioexperiment cognitio", "powerful knock do a ", "lichgate artifactlychgate artifact", "take advantage socialtrespass social", "pyrethrum plantpainted daisy plant", "take turns changealternate change", "water level locatiowaterline locatio", "fuddle stateclutter state", "insisting communicatioinsistence communicatio", "vibrate perceptioresonate perceptio", "viridity attributegreen attribute", "yarn dye changeimpress change", "balaenoptera borealis animalsei whale animal", "electron orbit locatioorbit locatio", "lillie persobeatrice perso"], "/r/LocatedNear": [], "/r/SimilarTo": ["large leafed leafy ", "captious critical ", "exaggerated increased ", "effective militaryoperational military", "tasty winey ", "fast breaking news article", "second rate inferior ", "disputatious argumentative ", "private nonpublic ", "coated glazed ", "free clear "], "/r/MadeOf": [], "/r/ReceivesAction": []}, "N2": {}}}