{"squeeze": {"N1": {"/r/RelatedTo": ["squoze", "fit", "margi", "sterno", "wring out", "alcoholic", "honk", "pucker", "vremove", "orange juice", "vhardship", "thrutch", "dring", "semi automatic", "difficult", "squeegee", "squeezes", "vput", "fee", "play", "fruit juice", "drink", "scruze", "scrouge", "squoosh", "squeezing", "squish", "crush", "tight", "ooch", "vpressure", "traversal", "trick", "spew", "bribe", "smush", "squashwikten 1", "vfit", "shingler", "passage", "unsqueezed", "hug", "unsqueezable", "grasp", "squeezer", "partner", "narrow", "thring", "nipwikten 3", "inscriptio", "cheesecloth", "thrusting", "shoehorn", "scrunch", "shingling", "squash", "opponent", "positio", "handwringer", "choke chain", "wringer", "clench", "vburde", "vscore", "compressor", "vtax", "squidge", "squeezed", "bunt", "discard", "squeezable", "middlema", "voppress", "pinch", "vharass", "squeezy", "comshaw", "china", "press", "squint", "please"], "/r/UsedFor": ["vice"], "/r/LocatedAt": [], "/r/FormOf": ["squeezes", "squoze", "squeezest", "squeezed", "squeezing", "squeezeth", "squozen"], "/r/IsA": ["extrusion act", " actcompression act", " eventmovement event", " persolover perso", " possessioloss possessio", "expression act", "pinch act", " actconstriction act", "cash squeeze"], "/r/PartOf": [], "/r/HasA": [], "/r/CapableOf": [], "/r/AtLocation": [], "/r/HasProperty": [], "/r/CreatedBy": [], "/r/Synonym": [" actpower play act", "v contactcompress contact", "v contactpinch contact", "v contactsquash contact", "v motiothrust motio", "wring event", "v possessioextort possessio", "v contactwedge contact", "v contactembrace contact", "squeezing act", "v socialcoerce social", " acthug act", " statecredit crunch state", "gripe", "squash", "squeeze play"], "/r/LocatedNear": [], "/r/SimilarTo": [], "/r/MadeOf": [], "/r/ReceivesAction": []}, "N2": {"/r/RelatedTo": {"/r/RelatedTo": [["squozen", "squeeze", "squoze", "squeezed"], ["exercise", "shape", "healthy", "well a ", "a well ", "a appropriate ", "a sound ", "sound a ", "a healthy ", "healthy a ", "in shape", "size", "physically", "good", "quality", "becoming", "fit as fiddle", "bayonet", "tail lift", "suit", "sweam", "beseemly", "reheel", "befit", "sufficient", "fits", "go together", "jagwikten 2", "conditioned", "physical fitness", "ill fitting", "trim", "frisk", "sashed", "neither fish nor fowl", "unflued", "out of conditio", "corsetiere", "conniption", "dulyr", "constellate", "unfit", "bar up", "hissy", "behooveful", "fitter", "lepsy", "apparel", "joint", "retooth", "meeten", "accesswikten 1", "grow into", "fit as lop", "reliable", "steanwikten 2", "fit note", "misfit", "squeeze", "fittable", "habitable", "chaffwax", "planker", "preshrink", "tailor's dummy", "try on", "fitspo", "radge", "elasticated", "tift", "nonfit", "stageworthy", "neusis", "ing bing", "adaptorial", "fly off handle", "refit", "suitable", "fitting room", "scaler", "fitness", "projection matrix", "cut out", "fitweed", "fit as flea", "living will", "deadlatched", "unstudiable", "headfit", "adaptive", "in conditio", "scan", "proper", "fitlyr", "season", "vwikten 1adjust", "gainand", "wikten 1suit", "pan and scan", "studiable", "fit as butcher's dog", "blinder", "conformator", "upholster", "nest", "spack attack", "temper tantrum", "tuckwikten 1", "odd one out", "athlete", "gallwikten 1", "domesticate", "fitted", "outfit", "shoe size", "preparer", "adaptional", "moldwikten 1", "carpetlayer"], [], ["canned heat", "squeeze", "sternum"], [], ["wine", "alcoholism", "collins", "aalcoholism", "aalcohol", "brandy", "bar", "rum", "shrubwikten 2", "sucellus", "car bomb", "drink driving", "drinkery", "plum brandy", "squeeze", "tentura", "adult beverage", "sh\u014dch\u016b", "bend one's elbow", "catlap", "splice mainbrace", "ruin pub", "on tear", "pulque", "bevvy", "hard cider", "drinkfest", "roadie", "louche", "whisky", "top fermentation", "alcoholicity", "tharra", "wet", "snifter", "knock back", "alcohol", "livener", "rumfustian", "strong drink", "beer run", "cobbler", "seasoning", "potent potable", "heeltap", "swipe", "texas tea", "sherbet", "dry drunk", "becchi's test", "boozehound", "swizzle", "alcoholicallyr", "paddywhackery", "last orders", "bug juice", "beer muscles", "tavern", "power hour", "dipsology", "bottlo", "slug", "dead man", "small beer", "oholic", "friar's balsam", "apple wine", "drunk", "off trade", "medicine", "nonalcoholic", "restorative", "aguardiente", "parakari", "tsipouro", "lycopodin", "juicer", "prohibitionist", "barroom", "tipple", "mastic", "alkermes", "tincture", "go juice", "turps", "huangjiu", "nonbrewing", "drinking", "pony glass", "bootleg", "full as tick", "rotgut", "cocktail lounge", "off sale", "antiprohibition", "alcohothermal", "poptail", "antiliquor", "alcohol by volume", "piss water", "booze jockey", "name your poison", "tanglelegs", "awamori", "liquor store", "cocktail cabinet", "distiller", "neknomination", "dramless", "eye opener", "muratina", "sparkling", "sack whey", "mickey finn", "juicehead", "schnapps", "syllabub", "on piss", "on rocks", "jorum", "liquor", "potation", "teetotaler", "foreshot", "wine o'clock", "ap\u00e9ritif", "atomic cocktail", "topper offer", "perry", "booze", "low alcohol", "rectified spirit", "sottish", "bottle service", "hyaline", "skokiaan", "black and tan", "congener", "alcoholature", "on trade", "makgeolli", "alcopop", "dead soldier", "dipsomaniac", "kaoliang", "tequila", "abuse", "podophyllin", "jiu", "zeoscope", "cocktail", "liquor lounge", "eggnog", "jenever", "back sweeten", "boozehead", "mwenge", "krupnik", "belly up", "malternative", "private stock", "snake wine", "busaa", "besot", "screaming orgasm", "cask", "friend of bill w", "hot toddy", "pre gaming", "tinto de verano", "apertai", "alcoholics anonymous", "cellarman", "borovi\u010dka", "bead proof", "ogogoro", "compotator", "addict", "waragi", "john barleycorn", "smashie", "cider", "baijiu", "liquid sunshine", "beer o'clock", "hosehead", "unalcoholic", "pasteur's fluid", "on wago", "snort", "licensed victualler", "absinthe", "soft drink", "burukutu", "alcoholics", "cup", "half and", "shochu", "damp", "ice perry", "unwinder", "purple jesus", "alkie", "silent sam", "dry", "prohibition", "thimbleful", "hazeline", "pruno", "take horn", "pisshead", "alcoholate", "raksi", "solubles", "nightcap", "liquor licence", "snootful", "pick me up", "homebrewer", "akpeteshie", "libation", "wet bar", "bathtub gin", "vodka", "drinker", "electric soup", "pocket flask", "ginwikten 1", "erythrozyme", "distillery", "anisette", "harvey wallbanger", "colonche", "jet fuel", "liqueur", "antifogmatic", "stewbum", "piwari", "shaojiu", "drinkypoo", "optic", "grog", "bibber", "pineau", "ardent spirits", "scrumpy", "slubberdegullion", "gentleman's measure", "little of creature", "alcoholist", "drink", "gi", "scotch", "whiskey", "beer", "bourbo", "bear", "flask", "shot", "proof", "party"], ["honking", "vbreast", "vcontents", "claik", "honked", "honks", "vstomach", "vcar", "goose", "honker", "vgoose", "vhor", "trumpeter", "vregurgitate", "vnose", "vvomit", "vsqueeze", "vsound", "quonk", "honkinglyr"], ["puckereth", "puckerest", "puckers", "puckerer", "pout", "anxiety", "confusio", "vsqueeze", "puckering", "bother", "vdimple", "vfold", "vwrinkle", "unpucker", "pursilyr", "perplexity", "vpinch", "puckery", "puckered", "fold", "pursiness", "bepucker", "agitatio", "curly top", "lip", "kiss"], [], [], [], ["thrutching", "ravine", "vcrowd", "vtrouble", "voppress", "thruchins", "thrack", "vthrong", "gorge", "vchimney", "vthrust", "vsqueeze"], ["vcrowd", "vpush", "dringe", "vsqueeze", "drang", "throng", "narrow", "crowd", "passage", "vpress"], [], ["hard", "have tiger by tail", "complex a ", "effortful a ", "difficulty", "demanding a ", "a hard ", "a demanding ", "a effortful ", "hard a ", "very", "very hard", "in bind", "dystocia", "quarter muncher", "aeffort", "in deep shit", "straits", "atroublesome", "harder than chinese math", "plough on", "can of worms", "recondite", "hard pass", "fastidious", "have it bad", "back to wall", "jaffa", "rough", "fan flames", "in pickle", "prickly", "extreme", "ahard", "hardsome", "interferant", "complicated", "get out of dodge", "scarce", "choresome", "needle in haystack", "crucible", "water do v", "intractable", "jawbreakinglyr", "clear as mud", "cool as cucumber", "aeasy", "squeeze", "poser", "pull teeth", "struggleful", "daniel come to judgement", "resourcefulness", "amazinglyr", "war story", "escalation", "screwed blued and tattooed", "long row to hoe", "millstone", "make best of bad bargain", "gnarly", "crabbed", "blundersome", "undecipherable", "mysterious", "problem child", "formidable", "doozie", "daunting", "toughie", "haul", "run for one's money", "labored", "matterhorn", "duck's guts", "arduous", "testing", "take on water", "dyschezia", "dog rough", "have someone by short hairs", "leave someone in lurch", "cover buckle", "horse pill", "dense", "pull off", "rough trot", "trick", "all one's life's worth", "tight spot", "work through", "scabrous", "painless", "push string uphill", "easyr", "unwieldy", "nightmare", "unenviable", "tightrope", "rainy day", "left in lurch", "challenging", "mission impossible", "beast", "sticky wicket", "pain point", "inscrutable", "offcome", "easy for you to say", "rough sledding", "magic bullet", "obscurity", "refractory", "difficultness", "uphill", "involute", "obscure", "in dickie's meadow", "negative", "easier said than done", "far fetched", "big deal", "stay distance", "tough", "pound of flesh", "knotty", "meet one's waterloo", "irresoluble", "overchallenge", "behind eight ball", "fight losing battle", "weather storm", "laborious", "underchallenge", "bushnell's law", "hardest", "doozy", "up creek", "hard truth", "at pinch", "snookered", "complicate", "make matters worse", "in pinch", "game face", "spiny", "retrieve", "ingenuity", "thick", "tideover", "journey of thousand miles begins with single step", "get blood out of stone", "fell running", "grit one's teeth", "out of frying pan into fire", "deep water", "tough nut to crack", "cunt", "tough cookie", "cross", "challenge", "psyched up", "killer", "indescribable", "drop someone in it", "act of congress", "tickler", "oppressive", "cast in concrete", "black art", "user hostile", "waterloo", "hinderwikten 1", "superchallenge", "have mountain to climb", "see into millstone", "gruelling", "doubting thomas", "indistinct", "tall order", "up shit creek", "when life gives you lemons make lemonade", "daily grind", "unbreakable", "fuck", "grubber", "elephant in room", "mountainous", "tough going", "ailsome"], ["driver", "stencil", "handle", "silk screen printing", "squeeze", "squeegee merchant", "roller", "blade", "squeegee mop", "demand", "squeegees", "squilgee", "windscree", "shop window", "surface", "tool", "rubber", "squeegeeing", "perso", "payment", "liquid", "traffic", "ink", "vehicle"], ["squeeze", "vsqueeze"], [], ["tax", "rent", "housage", "jack up", "fief", "drayage", "droit de suite", "good standing", "cakeage", "stole fee", "escort agency", "pilotage", "riverage", "nickel and dime", "waterage", "honorary", "feeing", "financial", "special delivery", "pressurage", "squeeze", "setup fee", "excess baggage", "early door", "hanse", "microsoft tax", "special retainer", "nontax", "wharfage", "feoffment", "rollover", "feudal", "refresher", "right", "take in", "accountant's lien", "infeudation", "escort service", "stipend", "pesage", "affinity card", "general retainer", "circulating library", "public school", "vassal", "nonfee", "robber baron", "tariff", "unfeed", "anchorage", "exaction", "guinea pig director", "service charge", "handling charge", "transfer tax", "service", "fee tail", "woodgeld", "attorney's lien", "admission", "garnish", "drawback", "eminent domain", "redemption", "feoffee", "poundage", "copayment", "estate", "internet cafe", "inheritable", "hireage", "metage", "guidage", "superior", "avania", "pc bang", "feudatory", "penny liner", "architect's lien", "pay one's dues", "feoffer", "corkage", "fee simple", "lighterage", "free transfer", "caller id", "payment", "needs blind", "compounder", "cellarage", "disposable income", "fees", "checkoff", "jewish tax", "land", "feepaying", "boomage", "sundowner", "dumpage", "retainer", "ambush marketing", "bord halfpenny", "maritagium", "fullage", "mintage", "quayage", "klecktoken", "commission", "promissory note", "impoundage", "wagonage", "expressage", "affiliate network", "nigerian scam", "packing", "court fee", "ante up", "feepayer", "inheritance", "charge", "bill", "cost", "toll", "reward", "due", "fine", "fare", "professional", "professional charge", "admissio", "paid", "money", "payment services", "services", "registration cost", "registratio", "toll booths", "booths", "expense", "rate", "price", "entrance", "entrance price", "amount paid", "interest", "penalty", "amount", "profit", "pay"], ["fu", "toy", "game", "activity", "games", "childre", "child", "actio", "act", "kids", "theater", "scene", "doll", "performance", "stage", "productio", "theatre", "character", "toys", "do", "show", "having", "having fu", "drama", "kick can", "playwright", "theatrical", "kid", "entertainment", "child activity", "fun activity", "have fu", "have", "work", "actors", "recreatio", "ball", "acts", "time", "kids do", "outdoor", "children activity", "acting", "roundabout", "laser harp", "offer light", "widdle", "premiere", "play by ear", "entr acte", "tiki taka", "workshop", "plink", "playroom", "plays", "tennis player", "flea flicker", "overdirect", "jungle gym", "interact"], [], ["liquid", "beverage", "milk", "water", "wine", "imbibe", "shake", "swallow", "actio", "thirst", "glass", "consume", "eat", "sip", "food", "generic", "bar", "refreshment", "poiso", "cup", "consumptio", "general", "beer", "quenching", "alcohol", "ingest", "consume liquid", "liquids", "swallowing", "thirsty", "tang", "mug artifact food", "cup artifact food", "glass artifact food", "collins", "swallow liquid", "intake", "consuming", "fluid", "soda", "term", "eating", "rum", "coke", "imbibe liquid", "liquid consumptio", "generic beverage", "gulp", "liquid refreshment", "take", "consumable", "activity", "liquid food", "quench", "soup", "brandy", "quenching thirst", "juice", "whiskey", "cocktail", "bars", "liquid intake", "ingest liquid", "libatio", "consumable liquid", "general term", "wet", "cups", "straw", "lemonade", "eat and", "quaffable", "sot", "guzzling", "tantalus", "bumbo", "nineteenth hole", "red eye", "fruit crush", "elderberry", "orange squash", "beverageware", "mistelle", "outdrink", "drunkard", "ap\u00e9ritif", "ginger beer", "quaff", "poison", "tipple", "no host", "nakamal", "bibacious", "akpeteshie", "british wine", "lick spout", "cooler", "prop up bar", "jimmy woodser", "lushy", "waitering", "drinking", "keg stand", "raspberryade", "drinking up time", "mild and bitter", "tincture", "mickey", "munkoyo", "plague water", "sizing", "drinkware", "triple", "slurp", "mabby", "chowder beer", "pineappleade", "break seal", "jaboticaba", "squeeze", "suck do v", "on turps", "gingerade", "refectioner", "strawberryade", "quart pot", "one for road", "mangoade", "muratina", "toast water", "whisky", "undrinkablyr", "koumiss", "bon vivant", "unvintageable", "dipso", "vwikten 1beverage", "kaoliang", "convivialist", "cloudifier", "krupnik", "what's yours", "knock back", "cupbearer", "pre drink", "caudle", "have couple", "patera", "medicine", "wet one's beak", "nightclub", "swizzle", "cherryade", "wet one's whistle", "absinthiana", "noncarb", "syllabub", "pokal", "swizzle stick", "sports drink", "cobbler's punch", "optic", "cooking sherry", "go juice", "sherbet", "designated driver", "soak", "melonade", "guzzle", "drunk", "bibacity", "wassail", "homebrewed"], ["vsqueeze"], ["scrouges", "scrounge", "vcrowd", "vsqueeze", "scrouging"], ["vsquish", "squooshes", "vsqueeze", "vsquash", "squooshing", "squooshed"], ["compressio", "subvacuum", "vsqueeze", "boa constrictor", "hand wringing", "pinch", "press", "dregs", "pytho", "pliers"], ["vcrush", "squoosh", "squisher", "conservative", "squishable", "vcompress", "squeeze", "moderate", "squishes", "moist", "unsquished", "squisheth", "vsqueeze", "squished", "squishinglyr", "squishest", "squishing", "smash"], ["smash", "squish", "uncrushable", "banoffee pie", "shea butter", "cage", "hammermill", "take do v", "vsqueeze", "spanish boot", "crunch", "mortar", "asphalt concrete", "rui", "vburde", "overwhelm", "crushed", "thumbscrew", "cranioclasm", "livestock", "conditioner", "lithoclast", "crowd control", "vshatter", "suppress", "culch", "foldwikten 1", "infatuatio", "edge mill", "hookbill", "vovercome", "crushes", "man crush", "crash", "pestle", "crushest", "claycourt", "talonid", "scrumple", "ball up", "noncrush", "party", "mastication", "crushable", "litholabe", "smush", "pressure", "noncrushing", "crushee", "vsmash to smithereens", "squabash", "crusher", "vpress", "chronoclasm", "juggernaut", "ecraseur", "voppress", "tahona", "stonebreaker", "vgrind", "trample", "have thing", "vbreak", "crush party", "blender", "crusht", "voverwhelm", "affectio", "axonotmesis", "cephalotripsy", "crushworthy", "embden groats", "steamroll", "smitten", "yandere", "couscous", "kittee", "crumple", "collisio", "destructio", "crowd", "mortar and pestle", "overpress", "grinding", "tobruise", "compressio", "barrier", "shaved ice", "litholapaxy", "tobreak", "limerence", "chew", "vpound", "standing stock", "cranioclast", "crowding", "stave in", "press out", "torta", "pulverise", "schlich", "love", "soda", "orange", "wpbeveragefanta", "fantawpbeverage", "break", "fancy", "secret love", "secret", "orange soda", "actio", "wine", "temporary", "temporary love", "but", "love but", "compacting", "compacting actio", "smashing", "like", "you like", "way", "one way", "romantic", "romantic longing", "longing", "teenage", "teenage affectio", "liking someone", "violent", "someone", "violent actio", "liking"], ["a ", "tense a ", "impermeable a ", "seaworthy a ", "a tense ", "a seaworthy ", "a impermeable ", "squeeze box", "loose fitting", "jodhpurs", "butter muslin", "clench", "as tight dick's hatband", "tighten up", "shoestring", "hospital corner", "lag", "squeeze", "sweater girl", "tight as drum", "cramped", "looseness", "overtight", "compressed", "tag", "on shoestring", "claustrophilia", "claustrophobia", "squeezy", "frontal wedgie", "taut", "strict", "supertight", "raintight", "stretch", "gap concept", "close fitting", "hard", "bathing suit", "seize up", "viselike", "cameltoe", "close as wax", "arehearse", "easy", "tighten", "fat pants", "hiphugger", "clingwikten 1", "squidge", "untightened", "tightening", "tightlyr", "squeeze into", "mooseknuckle", "tightish", "bear hug", "tight as duck's ass", "untighten", "tightness", "deglaze", "ultratight", "sleepsack", "loosened", "ruched", "baselayer", "tight as duck's arse", "well made play", "narrow", "crowd", "close", "grip"], ["vdisruptio", "vincrement", "vboat", "vdrama", "vquietly", "vchange", "vlimit", "vpropel", "vrock", "vdiscomfort", "vcry", "vsmall", "vscoot", "vforce", "vprogress", "vrisk", "vlow", "ouch", "vsquirm", "vslide", "vbody", "vscooch", "vsqueeze", "vgoal", "vmove", "vsailboard", "vrestricted", "vexceed", "vpai", "vnoticeable"], [], ["cross", "linked list", "retraversal", "coasteering", "squeeze", "traversing", "traverse", "dolphin dive", "traversals", "pedrail"], ["magic", "hallowee", "or treat", "treat", "fool", "trickster", "prank", "magicia", "magicians", "joke", "illusio", "act", "monkeyshine", "hoax", "play for fool", "counterploy", "skin", "undertrump", "plait", "actio", "entertaining", "jockey", "spoilfive", "heelflip", "mis\u00e8re", "harlequin", "grand slam", "lanterloo", "blink", "flea flicker", "helm", "jigamaree", "work", "endplay", "tricky", "underhand", "vdeceive", "trait", "trickery", "go nap", "angle shoot", "mis\u00e8re ouvert", "fetchwikten 1", "napoleon", "peculiarity", "breakaway", "around world", "conjuration", "tricking", "impose", "screw with", "doubling", "skat", "clip joint", "put change on someone", "sheepshead", "tricks", "manner", "fake out", "untrickable", "crossruff", "habit", "wall ride", "difficult", "cheatwikten 1", "begunk", "squeeze", "gimmick", "royal spade", "acool", "put up to", "limetwig", "tempo", "magic trick", "established suit", "hardflip", "treachery", "one trick pony", "chicane", "airwalk", "invert", "claptrap", "spell", "angle shooter", "overruff", "put one over", "jink", "coin walk", "bite", "trickable", "customer", "shlenter", "abundance", "trickless", "vblazo", "nosegrind", "fox", "shift", "hearts", "job", "swindle", "begeck", "trickish", "reversis", "astylish", "trip up", "pedro", "have on", "capot", "hocus", "hooraw", "undertrick", "kwyjibo", "mislead", "vador", "declared abundance", "fakewikten 1", "plaything", "angle shot", "deceive", "underplot", "april fools day", "tricksome", "prostitutio", "one foot", "gotcha", "snap inhale", "cantrip", "dodge", "get better of", "contract bridge", "shuffle", "vdress", "no comply", "prostitute", "five hundred", "put up", "betrick", "likejacking", "do with mirrors", "boardslide", "laydo ", "geck", "ames room", "trifle", "put up job"], ["vomit", "spews", "chimera", "vspew alert", "ejaculate", "foam at mouth", "squeeze", "drink alert", "disgorge", "vvomit", "spewer", "vleather", "spewing", "joint", "squib", "ejaculatio", "vpowder", "vejaculate", "vtanning", "fillet", "bespew", "foam", "spewed", "adhesive", "froth", "vcrystal", "projectile"], ["bribery", "money", "illegal", "bananagate", "clean hands", "incorruptible", "buy", "palm oil", "bribetaking", "bribeless", "fakelaki", "fixed", "bribed", "grease someone's palm", "bonsella", "bribing", "kickback", "influence", "exchange", "dishonesty", "squeeze", "inducement", "vreward", "hush money", "grease payment", "sweetener", "embracery", "pourboire", "pay off", "coffee money", "shekel", "allurement", "buy and pay for", "corruption", "gazumpwikten 2", "briber", "bribetaker", "bribes", "unbribed", "venality", "buy off", "lubrication payment", "aceldama", "golden grease", "pill mill", "bribee", "tullock paradox", "comshaw", "backhander", "kazakhgate", "buckshee", "rebribe", "score", "payola", "seductio", "on take", "rake off", "dash", "grease", "forbuy", "every man has price", "douceur", "sop", "payoff", "pay", "blackmail", "off", "corruptio", "give", "give money", "activity", "illegal activity", "cheating", "payment", "crime", "tempting", "illegal tempting", "offering", "money offering", "actio", "illegal payment", "giving", "giving money", "financial", "financial transactio", "transactio", "illegal money", "wrong", "sometimes", "blackmail sometimes", "politicians", "immoral payoff", "immoral", "involved", "money involved", "manipulatio", "money manipulatio", "persuasio", "monetary persuasio", "monetary", "cop payment", "payoff cop", "cop", "illegal payoff"], ["crush", "smushes", "smushing", "smushy", "mass", "vpush", "squeeze", "smooshes", "pulverized", "beate", "vmash", "vcompress"], [], [], ["hammer", "shingle", "squeeze", "shinglers", "metalworker"], ["canal", "door", "hall", "time", "turnstile", "ladderway", "pindaric flight", "enterostasis", "chrestomathy", "herisson", "intact dilation and extraction", "traffic", "inosculation", "vomitorium", "genital cord", "squeeze", "wikten 1parliament", "guillemet", "transition", "nostril", "crush pen", "dring", "back passage", "paraphrase", "twist", "passport", "finger", "outlet", "coda", "parabronchus", "passages", "locus classicus", "shaft", "stop up", "lateral", "shifter", "motograph", "alleyway", "iter", "stowaway", "bronchoconstriction", "souterrain", "fillwikten 2", "cuniculus", "descent", "narrow work", "nasopharyngitis", "permeable", "transpiration", "bypass", "pellucid", "ritenuto", "airshaft", "chevron", "spermiate", "diffusion", "wikten 1vagina", "usucaption", "sluice", "passageable", "arcade", "galleried", "segno", "areaway", "coupure", "turnpike", "asterism", "motif", "pervious", "transfretation", "fugato", "footway", "semichorus", "ship's bells", "impermeable", "underway", "locus", "hurry", "canaloplasty", "alleygating", "right of way", "throughgang", "snicket", "stoma", "portal", "endostome", "shunt", "excerpt", "inject", "trio", "ostium", "safe conduct", "dietary fibre", "bibliomancy", "tempo mark", "underpass", "bronchodilation", "avenue", "clausula", "inguinal canal", "run", "nose test", "step", "clearance", "stichomancy", "subpassage", "chimney", "slur", "bells", "lithuresis", "parenthesis", "foramen", "darwin drift", "perfecting press", "meatoscope", "rhinoscopy", "nasal", "barrier", "harmonist", "context", "multipassage", "strandwikten 1", "driftway", "chare", "doorway", "tunnel", "transaudient", "rosalia", "hedge maze", "meatus", "languagewikten 1", "vista", "bastardization", "turn back", "monorhinal", "vestibule", "denasal", "anastomosis", "lectern", "corridor", "cutting", "respiratory tract", "pyla", "reading list", "sortes", "strid", "just minute", "melisma", "recite", "stringendo", "tutti", "outgate", "citation", "just second", "collectanea", "walk in", "arctation", "fishweir", "roomwikten 3", "flourish", "barpost", "cold", "pathopoeia", "speaker", "repassage", "anomalistic year", "barway", "enfilade", "catwalk", "verse", "way", "bridge", "path", "chute", "road", "india", "journey", "movement", "time movement", "mucus", "gate", "rite", "path way", "way through", "through", "hallway", "narrow", "steerage", "street", "room", "narrow room"], ["asqueeze"], ["embrace", "huggle", "hugging", "kiss", "unhugged", "huggablyr", "hugfest", "hugged", "huggable", "vclosely", "hugger", "wrestling", "cwtch", "cuddle", "affectionate", "hugless", "hugs", "squeeze", "grip", "canoodle", "bro hug", "close", "coll", "vshore", "vembrace", "varms", "vholding", "snuggle", "vcling", "huggy", "vespecially", "semihug", "skin hunger", "cyberhug", "cuddle puddle", "half embrace", "vtogether", "ooo", "pouncehug", "unhug", "hold", "bear"], ["asqueeze"], ["hold", "reach", "clinch", "begripe", "unseizable", "latch on", "gripe", "graspt", "trichocyst", "beclapwikten 1", "clasp", "impalm", "have handle on", "vseize", "grasped", "befang", "salabhanjika", "glaum", "ungrasped", "comprehend", "lip", "graspless", "vunderstand", "oversit", "squeeze", "take hold", "graspest", "vgrip", "prehensor", "understanding", "recondite", "catch", "ability", "take to", "shake hands", "begrip", "regrasp", "vtake advantage", "sprachgef\u00fchl", "graspful", "take", "intellection", "hold someone's hand", "perspicacity", "jack of all trades master none", "grasps", "accessible", "let go", "bioptome", "grab at", "prehensile", "seize upon", "grasping", "handshake", "ungraspable", "tweeze", "hang on", "pick", "prehensory", "ahold", "fondle", "grasper", "pick up", "foregrasp", "clutches", "take point", "finger", "prehension", "grip", "ladder handle", "key into", "hold on", "two hand sword", "graspeth", "shake"], ["corner", "squeezers", "iro", "playing card", "foundry", "puddled", "poker", "squeeze"], ["mate", "match made in heaven", "roving eye", "anisogamous", "matchmaker", "polyamory", "steadwikten 2", "general partnership", "interest", "vee", "personal ad", "colessor", "bit of rough", "commo", "spouse", "sexual", "submissive", "polyamorous", "autoerotic", "read dating", "sleeping partner", "fuck", "play pronoun game", "spositron", "cock slave", "old flame", "affair", "monogamous", "pump and dump", "round game", "on pull", "associate", "complement", "dominant", "bottom bitch", "repartnering", "ino", "partnerdom", "made for each other", "de facto", "unfuckable", "ecosexual", "lone gunman", "counterpart", "toyboy", "mast", "multi partner", "group sex", "overeruption", "business", "partnership", "primipaternity", "singlyr", "co", "fancy free", "limited liability", "bosino", "swinging", "pick up joint", "cat around", "speed dating", "you don't look at mantelpiece when you're poking fire", "complicity", "faithful", "mudarabah", "polyfidelity", "tennis", "slumpbuster", "activity", "card game", "repartner", "love doll", "cahoot", "syncoilin", "spiderman kiss", "consort", "proprietor", "companion", "romantic", "escort", "pardner", "other fish in sea", "meat rack", "regular", "shame reel", "comprise", "daisy chain", "wear trousers", "arrangement", "doubles", "offsider", "fellowship", "are you single", "partnerial", "husband stitch", "manfriend", "cruise", "partners", "true love knot", "go in with", "othello syndrome", "prospective", "mother to be", "wifeswapping", "emotional affair", "associated", "misteress", "tertium quid", "may september romance", "odds are good but goods odd", "vivant", "fidelity", "squeeze", "rumba", "partition", "kidfic", "unpartnered", "de equitize", "principal", "white sugar", "cruisy", "framework", "significant other", "marzipan layer", "gift giver", "battered woman syndrome", "financial", "copartner", "peer to", "law", "monoamory", "advancer", "chase tail", "matchmaking", "echo", "throw in with", "partnerless", "matrimonial", "companionate marriage", "gigolo", "domestic", "metal neutral", "signoff", "put in with", "partnering", "colessee", "loverman", "partaker", "checkback", "partnered", "odd bod", "dance", "thunder", "accomplice", "dad", "chicke", "cut", "salt", "type spouse", "type", "comrade", "father", "or business", "friend", "associate friend", "silver", "ally", "another perso", "perso", "another", "you", "vei", "bow", "significant", "other", "opponent", "either", "stick", "helper", "relationship", "king", "dear", "duo", "or", "scull", "team", "hope", "friendly associatio", "friendly", "associatio"], ["thi", "limited a ", "a limited ", "a narrow minded ", "narrow minded a ", "a thin ", "thin a ", "width", "canal", "finger pier", "shoestring", "strap", "shotgun house", "vextent", "corridor", "abigoted", "cogware", "stream", "ultranarrow", "bottleneck", "concession", "narrows", "strictlyr", "leptoprosope", "waist", "main sequence", "skittle alley", "strait", "chimney", "plug hat", "leptorhine", "fashioning needle", "strait of messina", "alleyway", "turret deck", "grissino", "jigsaw", "fissurate", "tunnel net", "hatchet faced", "window box", "acircumscribed", "digit", "hourglass figure", "vcontract", "narrowing", "balistraria", "bowler hat", "spatulate", "pocket flask", "cope chisel", "raccoon oyster", "shank", "revlon mode", "incapacious", "constriction", "lake", "tight as gnat's chuff", "stenophyllous", "alatitude", "leptocephalic", "astraitened", "texas toothpick", "win by nose", "aclose", "footing", "soundtrack", "fossulate", "supernarrow", "narrowinglyr", "phenozygous", "strid", "adepth", "cuneate", "nose", "asmall", "narrowish", "vennel", "dring", "roust", "grundyist", "sharp elbowed", "angiotensin", "angustifoliate", "slit trench", "peninsularity", "narrower", "small of back", "tarsorrhaphy", "waisting", "druggeting", "angustifolious", "defilewikten 2", "microcatheter", "by skin of one's teeth", "footpole", "snipiness", "sea", "provincial", "lath", "unnarrowed", "oxacillin", "looplight", "framesaw", "peninsular", "spouting", "steak knife", "quilled", "narrowfield", "grundyism", "tressure", "bosphorus", "notch filter", "chasma", "acuminose", "claret jug", "microcontext", "trough", "bosporus", "arestrictive", "trail", "pinch", "amphora", "river", "crevice", "funambulatory", "singletrack", "pearled", "undercoupling", "narrowness", "awide", "steno", "osprey", "vreduce", "stenohaline", "amargi", "strict construction", "slit", "dodge bullet", "enstraiten", "thin", "alength", "leptomorphic", "patte", "club haul", "funnel", "squeeze", "berm", "straiten", "angustate", "shifter", "stenopetalous", "bloch wall", "aflexibility", "twang", "snicket", "angustation", "shaft", "constrict", "narrowhead", "groove", "narrowlyr", "flask", "pseudoenophthalmos", "android", "specialize", "home in on", "vwidth", "n\u00e9el wall", "skinny jeans", "aaa", "slim", "narrowed", "ropewalk", "isthmus", "small", "hall", "tight", "thinness", "skinny", "adjective", "measurement", "distance", "alley", "tight space", "space", "hallway", "small width"], ["vthrong", "vsqueeze", "vpush", "vcrowd", "throng", "vthrust", "vforce", "vpress"], [], [], ["gauze", "culinary", "squeeze", "sachet", "rappie pie", "butter muslin", "cotto"], ["expel", "curd", "squeeze", "butter", "vthrust", "thrust", "stabby", "whey"], ["vinclude", "shoehorning", "transactio", "shoehorned", "vexert", "heel", "vforce", "jemmy", "foot", "shoehorns", "tool", "facilitate", "shoeing horn", "vuse", "vinsert", "medium", "vsqueeze", "shoe"], ["vcrumple", "crunch", "vscrunchie", "scruncher", "scrunching", "vscrunch up", "scrunchy", "vsqueeze", "scrunched", "scrunches"], ["shingle", "squeeze", "hammer", "scoria", "expel", "covering", "wrought iro"], ["tamburello", "egg squash", "squoosh", "zucchini", "ghiya", "vwikten 1squeeze", "cucumber", "squashes", "cocozelle", "squidge", "summer squash", "wikten 2cucurbita", "squashable", "racquet", "three sisters", "drop shot", "tromboncino", "squeeze", "unsquashed", "wikten 2gourd", "vwikten 1suppress", "pepita", "courgette", "vwikten 1compress", "court", "wikten 2pumpki", "wikten 2zucchini", "wikten 1quash", "squashed", "squasher", "squabash", "squash court", "squashing", "crookneck", "unsquash", "racquetball", "cymling", "squash player", "pumpki", "marrow", "quash", "macock", "kamokamo", "squashlike", "pumpkin", "courtcraft", "zucchetta", "pattypan", "smash", "press", "garde"], ["enemy", "oppose", "headlock", "quickscope", "assailant", "full nelson", "cheesable", "wrestling", "permiss", "lawfare", "okurihikiotoshi", "sotomuso", "yuko", "headbutt", "anti heterosexist", "rubber match", "shot to nothing", "sototasukizori", "antipollutionist", "cheap shot", "permanent brain", "brainbuster", "opponents", "withstander", "interference", "striking distance", "oshitaoshi", "nutmeg", "kawazugake", "okuritsuriotoshi", "koshikudake", "opp", "shadow boxing", "gish gallop", "cross check", "haymaker", "redouble", "wrestle", "put boot in", "pawn storm", "disengagement", "overmatch", "cuebid", "kainahineri", "kakezori", "okurigake", "come along", "kirikaeshi", "ride with punches", "sunset flip", "with friends like these who needs enemies", "go for jugular", "fumidashi", "antistrophon", "izori", "tokkurinage", "gamesmanship", "osakate", "gasshohineri", "antijacobin", "combo breaker", "appel", "antimisogynist", "opposed", "komatasukui", "snowball fight", "separate peace", "isamiashi", "go for throat", "sotokomata", "unopposed", "advanced pa ", "susotori", "demolish", "concession", "scissor tackle", "nimaigeri", "susoharai", "anacoenosis", "antireformist", "piledriver", "sakatottari", "progress", "ghost", "tsukite", "kubihineri", "ketaguri", "oshidashi", "work refs", "kimedashi", "oppugner", "fusensho", "antitraditionalist", "chongake", "full court press", "shitatenage", "perpetual check", "uchi mata", "oppositio", "scorched earth policy", "okuritsuridashi", "sukuinage", "squeeze", "shini tai", "nichonage", "massacre", "antipathist", "harimanage", "anti centrist", "abisetaoshi", "waterloo", "technical", "shitatedashinage", "information warfare", "tasukizori", "return ace", "schoolgirl pin", "schesis", "opposite", "magic number", "kekaeshi", "okuridashi", "adversary", "face", "draughts", "anti anarchist", "tsukihitza", "koshinage", "tsukaminage", "blocker", "bughouse chess", "leg drop", "anti antifeminist", "globophobe", "low blow", "deregulationist", "save", "kakenage", "chip shot", "infight", "half nelson", "pawn race", "hikkake", "walkover", "uppercut", "similiter", "tap out", "sword breaker", "tsukidashi", "off side rule", "tottari", "okuritaoshi", "spear", "ashitori", "interponent", "shitatehineri", "cherry pick", "pinfall", "bowl out", "anticolonialist", "giant killer", "elenchize", "omata", "encounterer", "counterbluff", "makiotoshi", "hikiotoshi", "association football", "kimetaoshi", "suki", "preemptive", "play both sides against middle", "ad hominem", "meet one's waterloo", "hatakikomi", "player versus", "kotenage", "rebuttal", "below belt", "amiuchi", "okuriashi", "antagonist", "kubinage", "kotehineri", "okurinage", "critic", "wedge politics", "zerg", "bucholz", "katasukashi", "victory roll", "foe", "against", "competition foe", "competitio", "team", "partner", "defeat", "challenger", "rival", "game"], [], ["handwringers", "clasp", "expressio", "distress", "hand", "squeeze", "excessive"], [], ["mangle", "laundry", "wrung", "wet", "roller", "squeeze", "wringers", "wring out", "device", "consisting", "drying"], ["vclinch", "clinch", "unclench", "religio", "wrestling", "parody", "clencher", "bushing", "grit one's teeth", "double", "clenchable", "vsqueeze", "fist jam", "vmove", "brass knuckles", "vgrip", "put up one's dukes", "tight", "chapter", "grip", "local"], [], [], ["compressors", "compression", "microcompressor", "microscope", "precooler", "muscle", "algorithm", "compressorium", "air compressor", "artery", "turbocharger", "data", "audio", "compressible", "gas", "turboexpander", "turbomachine", "apparatus", "instrument", "program", "sidechaining", "squeeze", "outboard", "compress", "pressure", "vogad", "gas turbine", "supercharger", "compressed"], [], ["vwink", "tight", "squidges", "squeeze", "squash", "vfinger", "squidging", "vsquash", "vsquidger"], ["vsqueeze", "squashed", "squoze", "oversqueezed", "straitened", "wine"], ["squeeze play", "bunts", "slash bunt", "pepperbrand", "ear", "drag bunt", "fungus", "butt", "hexachlorobenzene", "sail", "vspring", "squeeze", "cereal", "push", "bunting", "push bunt", "grai", "bunted", "yard", "vbutt", "shove", "butcher boy"], ["litter", "wastebasket", "ship out", "throw over", "receive", "throw under bus", "gowikten 1", "cast away", "swipe left", "throw away", "vreject", "discarded", "biff", "throw out", "trash can", "dumpwikten 1", "throw baby out with bathwater", "cast aside", "discards", "playing card", "throwaway", "trash", "throw aside", "deep six", "vthrow away", "crib", "gardyloo", "jettison", "throw to wind", "decollator", "temporary", "squeeze", "unsheddable", "exuvia", "discardable", "card game", "highpass", "chuck out", "chuck away", "wastepile", "pump and dump", "shitcan", "remove", "discardeth", "go out", "discarder", "discarding", "dumpster diving", "lowpass", "dump out", "burnwikten 1", "disposable", "garbage can", "khanhoo", "variable", "zap", "cardboard city", "put away", "unlearn", "read", "discardest", "cast off", "undiscarded", "emotional tampon", "strip away", "graveyard", "ditch", "waste"], ["asqueeze", "squeezableness", "squeezablyr", "squeezability"], [], [], ["nip", "bulb", "unpinched", "nip at", "hourglass", "vclose hauled", "pinchlike", "vski", "pinches", "vshoot", "conducting", "vflesh", "vperso", "araneomorph", "pucker", "granule", "filament", "varrest", "vtrivial", "pinching", "pinchest", "compressio", "sneap", "pinchy", "vcapture", "slance", "forcipation", "fingertip", "tweak", "twinge", "nidder", "cow bite", "magnetic", "pinchable", "vellicate", "pinchinglyr", "nanopinch", "vinconsequential", "blood blister", "bepinch", "pinched", "dermatothlasia", "situatio", "pincheth", "snip", "narrow", "vbud", "choke chain", "vsteal", "electrically", "half inch", "pincher", "vsail", "powder", "vsqueeze", "pincht", "squeezing", "drop", "scorpio"], [], ["asqueeze", "asmall", "squeeziness", "aflexible", "atight"], ["cumshaw", "vpilfer", "vbarter", "surplus", "pilfer", "vrequisitio", "deal", "gratuity", "bribe", "vacquire", "vsurplus", "barter", "squeeze"], ["plate", "country", "rice", "xianwikten 1", "xi", "silk", "lokao", "republic of china", "china hand", "left hand drive", "khorgas", "guoanbu", "sick man of east asia", "commandery", "little emperor", "liangshan", "dongguan", "sibe", "changsha", "subbureau", "wenzhounese", "salween", "c\u00e0i", "mandarinate", "changzhou", "gaocheng", "si", "gaokao", "xizang zizhiqu", "dezhou", "tiele", "xianbei", "zhejiang", "huang he", "yangtze", "flowering tea", "china orange", "boxer rebellion", "ju", "samfu", "qinghai", "yamboo", "qinzhou", "haidong", "toisanese", "dynasties", "porcelain", "penglai", "bolingwikten 2", "beaufet", "shanzhai", "song", "zhou", "shaanxi", "hankou", "qin", "tiger bench", "semu", "tiananmen square", "kuomintang", "blagoveshchensk", "tumxuk", "jilin", "to ", "inner tibet", "wooden fish", "muggen", "hardy kiwi", "river", "ningxia", "chophouse", "nanjingese", "rapini", "asian corn borer", "ussuri", "guangdong", "chinese", "mulam", "dragon li", "shantou", "lanzhou", "zhangwikten 2", "p\u00e8re david's deer", "chinese character", "federally administered northern areas", "outer manchuria", "water deer", "cao", "sichuanese", "occupy", "jiangsu", "sick man of asia", "imperial examination", "qing dynasty", "khunjerab pass", "linyi", "yellow sea", "altay", "grass jelly", "sinomenine", "min zhong", "japanese spindle", "wintercreeper", "ernai", "jiangmen", "chinese chess", "sinocentric", "mandarin fish", "sino tibetan", "three kingdoms", "daotai", "fuerdai", "kashmir", "jiexiu", "taiwa", "east china sea", "suzhou numeral", "turkestan", "tianjin", "laizhou", "japanese spikenard", "manzhouli", "baotou", "oracle bone script", "hohhot", "benxi", "hefei", "chinaware", "hlai", "nanmu", "metasequoia", "intendant", "kuytun", "sanya", "zhonghuacerite", "gonggong", "longxi", "artux", "xicheng", "taishanese", "voc", "xiamen", "centipede grass", "kuaiji", "zhapu", "naxi", "shih tzu", "lorcha", "chandoo", "malatang", "appendix:countries of world", "dongxiang", "pearl river", "japanese andromeda", "yantai", "yingde", "manchurian wild rice", "nakhi", "chongqing", "gobi", "state", "outer mongolia", "langshan", "tangut", "knife money", "mudanjiang", "shihezi", "pearl", "nepal", "hanging coffin", "longshanwikten 1", "standard mandarin", "min nan", "lisu", "wenchang chicken", "chinese mantis", "manchurian hare", "qiantang", "literary inquisition", "zhuhai", "guoxue", "hong kong", "asian flu", "pipa", "jumping mouse", "taiyuan", "xichang", "macleaya", "mexico", "yining", "\u00fcr\u00fcmqi", "red chinese", "ningbo", "dazibao", "son of heaven", "sanpaku", "tiankeng", "chinese mountain cat", "akeu", "trans karakoram tract", "lake tai", "sinology", "cangjie", "jiading", "aral", "hongweibing", "asian badger", "qingtuan", "fujianese", "finless porpoise", "wuhu", "dzungaria", "snack street", "gigantoraptor", "china plate", "hunanese", "appendix:place names in china", "sino japanese", "snow partridge", "terracotta army", "wisteria", "manji", "zhengzhou", "karamay", "wuism", "baoding", "chinese cypress", "chrysanthemum", "take", "yellow river", "guiyang", "shanwei", "tsatlee", "civilizatio", "kashin beck disease", "hoisanese", "susuki grass", "beishan", "united states", "shandong", "nurseryware", "east asia", "suifenhe", "yaodong", "struggle session", "quemoy", "russell's teapot", "bouyei", "pu erh", "hotan", "dresden", "shenkui", "siyi", "longyan", "dingxian", "yunnan", "chindia", "carpenter ant", "huai river", "wuwikten 1", "wujiaqu", "oroqen", "qiqihar", "chulan", "makalu", "brics", "boxerism", "songjiang", "leggism", "korla", "bai", "qin mountains", "wusun", "korean mussel", "sichuan", "chamoe", "rope dart", "li", "guqin", "various", "harbin", "laotong", "kashgar", "zauzou", "dongyi", "lake dian", "achang", "manchurian apricot", "chinkiang vinegar", "zhongdu", "shanghai", "fushun", "mabinlang", "malayan night heron", "far east", "friend", "sasanqua", "taiping", "bloodhead", "guigang", "red scare", "nuevo le\u00f3", "armed police", "guoqing", "shenzhen", "wuchang", "hami", "shenyang", "datong", "land of dragon", "queue", "west lake", "fapiao", "bohea", "gelao", "tanka", "whole", "xiangqi", "thearch", "wusong", "flowery kingdom", "huai", "bamboo partridge", "kuroshio", "principal", "northern snakehead", "woodblock printing", "jiandu", "qiang", "kyrgyzstan", "inclusive", "aynu", "zayton", "warphan", "jammu and kashmir", "paracel islands", "flower", "manchuria", "hsien", "squeeze", "jiamusi", "autonomous prefecture", "pongee", "mandarin chinese", "natio", "yan", "shangqiu", "liuzhou", "yunling", "nathu la", "pixian", "zibo", "cathay", "kang", "taiwan", "chinalike", "kailash", "chengdu", "jinwikten 4", "mulao", "transhimalaya", "nantou", "fen river", "chinaberry", "white mulberry", "karakul", "xia", "chinese ragwort", "hinghwa", "huainan", "tai chi", "marbled polecat", "shigatse", "bric", "xinyang", "sycee", "cathayan", "lingchi", "forbidden city", "mandarin", "lapsang souchong", "paperbush", "white gold", "hulusi", "sino american", "wusu", "bengbu", "baltistan", "mongolian plateau", "dingzhou", "guangshui", "maine", "breakfast set", "lhotse", "hainan", "haikou", "golden week", "changchun", "jining", "tai dam", "yao", "kunming", "henan", "honghu", "de ang", "tacheng", "ji", "wikten 1ceramic", "ginkgo", "nanjinger", "south china", "people's republic of china", "rgyalrong", "daqing", "uyghur", "guzheng", "xining", "ding", "county to ", "huaibei", "route"], ["push", "do ", "iro", "butto", "media", "bench press", "printing", "actio", "newspaper", "pushing", "newspapers", "print", "push do ", "weigh", "pressperson", "press card", "press agent", "jerrycan", "gagging order", "knock back", "appress", "daylight", "tobacco stopper", "copygraph", "unpressable", "antipress", "nonpress", "oilpressing", "placebo button", "wikten 1cupboard", "downbear", "lenshound", "press do ", "printed press", "presses", "flywikten 3", "redstreak", "play", "arming press", "fourth estate", "machine shop", "thring", "pressful", "dring", "leg press", "go public", "press corps", "pressman", "thermotype", "vwikten 2beseech", "hot press", "graphotype", "butt dial", "press box", "pan cake", "pressing", "represswikten 2", "butt dialing", "presspack", "vwikten 2crowd", "hot off press", "keystroke", "vwikten 2impel", "crush", "alligatorwikten 1"], ["squint like bag of nails", "antenna", "squintest", "sken", "vtur", "vdifferent", "squinting", "tropia", "phased array", "strabismus", "squints", "vlook", "quick", "lazy", "squinty", "squinteth", "vsunlight", "vdirectio", "strabotomy", "vsideways", "squinter", "gleyed", "screw up", "gledge", "vpartly", "aaskew", "squint eyed", "boss eyed", "swivel eyed", "transmissio", "vstrabismus", "veye", "look", "hagioscope", "swind", "cross eyed", "vglance", "gimlet eyed", "cockeye", "squintinglyr", "squinny", "squinted", "nonsquinter", "normal", "cast", "vbright", "eyes", "bright", "bright light", "light", "motio", "eye", "eye motio", "expressio", "closed", "almost closed", "almost", "narrowed eyes", "squeeze eyes", "narrowed", "squeeze", "peek"], ["asking", "request", "polite", "thank", "thank you", "magic word", "prayr", "manner", "manners", "thanks", "ask", "kindlyr", "pleasing", "vpleasant", "regale", "fastidious", "complaisant", "pleasy", "plea", "pleasest", "plead", "pleasure", "attractive", "pritheer", "overplease", "vwikten 1satisfy", "arride", "unpleasant", "plzthx", "engage", "pleasurable", "vwikten 1will", "pleasant", "pl0xr", "for one's liking", "if you liker", "jack off", "self pleasing", "finicky", "ingratiate", "gratify", "delight", "apay", "masturbate", "satisfying", "superplease", "prithee", "unpleasable", "one's liking", "knock oneself out", "pleases", "indulge", "tough crowd", "pleasantlyr", "if you willr", "pretty please", "kick up one's heels", "pleaseth", "undesirable", "ploxr", "one man's meat is another poiso", "lickspittle", "if you please", "polite request", "nicely", "politeness", "before", "before thanks", "good manners", "good", "ask nicely", "polite asking", "make", "happy", "make happy", "ask for", "nicety", "asking nicely", "beg"]], "/r/UsedFor": [[], [], [], [], [], [], ["automobile horn artifact event", "automobile horn artifact perceptio"], [], [], [], [], [], [], [], [], [], [], [], [], ["toy car", "doll", "ball", "toy ball", "chess set", "toy marble", "jumping rope", "tickling", "album artifact creatio", "action figure", "musical instrument artifact music", "bow artifact music", "album communication creatio", "yoyo", "tennis ball"], [], ["water", "ice", "beer mug", "minibar", "going to pub"], [], [], [], [], [], ["mill artifact change"], [], [], [], [], [], [], ["cash"], [], [], [], [], ["direct one's locatio", "quick exits and entrances", "going from one place to another", "illustrate literary point", "get somewhere", "moving about", "central passage", "read", "descriptio", "door", "go by ship", "walk from one area to another", "getting from one place to another", "segregating reading material", "moving things from room to", "getting from here to there", "hallway", "move around"], [], ["help who feeling bad"], [], [], [], [], [], [], [], [], [], [], [], [], [], ["squash court"], [], [], [], [], [], [], [], [], [], [], [], [], [], [], [], [], [], [], [], [], [], [], [], [], ["gift"]], "/r/LocatedAt": [[], [], [], [], [], [], [], [], [], [], [], [], [], [], [], [], [], [], [], [], [], [], [], [], [], [], [], [], [], [], [], [], [], [], [], [], [], [], [], [], [], [], [], [], [], [], [], [], [], [], [], [], [], [], [], [], [], [], [], [], [], [], [], [], [], [], [], [], [], [], [], [], [], [], [], [], [], [], [], [], []], "/r/FormOf": [["vsqueeze"], ["fits", "fitted", "fittedst", "fittest", "fitt", "fitting"], [], [], [], ["alcoholics"], ["honks", "honking", "honked"], ["puckers", "puckering", "puckered"], [], [], [], ["thrutches", "thrutching", "thrutched"], ["dringing", "drings"], [], ["difficults", "difficulting", "difficulted", "difficultest"], ["squeegeeing", "squilgee", "squeegees", "squeegeed", "squillgee"], ["vsqueeze", "squeeze"], [], ["fees", "feeing"], ["plays", "playest"], [], ["drunk", "drinken", "drunkest", "drinked", "drinketh", "drinks"], ["scruzes", "scruzed", "scruzing"], ["scrouges", "scrowdge", "scrudge", "scrouging", "scrouged"], ["squooshed", "squooshes", "squooshing"], ["squeezings", "vsqueeze"], ["squishes", "squishing", "squished"], ["crushes", "crushing", "crusheth", "crushed", "crushest"], ["tighter", "tighting", "tighterr", "tightest", "tighted"], [], [], ["traversals"], ["tricked", "trickest", "tricketh", "tricks", "tricking"], ["spews", "speweth", "spewest", "spe v", "spewing", "spewed"], ["bribes", "bribest", "bribing", "bribed", "bribeth"], ["smushed", "smoosh", "smushing", "smushes"], [], [], ["shinglers"], ["passages", "passaged", "passaging"], ["vunsqueeze"], ["hugged", "hugs", "huggest", "hugging"], [], ["grasping", "grasps", "graspeth", "grasped", "graspest"], ["squeezers"], ["partnering", "partners", "partnered"], ["narrowest", "narroweth", "narrower", "narrowed", "narrows", "narrowing"], ["thringing", "thrings", "thrang", "thrung"], [], [], ["cheesecloths"], ["thrustings", "vthrust"], ["shoe horn", "shoehorns", "shoehorning", "shoehorned"], ["scrunching", "scrunched", "scrunches"], ["vshingle", "shinglings"], ["squashes", "squashed", "squashing"], ["opponents"], [], ["handwringers"], [], ["wringers"], ["clenched", "clenching", "clenches"], [], [], ["compressors"], [], ["squidged", "squidges", "squidging"], ["vsqueeze"], ["buntswikten 1", "bunts", "bunted"], ["discarding", "discarded", "discardest", "discards", "discardeth"], ["squeezables"], [], [], ["pinched", "pinching", "pincht", "pinches"], [], ["squeezier", "squeeziest"], ["comshaws", "comshawed", "comshawing"], ["chinas"], ["press'd", "pressing", "pressest", "pressed", "presses"], ["squintest", "squints", "squinted", "squinting", "squinteth"], ["pleases", "pleaseth", "pleased", "pleasest"]], "/r/IsA": [[], [" attributemanner attribute", " statebad temper feeling", "hang attribute"], [], [], [], [" persodrunkard perso", "perso", "fred", "person"], [" eventcry event"], [" shapefold shape"], [], [], [], [], [], [], [], [" artifactcleaning implement artifact"], [], [], ["fee simple possession possessio", "lighterage possession possessio", "tuition education possessio", "dockage possession possessio", "wharfage possession possessio", "cellarage possession possessio", "mintage possession possessio", "origination fee possession possessio", "truckage possession possessio", "fee tail possession possessio", "toll possession possessio", "lockage possession possessio", "drop off charge possession possessio", "poundage possession possessio", "legal fee law possessio", "entrance fee possession possessio", "licensing fee medicine possessio", "pipage possession possessio", " possessiointerest law", "contingency fee possession possessio", "seigniorage possession possessio", "finder's fee possession possessio", "commission possession possessio", "moorage possession possessio", "retainer possession possessio", " possessiofixed charge possessio", "anchorage possession possessio", "interest", "tuitio"], ["musical", " stateaction state", " actdiversion act", "teasing act", "house act", " actuse act", "folly act", "razzle dazzle act", "playlet communication drama", "word play act", " communicatioshow communicatio", "horseplay act", "musical communication communicatio", "football play american act", " dramadramatic composition communicatio", "doctor act", "flirt act", "theater of absurd communication drama", "child's way of learning", "mystery play communication drama", "miracle play communication drama", "fencing act", "morality play communication drama", "fireman act", " actplan of action cognitio", "curtain raiser communication communicatio", "knock on rugby act", "grand guignol communication drama", "passion play communication drama", "satyr play communication drama", " actaction act", "basketball play act", "power play ice hockey act", "game act"], [], ["soda", "screwdriver", "tea", "cappuccino", "pepsi", "lemonade", "hair of dog food", " actintemperance act", "pledge food", "draft food", "ice cream soda food", "whiskey neat food", " objectbody of water river", "shandygaff food", "libation food", "chaser food", "eye opener food", "liquid", "whiskey on rocks food", "syllabub food", "sundowner food", "drinking bout act", "milkshake food", "frappe food", "sangaree food", "stirrup cup food", "fruit punch", " foodhelping food", "nightcap food", "posset food", "alcohol", "csd", "one type of hurricane", "champagne", "ice", "alcoholic drink", "applejuice", "one type of huricane", "smoothie"], [], [], [], ["trash compactingopencyccompressing", "compression of airopencyccompressing", "opencyccompressingmaterial handling", "opencyccompressingcollapsingopencycmaking more compact"], [" eventnoise event"], [" groupcrowd group", "traffic jam group", " actcompression act", "grind act", "wpbeveragebeverage"], [], [], [], [" acttravel act", " actcrossing act"], ["shtik yiddish act", " actdishonesty act", " timeshift time", " card gameturn game", " actdevice act"], [], ["kickback possession possessio", "soap possession possessio", "payola possession possessio", "hush money possession possessio", " possessiopayment possessio"], [], [], [], [" persoworker perso"], ["excerpt communication communicatio", "recitative communication communicatio", " actdelivery act", "relay act", "duct body", "locus classicus communication communicatio", "fortissimo communication communicatio", " artifactway artifact", " actreaction act", "esophagus body", "forte communication communicatio", "fish ladder artifact", "right of way artifact", "fistula body", " actchange of state act", " communicatiomusical composition communicatio", "cadence communication communicatio", "segue act", "phrase communication communicatio", "andante communication communicatio", "lockage act", "transition communication communicatio", "shaft artifact", "text communication communicatio", "channel artifact", "allegro communication communicatio", "fossilization act", "aisle artifact", "meatus body", "conduit artifact", "adagio music communicatio", "birth canal body", "shunt body", "allegretto communication communicatio", "sinusoid body", "impromptu communication communicatio", "intro communication communicatio", "throat artifact", "fauces body", " bodystructure body", "cadenza communication communicatio", "cul artifact", "passageway artifact", "orifice body", "adit artifact", "largo music communicatio", "root canal body", " communicatiosection music", "epicardia body", "purple passage communication communicatio", "carpal tunnel body", " actjourney act", "place communication communicatio", "tunnel through stone"], [], [" actembrace act", "actio"], [], [], [" artifactkitchen utensil artifact", "reamer artifact"], [" persoperson", "copartner commercial enterprise perso", "silent partner person perso", "seeing eye dog", "opencyccollaboratorassociate", "jill", "husband", "book"], [" objectstrait object"], [], [], [], [" artifactgauze artifact"], [], [" artifactdevice artifact"], [" eventnoise event"], [" acttrade act", " geologyrock substance", "intelligent agent activity", "roofing"], ["sport", "summer squash food", "pumpkin plant", " plantvine plant", "winter squash food", "summer squash plant", " actcourt game act", " foodvegetable food", "winter squash plant", "zucchini", "very nutritious and tasty vegetable", "pumpkin", "fruit", "racquet game", "wpsportsport"], [], [], [], [], [" artifactclothes dryer artifact"], [], [], [], [" artifactmechanical device artifact", "air compressor artifact", "supercharger artifact", "part of air conditioner", "powered device", "air compressor"], [], [], [], [" plantsmut plant", " statesmut state", " baseballhit act"], [" objectobject", "staging act", " actabandonment act", " card gameabandonment act"], [], [], [], [" stateinjury state", " statedifficulty state", " actsqueeze act", "opencycpinchingtouchingopencyctouching event", "volume", "opencycpinchingpressingopencycapplying pressure"], [], [], [], ["country", "communist country", "very large country", "enormous economy", "bone china artifact", "crackle artifact", " artifactporcelain artifact", "country in asia", "urbanising fast", "large country in asia", "dictatorship", "well made pottery", "name"], ["garlic press artifact", " actweightlifting act", "magazine communication communicatio", " artifactmachine artifact", "newspaper communication communicatio", "compression act", " communicatioprint media communicatio", " artifactclamp artifact", "rotary press artifact", "cheese press artifact", "standing press artifact", "ciderpress artifact", "hydraulic press artifact", " actpush act", "free press communication communicatio", "flatbed press artifact", "winepress artifact", "punch press artifact", " groupestate group", "impression act"], [" actlook act"], ["phrase in of itself"]], "/r/PartOf": [[], [], [], [], [], [], [], [], [], [], [], [], [], [], [], [], [], [], [], ["stage direction communication drama", "act communication drama"], [], ["meal"], [], [], [], [], [], [], [], [], [], [" actskiing act"], [], [], [], [], [], [], [], [" communicatiotext communicatio"], [], [], [], [], [], [], [], [], [], [], [], [], [], [], [" actconstruction act"], [" food plant"], [], [], [], [], [], [], [], [], ["cylinder artifact"], [], [], [], [], [" card gamecard game act"], [], [], [], [], [], [], [], ["shenzhe", "bo hai object locatio", "yunnan location locatio", "nanchang location locatio", "hebei location locatio", "huang he object locatio", "grand canal location locatio", "lushun location locatio", "chang jiang object locatio", " locatioasia object", "gansu location locatio", "manchuria location locatio", "brahmaputra object locatio", "gobi location locatio", "mekong object locatio", "nan ling object locatio", "poyang object locatio", "chongqing location locatio", "taiyuan location locatio", "tianjin location locatio", "hong kong location locatio", "dairen location locatio", "nanjing location locatio", "luoyang location locatio", "shanghai location locatio", "xinjiang location locatio", "luda location locatio", "kuangchou location locatio", "beijing location locatio", "inner mongolia location locatio", "nanning location locatio", "zhu jiangi object locatio", "xian location locatio", "tien shan object locatio", "pamir mountains object locatio", "wuhan location locatio", "hangzhou location locatio", "szechwan location locatio", "shenyang location locatio", "hunan location locatio", "taklamakan desert location locatio", "gan jiang object locatio", "tangshan location locatio", "kunlun object locatio", "liaodong peninsula object locatio", "amur object locatio", "chinese wall artifact locatio", "harbi", "guangzhou"], ["press corps group communicatio", "bed artifact"], [], []], "/r/HasA": [[], ["survive"], [], [], [], [], [], [], [], [], [], [], [], [], [], [], [], [], [], [], [], [], [], [], [], [], [], [], [], [], [], [], [], [], [], [], [], [], [], [], [], [], [], [], [], [], [], [], [], [], [], [], [], [], [], ["seeds"], [], [], [], [], [], [], [], [], [], [], [], [], [], [], [], [], [], [], [], [], [], ["lot of people", "largest population on earth", "successfully sent animals into space"], [], [], []], "/r/CapableOf": [[], [], [], [], [], ["bottom out", "drink lot of booze"], ["car hor"], [], [], [], [], [], [], [], [], [], [], [], [], [], [], ["means alcoholic drink"], [], [], [], [], ["grapes soft and"], [], [], [], [], [], ["fool perso"], [], [], [], [], [], [], ["mean section of text", "walk through"], [], ["make feel better", "lift spirits"], [], [], [], ["wash dishes now and the"], [], [], [], [], [], [], [], [], [], [], ["deal blow", "cook goose", "dig up skeletons"], [], [], [], [], [], [], [], [], [], [], [], [], [], [], [], [], [], [], [], [], [], ["mean to iro"], [], []], "/r/AtLocation": [[], [], [], [], [], ["homeless shelter", "bar", "park", "neighbor's house", "bridge", "priso"], [], [], [], [], [], [], [], [], [], [], [], [], [], ["theater", "scene", "theatre", "actors"], [], ["ca", "cup", "cabinet", "bottle"], [], [], [], [], [], [], [], [], [], [], [], [], [], [], [], [], [], ["diary", "bible", "hotel", "tunnel", "labyrinth", "house", "city"], [], ["friend's house"], [], [], [], [], [], [], [], [], [], [], [], [], [], ["farmer's market"], [], [], [], [], [], [], [], [], [], [], [], [], [], [], [], [], [], [], [], [], [], ["silk", "huma", "lizard", "communism", "temple", "chinese restaurant", "quill brush", "chinese people", "chinese perso", "shenzhe", "taoism", "pandas", "cabinet", "blowfish"], ["white house", "statement"], [], []], "/r/HasProperty": [[], [], [], [], [], ["difficult to live with"], [], [], [], [], [], [], [], [], ["computer programming", "calculus", "dismantling robot", "total concentratio", "keeping physical locations secret", "running through crowd", "going up hill", "riding horses", "waking up in morning", "work of physicia", "swimming in rough open water", "good user interface desig", "finding good mechanic", "finding love", "learning new language", "people think mathamatics", "running with heavy backpack"], [], [], [], ["annual"], ["fu"], [], [], [], [], [], [], [], [], [], [], [], [], [], [], [], [], [], [], [], [], [], ["very nice"], [], [], [], ["gay"], ["catwalk", "small", "child's view of world", "bus coin slot"], [], [], [], [], [], [], [], [], ["edible"], [], [], [], [], [], [], [], [], [], [], [], [], [], [], [], [], [], [], [], [], [], ["not democratic"], [], [], []], "/r/CreatedBy": [[], [], [], [], [], [], [], [], [], [], [], [], [], [], [], [], [], [], [], [], [], [], [], [], [], [], [], [], [], [], [], [], [], [], [], [], [], [], [], [], [], [], [], [], [], [], [], [], [], [], [], [], [], [], [], [], [], [], [], [], [], [], [], [], [], [], [], [], [], [], [], [], [], [], [], [], [], ["ceramist"], [], [], []], "/r/Synonym": [[], ["conniption state", "v consumptiomeet consumptio", "scene state", "a primed ", "go stative", "v changematch change", "tantrum state", "v stativesuit stative", " actburst act", "v possessioequip possessio", "v stativematch stative", " stateparoxysm state", "outfit", "agree"], [], [], [], ["souse person perso", "alky person perso", "lush person perso", "soaker person perso", "boozer person perso", "dipsomaniac person perso", "a alcohol dependent ", "winebibber", "drinker", "wino", "dipso", "pisshead", "slubberdegullion", "guzzler", "sot", "toper", "rumpot", "cupster", "winesop", "soaker", "dipsomaniac", "drunk", "fuddler", "soak", "maltworm", "shicker"], ["v bodyvomit body", "cronk communication communicatio", "claxon communication communicatio", "claxon perception perceptio", "toot perception perceptio", "blare perception perceptio", "beep perception perceptio", "vquonk", "beep", "quonk"], ["ruck contact", "ruck shape", "crumple contact", "cockle contact", "knit contact", "ruck up contact", "rumple contact", "v contactgather contact", "purse"], [], [], [], [], [], [], ["a unmanageable ", "hard a ", "aburdensome", "hard", "unsolvable"], [], [], [], ["v possessiotip possessio", "salary", "pay", "charge", "price", ""], [" gameturn game", "drama", " attributelooseness attribute", " actgambling act", "v cognitiodally cognitio", "v dramaturgyact dramaturgy", "toy body", "v bodyact body", "v performing artsact arts", "v contacttoy contact", " actbid act", "frolic act", "gambol act", "spiel creation creatio", " communicatiofun communicatio", "recreate social", " statefree rein state", " actmaneuver act", "v competitiomeet competitio", "child's play act", "dramatic play drama", "swordplay act", "v socialdally social", " eventshimmer event", "caper act", "romp act", "v competitiobet competitio", "run creation creatio", "v creatiobring creatio", " gameplaying period game", "ludic"], [], [" actswallow act", "boozing act", "tope consumption consumptio", "v cognitiodrink in cognitio", " foodbeverage food", "booze consumption consumptio", "imbibe consumption consumptio", "drunkenness act", "v consumptiotoast consumptio", "drinking act", "fuddle consumption consumptio", "hit bottle consumption consumptio", "crapulence act", "wikten 2gulp"], [], [], ["vsquish"], [" actsqueeze act"], ["v motiosquelch motio", "squoosh", "squash"], ["compaction act", "press group", "v competitiobreak do competitio", "v contactjam contact", "crunch act", " substancecrushed leather substance", "smash emotion emotio", " feelingpuppy love feeling", "v competitiobeat competitio", "v socialoppress social", "jam group", "v contactsquash contact", "stomp", "crushee", "squash", "pound", "stampede", "wpbeveragewpbeverage"], ["anarrow", "a compressed ", "a close ", "fastr r ", "a stringent ", "a nasty ", "aclose", "a miserly ", "r closelyr ", "a blind drunk ", "a taut ", "aclose fisted", "apolished", "amellow", "astinky", "aimpassable", "astrait", "aloose", "adisguise", "aintoxicated", "aboozy", "adrew", "strict", "rfast", "critical", "ataut", "adrunk", "apenurious", "afirmly", "amiserly", "astrict", "acompact", "aace", "rsoundly", "astingy", "aparsimonious", "acontest", "aleaky"], [], [], ["traverse act"], [" actmagic trick act", "fast one act", "pull fast one on social", "play tricks social", "flim flam social", "fox social", "play joke on social", "play trick on social", "fob social", " persowhoremaster perso", " actantic act", "vco", "shift", "artifice", "illusio", "deceit"], ["eruct body", "v bodyvomit body", "v bodyspit body", "spew out body", "barf", "puke"], ["grease one's palms crime", "corrupt crime", "buy crime", "payoff possession possessio", "bakshish"], [], [], [], ["roof"], ["musical passage communication communicatio", "passageway body", "transit act", "passing act", " eventpassing event", "transition act", "handing over act", " lawenactment law"], ["auncompressed", "auncompacted"], ["v contactembrace contact", "squeeze act", "vembrace", "embrace", "clinch act", "vcoll", "vaccoll", ""], [], [" cognitioappreciation cognitio", " attributegrip attribute", "v cognitioget picture cognitio", " cognitiocompass cognitio", " actclasp act", "hold on contact", "gripe", "vcomprehend", "vjump at chance", "general responsibility assignment software patterns", "vclasp", "take", "make out", "understanding", "pick up on", "catch", "hold"], [], [" persospouse perso", " persocollaborator perso", "significant other", "associate", ""], ["a narrow minded ", "v changeconstrict change", "a minute ", "v cognitiopin do cognitio", "contract change", "v changespecialize change", "tight", "diminish", "taperwikten 1", "vtaper", "thin", "strait", "little"], [], [], [], [], [" actjab act"], ["shoeing hor"], ["v perceptiocrump perceptio", "v contactwrinkle contact", "v contactsquat contact", "scrooch"], [], ["crush contact", "squash racquets act", "squelch contact", "squeeze contact", "squash rackets act", "mash contact", "squash vine plant", "vshatter", "vsqueeze", "vquash", "vsquish", "vsuppress", "musquash", "marrow", "vcrush", "flatten", "wpsportwpsport"], [" persoopposition perso", "opposing a ", " persoadversary perso", "foe", "opposite side", "adversary", "antagonist"], [], [], [], [], ["clinch contact", " actclasp act", " vesselclinch vessel", "vclasp"], [], [], ["compressorium"], [], [], [], ["stinking smut plant", "tilletia foetida plant", "tilletia caries plant", "stinking smut state", "drag bunt baseball", "v contactbutt contact"], ["put away possession possessio", "cast out possession possessio", "throw out possession possessio", "veliminate", "fling possession possessio", "vget rid of", "toss out possession possessio", "throw away possession possessio", "cast away possession possessio", "toss away possession possessio", "toss possession possessio", "chuck out possession possessio", "dispose possession possessio", "cast aside possession possessio", "vcast away", "vthrow away", "vdismiss", "throwing away act", "throw away", "vdispose", "dispose", "scrub", "jettison", "ditch", "cast away"], ["compressible a "], [], [], [" actnip act", "v contactcrimp contact", " quantitytouch quantity", " eventemergency event", "tweak act", "v possessiopilfer possessio", "twinge contact", " actapprehension act", "twitch contact", "tweet contact", "nip contact", "v contacttop contact", "squeeze contact", "vellicate change", "mess", "walk", "gripe", "twinge", "wpplasma physicswpplasma physics"], [], [], [], ["prc location locatio", "red china location locatio", "porcelai", " locatiotaiwan locatio", "communist china location locatio", "people's republic of china location locatio", "cathay location locatio", " artifactchinaware artifact", "mainland china location locatio", "republic of china", "china plate", "cathay", "xia", "ha", "zhou", "porcelain", "celestial empire"], ["push contact", "v stativeweigh stative", "pressing act", "v contactcompress contact", "printing press artifact", "fourth estate group", " groupcrush group", "military press act", "mechanical press artifact", "v contactiron contact", "v competitioweight lift competitio", "press out creation creatio", "pressure act", "v communicatiobid communicatio", "v communicatiourge communicatio", "v socialcrusade social", " stateimperativeness state", "public press communication communicatio", " artifactwardrobe artifact", "wikten 1closet", "pressure", "iron"], ["a sidelong ", "squinch body", " statestrabismus state", "strabismus", "vskelly"], ["delight emotion emotio", "rpray", "rprithee", "prayr", "gas", "pritheer", "like", "delight"]], "/r/LocatedNear": [[], [], [], [], [], [], [], [], [], [], [], [], [], [], [], [], [], [], [], [], [], [], [], [], [], [], [], [], [], [], [], [], [], [], [], [], [], [], [], [], [], [], [], [], [], [], [], [], [], [], [], [], [], [], [], [], [], [], [], [], [], [], [], [], [], [], [], [], [], [], [], [], [], [], [], [], [], [], [], [], []], "/r/SimilarTo": [[], ["a in condition ", "a able bodied ", "in condition a ", "worthy a ", "a acceptable ", "acceptable a ", "able bodied a ", "a worthy ", "a suitable ", "suitable a "], [], [], [], ["a dry ", "strong a ", "a wet ", "a spirituous ", "spirituous a ", "intoxicating a ", "wet a ", "a intoxicating ", "a strong ", "dry a "], [], [], [], [], [], [], [], [], ["a troublesome ", "troublesome a ", "a serious ", "arduous a ", "a thorny ", "a rugged ", "herculean a ", "serious a ", "a fractious ", "hard fought a ", "a vexed ", "rugged a ", "rocky a ", "thorny a ", "a arduous ", "a rocky ", "a nasty ", "a trying ", "trying a ", "catchy a ", "ticklish a ", "a challenging ", "a herculean ", "a embarrassing ", "embarrassing a ", "a problematical ", "nasty a ", "problematical a ", "a tall ", "tall a ", "challenging a ", "a ticklish ", "a catchy ", "fractious a ", "a hard fought ", "vexed a ", "arduous"], [], [], [], [], [], [], [], [], [], [], [], [], ["puppy love"], ["watertight a ", "a skin tight ", "a dripless ", "a invulnerable ", "a snug ", "skin tight a ", "hermetic a ", "air tight a ", "a choky ", "compact a ", "a clenched ", "clenched a ", "a secure ", "secure a ", "a leakproof ", "waterproofed a ", "a waterproofed ", "a economicsscarce ", "a air tight ", "invulnerable a ", "snug a ", "a tightly fitting ", "a close fitting ", "viselike a ", "tightly fitting a ", "a compact ", "dripless a ", "a hermetic ", "close fitting a ", "a viselike ", "scarce a economics", "leakproof a ", "a watertight ", "choky a "], [], [], [], [], [], [], [], [], [], [], [], [], ["caress"], [], ["notice", "perceive", "discern"], [], ["significant other", "proprietor"], ["constricting a ", "tapered a ", "a marginal ", "narrowed a ", "a straplike ", "a narrow mouthed ", "strait a ", "a slender ", "limited a ", "marginal a ", "narrow mouthed a ", "a tapered ", "a strait ", "a narrowed ", "a limited ", "slender a ", "a constricting ", "straplike a "], [], [], [], [], [], [], [], [], [], ["hostile a ", "a hostile "], [], [], [], [], [], [], [], [], [], [], [], ["clew", "slash bunt", "sacrifice bunt"], [], ["soft a ", "a soft "], [], [], ["dash", "smidge", "smidgen"], [], [], [], [], [], [], []], "/r/MadeOf": [[], [], [], [], [], [], [], [], [], [], [], [], [], [], [], [], [], [], [], [], [], [], [], [], [], [], [], [], [], [], [], [], [], [], [], [], [], [], [], [], [], [], [], [], [], [], [], [], [], [], [], [], [], [], [], [], [], [], [], [], [], [], [], [], [], [], [], [], [], [], [], [], [], [], [], [], [], [], [], [], []], "/r/ReceivesAction": [[], [], [], [], [], [], [], [], [], [], [], [], [], [], [], [], [], [], ["charged on toll road", "charged on toll bridge"], [], [], ["put in containers"], [], [], [], [], [], [], [], [], [], [], [], [], [], [], [], [], [], [], [], [], [], [], [], [], [], [], [], [], [], [], [], [], [], ["played with racquet"], [], [], [], [], [], [], [], [], [], [], [], ["oranges"], [], [], [], [], [], [], [], [], [], ["found in house"], [], [], []]}, "/r/UsedFor": {"/r/RelatedTo": [["vitiate", "wikten 1vicious", "immorality", "number two", "pusillanimity", "poetic justice", "wikten 1pornography", "viceless", "deputy", "viceman", "monkey business", "vicious", "moral compass", "abomination", "skid row", "habit", "vitiation", "tlazolteotl", "abandoned", "perversion", "wikten 2lead", "antivice", "vices", "unvirtue", "profligate", "vice squad", "instead of", "underworld", "chapwikten 3", "gluttony", "chopwikten 3", "wikten 1drug", "president", "almost", "almost president", "gore", "miami show", "miami", "show", "second", "squad", "police squad", "police", "eighties", "press", "cops", "presidential second", "presidential", "secondary", "secondary president", "second president", "addictio", "quail"]], "/r/UsedFor": [["squeeze", "squeeze things", "hold objects secure"]], "/r/LocatedAt": [[]], "/r/FormOf": [["vices", "vicing"]], "/r/IsA": [["intemperance act", "gambling act", " acttransgression act", "gluttony", "immoral act", "pride", "common carpenters tool", "avarice", "software", "wpmagazinemagazine"]], "/r/PartOf": [[]], "/r/HasA": [[]], "/r/CapableOf": [[]], "/r/AtLocation": [["workshop"]], "/r/HasProperty": [[]], "/r/CreatedBy": [[]], "/r/Synonym": [[" attributefrailty attribute", "vise", "blemish", "foible", "wpmagazinewpmagazine", ""]], "/r/LocatedNear": [[]], "/r/SimilarTo": [[]], "/r/MadeOf": [[]], "/r/ReceivesAction": [[]]}, "/r/LocatedAt": {}, "/r/FormOf": {"/r/RelatedTo": [["squeeze", "vsqueeze"], ["squozen", "squeeze", "squoze", "squeezed"], [], ["vsqueeze", "squashed", "squoze", "oversqueezed", "straitened", "wine"], ["compressio", "subvacuum", "vsqueeze", "boa constrictor", "hand wringing", "pinch", "press", "dregs", "pytho", "pliers"], [], ["squoze", "vsquoze", "squeeze"]], "/r/UsedFor": [[], [], [], [], [], [], []], "/r/LocatedAt": [[], [], [], [], [], [], []], "/r/FormOf": [["vsqueeze", "squeeze"], ["vsqueeze"], ["vsqueeze"], ["vsqueeze"], ["squeezings", "vsqueeze"], ["vsqueeze"], ["vsqueeze"]], "/r/IsA": [[], [], [], [], ["trash compactingopencyccompressing", "compression of airopencyccompressing", "opencyccompressingmaterial handling", "opencyccompressingcollapsingopencycmaking more compact"], [], []], "/r/PartOf": [[], [], [], [], [], [], []], "/r/HasA": [[], [], [], [], [], [], []], "/r/CapableOf": [[], [], [], [], [], [], []], "/r/AtLocation": [[], [], [], [], [], [], []], "/r/HasProperty": [[], [], [], [], [], [], []], "/r/CreatedBy": [[], [], [], [], [], [], []], "/r/Synonym": [[], [], [], [], [" actsqueeze act"], [], []], "/r/LocatedNear": [[], [], [], [], [], [], []], "/r/SimilarTo": [[], [], [], [], [], [], []], "/r/MadeOf": [[], [], [], [], [], [], []], "/r/ReceivesAction": [[], [], [], ["oranges"], [], [], []]}, "/r/IsA": {"/r/RelatedTo": [[], [], [], [], [], [], [], [], []], "/r/UsedFor": [[], [], [], [], [], [], [], [], []], "/r/LocatedAt": [[], [], [], [], [], [], [], [], []], "/r/FormOf": [[], [], [], [], [], [], [], [], []], "/r/IsA": [[], [], [], [], [], [], [], [], []], "/r/PartOf": [[], [], [], [], [], [], [], [], []], "/r/HasA": [[], [], [], [], [], [], [], [], []], "/r/CapableOf": [[], [], [], [], [], [], [], [], []], "/r/AtLocation": [[], [], [], [], [], [], [], [], []], "/r/HasProperty": [[], [], [], [], [], [], [], [], []], "/r/CreatedBy": [[], [], [], [], [], [], [], [], []], "/r/Synonym": [[], [], [], [], [], [], [], [], []], "/r/LocatedNear": [[], [], [], [], [], [], [], [], []], "/r/SimilarTo": [[], [], [], [], [], [], [], [], []], "/r/MadeOf": [[], [], [], [], [], [], [], [], []], "/r/ReceivesAction": [[], [], [], [], [], [], [], [], []]}, "/r/PartOf": {}, "/r/HasA": {}, "/r/CapableOf": {}, "/r/AtLocation": {}, "/r/HasProperty": {}, "/r/CreatedBy": {}, "/r/Synonym": {"/r/RelatedTo": [[], [], [], [], [], [], [], [], [], [], [], [], [], ["gripes", "fore", "gripeth", "petty", "distress", "trivial", "griping", "ster", "davit", "timber", "oppressio", "compass", "brake", "forefoot", "gripest", "bellywark", "vwhine", "vgrasp", "vseize", "keel", "wheel", "griped", "gripinglyr", "vcomplai", "complaint", "afflictio", "gripeful", "exactio", "pinching", "vclose hauled"], ["tamburello", "egg squash", "squoosh", "zucchini", "ghiya", "vwikten 1squeeze", "cucumber", "squashes", "cocozelle", "squidge", "summer squash", "wikten 2cucurbita", "squashable", "racquet", "three sisters", "drop shot", "tromboncino", "squeeze", "unsquashed", "wikten 2gourd", "vwikten 1suppress", "pepita", "courgette", "vwikten 1compress", "court", "wikten 2pumpki", "wikten 2zucchini", "wikten 1quash", "squashed", "squasher", "squabash", "squash court", "squashing", "crookneck", "unsquash", "racquetball", "cymling", "squash player", "pumpki", "marrow", "quash", "macock", "kamokamo", "squashlike", "pumpkin", "courtcraft", "zucchetta", "pattypan", "smash", "press", "garde"], []], "/r/UsedFor": [[], [], [], [], [], [], [], [], [], [], [], [], [], [], ["squash court"], []], "/r/LocatedAt": [[], [], [], [], [], [], [], [], [], [], [], [], [], [], [], []], "/r/FormOf": [[], [], [], [], [], [], [], [], [], [], [], [], [], ["gripes", "griping", "griped", "gripeth"], ["squashes", "squashed", "squashing"], []], "/r/IsA": [[], [], [], [], [], [], [], [], [], [], [], [], [], [" communicatioobjection communicatio"], ["sport", "summer squash food", "pumpkin plant", " plantvine plant", "winter squash food", "summer squash plant", " actcourt game act", " foodvegetable food", "winter squash plant", "zucchini", "very nutritious and tasty vegetable", "pumpkin", "fruit", "racquet game", "wpsportsport"], []], "/r/PartOf": [[], [], [], [], [], [], [], [], [], [], [], [], [], [], [" food plant"], []], "/r/HasA": [[], [], [], [], [], [], [], [], [], [], [], [], [], [], ["seeds"], []], "/r/CapableOf": [[], [], [], [], [], [], [], [], [], [], [], [], [], [], [], []], "/r/AtLocation": [[], [], [], [], [], [], [], [], [], [], [], [], [], [], ["farmer's market"], []], "/r/HasProperty": [[], [], [], [], [], [], [], [], [], [], [], [], [], [], ["edible"], []], "/r/CreatedBy": [[], [], [], [], [], [], [], [], [], [], [], [], [], [], [], []], "/r/Synonym": [[], [], [], [], [], [], [], [], [], [], [], [], [], ["bellyache communication communicatio", "squawk communication communicatio", "bitch communication communicatio", "holler communication communicatio", "crab communication communicatio", "beef communication communicatio", "grouse communication communicatio", "kick communication communicatio", "pressure", "vpai", "twinge", "complain", "accroach", "distress", "vdistress", "vbitch", "vgrasp", "vsnatch", "vclasp", "vsqueeze", "grasp", "vlay hold of", "pang", "vseize", "bitch", "whimper", "vstraighte", "vcompress", "vpinch"], ["crush contact", "squash racquets act", "squelch contact", "squeeze contact", "squash rackets act", "mash contact", "squash vine plant", "vshatter", "vsqueeze", "vquash", "vsquish", "vsuppress", "musquash", "marrow", "vcrush", "flatten", "wpsportwpsport"], []], "/r/LocatedNear": [[], [], [], [], [], [], [], [], [], [], [], [], [], [], [], []], "/r/SimilarTo": [[], [], [], [], [], [], [], [], [], [], [], [], [], [], [], []], "/r/MadeOf": [[], [], [], [], [], [], [], [], [], [], [], [], [], [], [], []], "/r/ReceivesAction": [[], [], [], [], [], [], [], [], [], [], [], [], [], [], ["played with racquet"], []]}, "/r/LocatedNear": {}, "/r/SimilarTo": {}, "/r/MadeOf": {}, "/r/ReceivesAction": {}}}, "": {"N1": {"/r/RelatedTo": ["windowdoor", "worklabor", "butchermeat", "gallomeasure", "woundgash", "punishmentcrime and", "chickelaying", "thricerthree", "informed educated ", "closed obstructed ", "transpondianrightpondia", "mystifymystery", "audiovisualsaudiovisual"], "/r/UsedFor": ["flash artifactlight physics", "string bassplaying music"], "/r/LocatedAt": [], "/r/FormOf": ["air burstsair burst", "pot belliespot belly", "cross sectionscross sectio"], "/r/IsA": ["suburb locatioresidential district locatio", "western skink animalskink animal", "inertial mass physicsmass attribute", "leading man persoactor perso", "occasion timetime time", "tree toad animalfrog animal", "petaurista animalmammal genus animal", "torch singer persosinger perso", "drop arch artifactpointed artifact", "rottenstone substancelimestone substance", "scorpionfish animalscorpaenid animal", "temporary hookup artifactconnection artifact", "acrylic fiber substanceman made substance", "dependence statestate ", "overhand pitch actpitch baseball", "american spikenard plantsubshrub plant", "hedonist persosensualist perso", "homecoming actreunion act", "aldrovanda plantdicot genus plant", "ambystomatidae animalamphibian family animal", "assist ice hockeymaneuver act", "tithe barn artifactbarn artifact", "hypsometer artifactaltimeter artifact", "papyrus communicatiodocument communicatio", "cacodyl substancegroup chemistry", "penance actsacrament act", "rule of evidence lawrule communicatio", "usherette persousher perso", "hooks bodyhand body", "bilabial communicatiolabial consonant communicatio", "kurdish communicatioiranian communicatio", "theism cognitioreligion cognitio", "aristocrat persoleader perso", "bundesbank groupcentral bank group", "skirtform of female attire", "yardarm artifactend locatio", "supreme court lawfederal group"], "/r/PartOf": ["satachristian myth", "old testament communicatiobible communicatio", "styloid process bodytemporal bone body", "voider artifactbody armor artifact", "tower of london artifactlondon locatio"], "/r/HasA": ["baywater"], "/r/CapableOf": ["blanketscover bed", "chefbone chicke", "authorswrite books"], "/r/AtLocation": ["windowhouse", "dustcarpet", "action figuretoy department", "barbershopmall", "mouselab maze"], "/r/HasProperty": [], "/r/CreatedBy": [], "/r/Synonym": ["hawaiian honeycreeper animalhoneycreeper animal", "thing cognitiomatter cognitio", "dprk locationorth korea locatio", "gas tight air ", "get into possessioget in possessio", "west persocicily isabel fairfield perso", "sapindus drumondii plantwild china tree plant", "abls communicatiobachelor of arts in library science communicatio", "homburg artifactfedora artifact", "choking coil artifactchoke artifact", "sewerage artifactsewer artifact", "fish bowl stategoldfish state", "caddy golfcaddie golf", "moray eel animalmoray animal", "family zygnemataceae animalzygnemataceae animal", "severity attributeaustereness attribute", "hors d oeuvre foodhors food", "chukka artifactchukka boot artifact", "immunise competitioimmunize competitio", "kindling pointautoignition temperature", "corruptlyr corruptedlyr ", "lazy faineant ", "copernicia prunifera plantcarnauba plant", "log z's bodysleep body", "sworn pledged ", "palestine authority grouppalestine national group", "polyodon spathula animalpaddlefish animal", "linnaea borealis americana plantamerican twinflower plant", "stylise artstylize art", "thank youthank you very much", "infirm decrepit ", "uriniferous tubule bodynephron body", "passing actpassage act", "rio nunez coffee plantrobusta plant", "experimentation cognitioexperiment cognitio", "powerful knock do a ", "lichgate artifactlychgate artifact", "take advantage socialtrespass social", "pyrethrum plantpainted daisy plant", "take turns changealternate change", "water level locatiowaterline locatio", "fuddle stateclutter state", "insisting communicatioinsistence communicatio", "vibrate perceptioresonate perceptio", "viridity attributegreen attribute", "yarn dye changeimpress change", "balaenoptera borealis animalsei whale animal", "electron orbit locatioorbit locatio", "lillie persobeatrice perso"], "/r/LocatedNear": [], "/r/SimilarTo": ["large leafed leafy ", "captious critical ", "exaggerated increased ", "effective militaryoperational military", "tasty winey ", "fast breaking news article", "second rate inferior ", "disputatious argumentative ", "private nonpublic ", "coated glazed ", "free clear "], "/r/MadeOf": [], "/r/ReceivesAction": []}, "N2": {}}}