{"stacked": {"N1": {"/r/RelatedTo": ["nonstacked", "vstack", "abreast", "aarranged", "stack", "ecology block", "astack", "alarge", "aconstructed", "aunfairly"], "/r/UsedFor": [], "/r/LocatedAt": [], "/r/FormOf": ["vstack"], "/r/IsA": [], "/r/PartOf": [], "/r/HasA": [], "/r/CapableOf": [], "/r/AtLocation": [], "/r/HasProperty": [], "/r/CreatedBy": [], "/r/Synonym": ["a full bosomed "], "/r/LocatedNear": [], "/r/SimilarTo": [], "/r/MadeOf": [], "/r/ReceivesAction": ["paper trays"]}, "N2": {"/r/RelatedTo": {"/r/RelatedTo": [["astacked"], [], ["avessel", "side by sider", "au courant", "requally", "aequally", "troika", "rvessel", "formation", "abeamr", "quadriga", "evener", "up to date", "abeam"], [], ["pushwikten 1", "deque", "smokestack", "stackage", "bitter electromagnet", "flue", "synergistic", "sport stacking", "money", "bundler", "stackablyr", "programming language", "mana shuffle", "call stack", "scheme", "wood", "stackable", "pile up", "grai", "cubic foot", "staddle", "unstacked", "stack up", "stacked", "pole", "musket", "haystack", "supercalender", "prang", "unstack", "sheaf", "upstack", "books", "sieve set", "top", "chimney stack", "box file", "mana weave", "cherpumple", "pushdown automaton", "mean", "lifo", "m ratio", "stacky", "mikado", "multiplay", "rock", "queue", "pelletron", "operating system", "thatch", "web server", "generalizatio", "palletizer", "stackstand", "straw", "dagwood sandwich", "stack chips", "interstack", "hay", "anabolic steroid", "dietary supplement", "automatic", "coastal", "drainpipe", "rouleau", "transtainer", "snowman", "underflow", "computer", "multistack", "memory", "pushdo a", "stacker", "stacking", "data structure", "roman shade", "sidework", "polypile", "nonstacking", "procedure call", "bookshelf", "barleybrake", "granum", "effective stack size", "goaf", "antistacking", "stack machine", "forklift", "main memory", "flare stack", "database", "pile", "stackroom", "unpile", "interstacked", "protocol stack", "restack", "rifle", "machine language", "overstack", "stackyard", "landform", "colum", "vertical", "downstack", "stackless", "substack", "bale", "build", "power", "factory"], [], [], [], [], []], "/r/UsedFor": [[], [], [], [], [], [], [], [], [], []], "/r/LocatedAt": [[], [], [], [], [], [], [], [], [], []], "/r/FormOf": [[], [], ["abrestr"], [], ["stacketh", "stacking", "stacks", "stacked"], [], [], [], [], []], "/r/IsA": [[], [], [], [], ["haystack group", " grouppile group", "opencycstack based memory entiresection of stack", "history stack", "pile", "road junction"], [], [], [], [], []], "/r/PartOf": [[], [], [], [], [], [], [], [], [], []], "/r/HasA": [[], [], [], [], [], [], [], [], [], []], "/r/CapableOf": [[], [], [], [], [], [], [], [], [], []], "/r/AtLocation": [[], [], [], [], ["book"], [], [], [], [], []], "/r/HasProperty": [[], [], [], [], [], [], [], [], [], []], "/r/CreatedBy": [[], [], [], [], [], [], [], [], [], []], "/r/Synonym": [[], [], ["a au courant ", "apprise", "apprised", "rapprised"], [], [" quantitybatch quantity", " communicatiopush down list communicatio", " artifactsmokestack artifact", "heap contact", "pile contact", " artifactpush down storage artifact", "", "wpgeologywpgeology", "wpabstract data typewpabstract type"], [], [], [], [], []], "/r/LocatedNear": [[], [], [], [], [], [], [], [], [], []], "/r/SimilarTo": [[], [], [], [], ["pile"], [], [], [], [], []], "/r/MadeOf": [[], [], [], [], [], [], [], [], [], []], "/r/ReceivesAction": [[], [], [], [], [], [], [], [], [], []]}, "/r/UsedFor": {}, "/r/LocatedAt": {}, "/r/FormOf": {"/r/RelatedTo": [[]], "/r/UsedFor": [[]], "/r/LocatedAt": [[]], "/r/FormOf": [[]], "/r/IsA": [[]], "/r/PartOf": [[]], "/r/HasA": [[]], "/r/CapableOf": [[]], "/r/AtLocation": [[]], "/r/HasProperty": [[]], "/r/CreatedBy": [[]], "/r/Synonym": [[]], "/r/LocatedNear": [[]], "/r/SimilarTo": [[]], "/r/MadeOf": [[]], "/r/ReceivesAction": [[]]}, "/r/IsA": {}, "/r/PartOf": {}, "/r/HasA": {}, "/r/CapableOf": {}, "/r/AtLocation": {}, "/r/HasProperty": {}, "/r/CreatedBy": {}, "/r/Synonym": {"/r/RelatedTo": [[]], "/r/UsedFor": [[]], "/r/LocatedAt": [[]], "/r/FormOf": [[]], "/r/IsA": [[]], "/r/PartOf": [[]], "/r/HasA": [[]], "/r/CapableOf": [[]], "/r/AtLocation": [[]], "/r/HasProperty": [[]], "/r/CreatedBy": [[]], "/r/Synonym": [[]], "/r/LocatedNear": [[]], "/r/SimilarTo": [[]], "/r/MadeOf": [[]], "/r/ReceivesAction": [[]]}, "/r/LocatedNear": {}, "/r/SimilarTo": {}, "/r/MadeOf": {}, "/r/ReceivesAction": {"/r/RelatedTo": [[]], "/r/UsedFor": [[]], "/r/LocatedAt": [[]], "/r/FormOf": [[]], "/r/IsA": [[]], "/r/PartOf": [[]], "/r/HasA": [[]], "/r/CapableOf": [[]], "/r/AtLocation": [[]], "/r/HasProperty": [[]], "/r/CreatedBy": [[]], "/r/Synonym": [[]], "/r/LocatedNear": [[]], "/r/SimilarTo": [[]], "/r/MadeOf": [[]], "/r/ReceivesAction": [[]]}}}, "":{}}