{"tear": {"N1": {"/r/RelatedTo": ["drop", "cry", "avulse", "water", "crying", "eye", "unrip", "rug", "tearstained", "slite", "chew", "alacrima", "tearlessness", "vwikten 1speed", "tearlesslyr", "lacrimatory", "teary", "dry eye", "vwikten 1tearaway", "kvell", "torn", "disinsert", "tearful", "dilaniation", "lacerate", "vellicate", "microtear", "sj\u00f6gren's syndrome", "waterworks", "woundwikten 1", "lacrimal gland", "ripplewikten 2", "scrawm", "rend", "beblubbered", "perforated", "eyedrop", "tearproof", "lacrimation", "dacryops", "crocodile tear", "wikten 1hole", "lacrimal lake", "tearinglyr", "tear catcher", "haemolacria", "teardrop", "tearswiktfr 1", "retear", "lactoferrin", "ripstop", "tearlike", "iridodialysis", "alacrimia", "wikten 2drop", "lachrymator", "tearstreaked", "laniation", "laniate", "hackle", "artificial tears", "disbranch", "tenacity", "puncture", "tear out", "vwikten 1rend", "anal fissure", "cryinglyr", "berend", "tearstain", "starweed"], "/r/UsedFor": [], "/r/LocatedAt": [], "/r/FormOf": ["tears", "teareth", "tarest", "torn", "teared"], "/r/IsA": ["rent act", "laceration act", " bodydrop quantity", " actseparation act"], "/r/PartOf": [" bodylacrimal secretion body"], "/r/HasA": [], "/r/CapableOf": [], "/r/AtLocation": [], "/r/HasProperty": [], "/r/CreatedBy": [], "/r/Synonym": ["charge motion motio", "shoot motion motio", "rupture contact", "gap", "shoot do v motion motio", " actbust act", "v contactpluck contact", "teardrop body", "snap contact", " objectrip object", "buck motion motio", "bust contact", "vwiktfr 2rip"], "/r/LocatedNear": [], "/r/SimilarTo": [], "/r/MadeOf": [], "/r/ReceivesAction": []}, "N2": {"/r/RelatedTo": {"/r/RelatedTo": [["fall", "rai", "water", "let", "falling", "tear", "go", "let fall", "actio", "let go", "small", "shape", "letting", "do ", "liquid", "drip", "bit", "release", "unit", "letting go", "particle", "drop back", "single", "like", "gravity", "piece", "amount", "accident", "letting fall", "tiny", "fumble", "object", "dew", "part", "ball", "tear shape", "little", "rain particle", "rain shape", "vdecrease", "disdrometer", "stage", "desaturate", "spilling", "bead", "egg and spoon race", "waterdrop", "vdegree", "curtai", "vdismiss", "bind on pickup", "droppable", "vhold", "lozenge", "vlesse", "earring", "pancake landing", "decline", "swivel", "vkey", "vmentio", "vbatsma", "coulure", "drops", "flump", "hanger", "punctum vasculosum", "litter", "drabbler", "immersion lens", "airdroppable", "get rid of", "misly", "chest", "eavedrop", "shaft", "mass", "droplike", "waist", "misdrop", "theatrical", "stillicide", "name dropping", "bust", "dribble", "vcease", "vvisit", "mizzly", "collect", "dropitis", "distil", "nanodrop", "vplay", "plummet", "solo", "enhydrous", "dropside", "diamond", "chandelier", "stilliform", "droplet", "stillatitious", "gtt", "vdispose", "butterfingers", "debris", "cover"], ["tears", "sad", "emotio", "sadness", "weep", "sob", "actio", "emotional", "tear", "baby", "eyes", "eye", "weeping", "water", "wail", "expressio", "sobbing", "noise", "yell", "wet", "response", "shed tears", "shed", "upset", "sad emotio", "emotional response", "leaking", "reactio", "sad tears", "rame", "banzai", "teary", "whine", "skrikewikten 2", "chivy", "hee haw", "bawl", "outcry", "urgent", "meow", "geronimo", "neigh", "crying", "shed tear", "countercry", "crieth", "vnotify", "breastfeeding", "waul", "roar", "vscream", "loo", "chorus", "criest", "vshed tear", "midcry", "vadvertise", "howl", "trumpet", "forecry", "turn on waterworks", "scrike", "squall", "weep buckets", "cock doodle doo", "snivel", "tearjerker", "voutcry", "cry do v", "unlachrymose", "ooch", "vproclamatio", "fuss", "yawp", "croak", "view halloo", "voral", "lamentation", "scraight", "bubble", "whimper", "vweep", "bleat", "es", "crocodile tears", "vsold", "cryful"], ["vtear", "vavulsio", "vforcibly"], ["river", "steam", "swim", "boat", "drop", "liquid", "rai", "sea", "fish", "mist", "wave", "drink", "ocea", "bridge", "lake", "cloud", "duck", "current", "flow", "snow", "canal", "coast", "blue", "wash", "clear", "hydroge", "ice", "wet", "fountai", "boil", "drinking", "glass", "soup", "oxyge", "cry", "clear liquid", "leak", "aquarium artifact substance", "jello", "aquarium artifact food", "element", "hydrogen oxyge", "milk", "tear", "swimming", "oil", "salt", "navy", "dive", "cantee", "pond", "shower", "hose", "fluid", "flood", "tap", "life", "sail", "drinkable", "moat", "aeration zone", "hydroelectrolytic", "stop valve", "watercourse", "waterline", "atelomixis", "water icing", "collision bulkhead", "water gruel", "water frame", "hydrolipid", "nappe", "precipitation", "six water grog", "salse", "bouget", "water carrier", "dewdrop", "soligenous", "hydroreceptor", "torricellian chamber", "deliquesce", "skim", "hydrometeorology", "wastewater", "arsenic acid", "hydroethanolic", "cold tap", "kilogram calorie", "frikadelle", "dorodango", "dilution", "hydathode", "water salamander", "splashboard", "dry fly", "guanidinopropionase", "kosmotropic", "desorber", "alarm gauge", "cornish engine", "displace", "brandy pawnee", "wellspring", "steam drum", "kleinschmidt still", "blue flag", "egg pasta", "permeability", "tachyhydrite", "wetland", "waterlog", "vodyanoy", "puddling", "bonding jumper", "hydroxilic acid", "unshowered", "salt clay", "thermette", "plumbing", "dewater", "clonk", "hydrotic", "amphiphytic", "grey mullet", "paddleboarding", "monooxygenase", "diguanidinobutanase", "amidinoaspartase", "ectohydric", "xerophytism", "hardtack", "hyperchlorination", "osphradium", "specific humidity", "streamful", "pulp", "pyrophosphoric acid", "hand sanitizer", "cooja", "hydrocast", "tumbler tank", "deluge", "substance", "watercise", "balance dock", "grog", "bilge", "qasab", "dephlegmate", "marine climate", "hydro geothermal", "moonwake", "backset", "polyglutamic acid", "water doctor", "parsemage", "beach", "sodicity", "mare liberum", "tailrace", "hydraulic belt", "isohydric", "swape", "total hardness", "spewy", "beverage", "upwelling", "heating surface", "laumontite", "neritic", "drysuit", "demanganization", "paramylum", "slip and slide", "hydroecology", "ground beef", "hydrophytology", "slake trough", "hydroiodic acid", "gnathostomulid", "silicone", "club soda", "hydrotaxis", "watered", "stream", "phreatomagmatic", "cerebral edema", "firecock", "eye watering", "rheophilic", "nirgunty", "run of river", "semi heavy water", "streamwater", "unwatered", "hydrodistillation", "tantalus", "pentahydrated", "aquagenic", "light water", "recharge", "biomixing", "katharobe", "nitracline", "whale fall", "deuterated water", "pasteur's fluid", "hydrochoric", "rainfed", "pier", "aquaspinning", "proof", "phthalyl amidase", "bleachfield", "niacin", "nymph", "hydrotropism", "coaster", "saikei", "vivianite", "choking bloom", "hydrofluoric acid", "reflecting pool", "anhydroglucose", "hydrosol", "chlorinity", "kainite", "hydrocarboxylation", "microhydropower", "fructosamine", "holard", "weeping rock", "pleuston", "hydrocooler", "casewikten 2", "header", "dishwasher salt", "stemflow", "hydrophanous", "aerinite", "pelagic zone", "kogation", "hypoiodous acid", "rhabdomantist", "pondage", "if it's yellow let it mellow brown flush do ", "egg matzah", "piss clam", "limnic", "stool softener", "drammach", "damped", "nematohydrodynamic", "concrete", "rodmeter", "urine", "urceus", "hydrophilous", "hydroaffinity", "elemental", "hydroclimatic", "get wet", "break water", "yellow wash", "tabasheer", "billow", "body of water", "contrast therapy", "hydrosoluble", "poolish", "estuary", "catchment", "drainage", "grape wine", "water do v"], ["sob", "tear", "boo hoo", "acensure", "crysome", "cryful", "decrial", "vcry", "bubblin", "take it like man", "lachrymose", "arebuke", "in tears", "dewy eyed", "pseudobulbar affect", "dry one's eyes", "aactio", "blubber", "aattentio", "lacrimation", "lachrymation", "bawl", "weep", "baby", "wail", "drop", "sound", "rai", "pai", "punishment", "eye", "help", "yelp", "onio"], ["orga", "seeing", "face", "part", "iris", "see", "visio", "pupil", "sight", "body", "body part", "head", "seeing orga", "ball", "nose", "sight orga", "facial", "on face", "cornea", "feature", "looking", "retina", "ocular", "two", "visual", "vision orga", "orb", "lashes", "device", "round", "pupils", "sphere", "face part", "optical", "for seeing", "wink", "cry", "facial feature", "has", "see with", "sense", "visual orga", "lens", "socket", "seeing part", "pupil iris", "iris pupil", "glasses", "huma", "ocular orga", "seeing thing", "above", "circle", "above nose", "optical orga", "lid", "marble", "look", "used", "sense orga", "optic", "facial part", "tear", "tool", "through", "sensory", "sensory orga", "in head", "apparatus", "in face", "face orga", "pair", "face feature", "seeing orb", "looking orga", "head orga", "near nose", "iris cornea", "oval", "facial orga", "seeing device", "spinach", "sensor", "brow", "statokinetic", "punctum caecum", "oculodermal", "supraocular", "aniridic", "oculigerous", "nystagmus", "descemetocele", "rod", "lovelight", "corneoscleral", "purkinje image", "enucleation", "excyclovergence", "lagophthalmia", "interblink", "retinitis pigmentosa", "pupillometry", "optocollic", "eyetracker", "iridectomy", "ringbolt", "crance", "shoggoth", "argyll robertson pupil", "extratemporal", "visual axis", "keratopathy", "oculovestibular", "monoblepsis", "phakitis", "eyedness", "ulcer", "oculoplastics", "eyestone", "biorbital", "sinistrocular", "ocellus", "chemosis", "drosopterin", "hyperphoria", "helioscope", "inocular", "coenesthesis", "russet burbank", "cystallin", "intravitreous", "tuberous sclerosis", "panophthalmitis", "dry eye", "oculary", "eyespan", "navel", "oculodynia", "myotic", "capsulolenticular", "cross eye", "choriocapillary", "sursumversion", "oculocephalic", "ophthalmometer", "monofixation syndrome", "synophthalmia", "eyewash", "fundus", "isocoria", "cebocephaly", "norrie disease", "canthus", "hypopyon", "peritomy", "ommochrome", "pupillary", "harderian gland", "visible light", "intraconjunctivallyr", "keratocele", "cranioorbital", "stereoscopic", "encauma", "lentiglobus", "orthophoria", "oculiferous", "orbitocerebral", "lethal white syndrome", "exotropia", "circumlental", "infraduction", "subocular", "autokeratoplasty", "iridolenticular", "coloboma", "orthoscopy", "emo bangs", "tonometer", "frog eyed", "sleepy", "downshoot", "biomicroscopy", "circumorbital", "peeper", "ophthalmopathy", "ophthalmogeometry", "ophthalmotomy", "lentectomy", "laughing eyed", "discern", "microphakia", "ophthalmotrope", "oculopharyngeal", "eyesalve", "oculomanual", "lateral rectus", "chionablepsia", "iridal", "inferior rectus", "oculonasal", "fluorophotometry", "iridoparalysis", "birdeye", "ocelloid", "photostress", "orbitolateral", "four eyed", "extraocular", "ocularlyr", "leukocoria", "incyclotorsion", "canthomeatal", "capsulotome", "ophthalmalgia", "polyommatous", "oculomasticatory", "version", "eyeworm", "oculate", "areola", "optometrist", "esotropia", "norrie", "haploscope", "eyesplice", "nasoocular", "ophthalmography", "macroscopic", "eyeglance", "incyclovergence", "pseudoglioma", "hypophoria", "decern", "cyanope", "ocelliferous", "microsaccade", "leucoscope", "adelie penguin", "scleritis", "supraduct", "oculoleptomeningeal", "eyeliner", "eyer", "midpupillary", "choriocapillaris", "sclerotic ring", "anoopsia", "uniocular", "sleepy sand", "canthopexy", "white dot syndrome", "binoculate", "isomyopia", "periocularlyr", "ojos azules", "oculofacioskeletal", "brille", "irreducible complexity", "oculoskeletal", "posterior chamber", "anteorbital", "sursumduction", "dichromacy", "oculocutaneous", "viscosurgical", "eyeshape", "cyclophoria", "phakia", "suffolk", "retinoscope", "lacrimal gland", "maka", "troland", "monoscopic", "dichromatic", "circumlenticular", "squint eyed", "corneal neuralgia", "orthoptics", "suboptic", "erisophake", "pinguecula", "beady eyed", "mince", "eyen", "enophthalmia", "oculotoxic", "podophthalmous", "pin", "speculation", "aurodrosopterin", "oculoglandular", "ogle", "goggler", "anophthalmic", "beadies", "multiocular", "leucoma", "keratoscleritis", "oedipism", "acorea", "iridial", "polyphemic", "foveola", "dextrodepression", "phantom eye syndrome", "ophthalmopathic", "pupillography", "iridodonesis", "mesdemet", "bug eyed", "eyering", "optography", "eyelesslyr", "orbitofrontal", "lasik", "presbyopia", "ophthalmodynia", "twinkler", "preocular", "prostitute's pupil", "temporoorbital", "lippitude", "oculozygomatic", "transocular", "anisometropia", "irideremia", "stake", "intrapupillary", "cycloplegia", "postocular", "polymeniscous", "eyeshade", "retro orbital", "cockeyed", "mince pie", "ophthalmoscope", "dextroelevation", "peropsin", "prosimian", "pterygium", "epicanthic"], ["vrip", "vope", "vtear"], ["carpet", " artifactfloor artifact", "floor", "yuruk", "nain rug", "rugmaking", "mea", "dhurrie", "rag rug", "turcoman", "vplunder", "unrug", "ruglike", "rya", "rugmaker", "fabric", "horsecloth", "rugs", "warmth", "wig", "hearthrug", "tuzla", "rugging", "rugless", "flokati", "vtear", "sheepskin", "spandrel", "blanket", "bearskin", "wagga", "vpull", "vspoil", "kilim", "elephant's foot", "some", "shyrdak", "kiverlid", "hairpiece", "rug up", "numdah", "prayer rug", "mat", "cover", "small", "thick hair", "hair", "floor cover", "thick", "cover area", "area", "persia", "house", "house floor", "underfoot", "flooring", "bristles", "smaller carpet", "smaller", "sheepski", "small carpet", "floor carpet", "floor covering", "covering", "soft", "soft floor", "small mat"], ["atear"], ["vwear away", "sliting", "vslit", "rending", "vrip", "vtear", "slites", "wear and tear", "ripping"], ["chaw", "bite", "sneeze", "vteeth", "chewing tobacco", "ruminate", "gumming", "chewable", "mouth", "preruminant", "plug", "marinesco sj\u00f6gren syndrome", "somerset", "manducatory", "vponder", "lignophagia", "sweet", "chavel", "chew up", "nonchewer", "england", "pituri", "eat like pig", "overchew", "tough", "chomp", "vchew over", "mastication", "nonchewing", "remastication", "chews", "munch", "penny chew", "sirih", "chewproof", "chig", "midchewr", "fletcherism", "midchew", "taffy", "vsaliva", "masticable", "molarize", "manducate", "remasticate", "wad", "vjaw", "spit ball", "chewinglyr", "chawed", "vsofte", "muguka", "chew cud", "rechew", "vtooth", "chewer", "chewablyr", "vtear", "mastika", "vgrind", "gutka", "unchewablyr", "chewing", "premastication", "vswallow", "prechew", "chewed", "windowpaning", "cheweth", "paan", "tobacco", "chewest", "mumble", "unchewable", "unchewed", "masticate", "vthink", "vcrush", "chewy", "chawing", "eating", "teeth", "eat", "bone", "food", "activity", "movement", "actio", "motio", "mouth movement", "mouth activity", "statue", "eating food", "mouth actio", "grinding", "grinding teeth", "mandible", "mandible motio", "tunic", "jaw", "teeth activity", "bluebell", "mouth motio", "tooth", "masticatio", "biting", "functio", "eating actio", "masticate food", "teeth functio", "like", "bite gum", "like gum", "gum"], ["tear"], ["weep", "tear"], [], [], ["atear", "alachrymatory"], ["tearful", "acry", "atear", "tearilyr", "aeye", "teariness", "atearful", "cry", "onio"], [], [], ["vgloat", "vproud", "vdelighted", "vboast", "vtear"], ["tattered", "raggedy", "disinserted", "coulomb explosion", "vtear", "tear sheet", "capsulorrhaphy", "ripped", "riven", "divellicated", "shabby", "untorn", "lacerate", "wound"], ["vretina", "vdisinserted", "vperiphery", "vdisinsertio", "vtear"], ["maudlin", "watery", "atear", "lachrymose", "crysome", "moist", "weepy", "asorrowful", "aaccompanied", "teary", "melting", "tearfulness", "tearfullyr", "ateary", "sobful", "mist over", "cry"], ["dilaceratio", "tear", "rend"], ["vtear", "vthrash", "dilacerate", "vwound", "lacerater", "lacerative", "alacerated", "vdefeat", "laceration", "laceratinglyr", "chef", "cut up", "ajagged", "unlacerated", "runcinate", "ator", "cut"], ["vnerves", "vellicating", "vspasmodic", "vsurface", "vpart", "vnip", "vmovement", "vtear", "vvellicative", "vcause", "vuneasiness", "vvellicatio", "virritate", "vtouch", "tickle", "titillate", "vlaughter", "vlightly", "vbody", "vpinch", "vexcite", "vellicates"], ["tendo", "cell wall", "tear"], [], ["tear", "system", "to ", "cry", "filtratio", "plant", "pump", "supply", "pipe", "plumbing", "water", "genitourinary", "facility", "reservoir"], [], [], [], ["vscratch", "vtear"], ["rended", "vpart", "vseparate", "vtear", "rending", "vsplit", "rends", "dilaniation", "unrent", "tearer", "dilaniate", "vrender", "renderwikten 2", "rendinglyr", "berend", "slikewikten 3", "discerp", "rit", "vburst"], ["abefouled", "atear", "adisfigured", "ablubbering"], ["perforate", "cribrose", "jali", "unperforated", "kinetoscope", "sprocket", "unfenestrated", "selvage", "lithotype", "perforation", "nonperforated", "perfin", "aspergillum", "stencil", "absinthe spoon", "pepper pot", "wash basket", "sparger", "bonnaz", "perfed", "piano roll", "atear", "aperforatio", "fish strainer", "honeycombed", "organette", "st cuthbert's beads", "soaker", "pukawikten 1", "sponger", "sea colander", "salt cellar", "pouncet box", "abacus", "grecque", "imperforated", "dredger", "astraight", "caster", "watering can", "lantern", "aperforate", "ahole", "perforable", "cribriform"], ["metipranolol", "artificial tears", "tafluprost", "medicine", "tear", "fusidic acid", "eyedrops", "picloxydine", "administer", "eyedropper", "rose bengal"], ["atear", "aresistant"], ["crying", "shedding", "tear"], ["cyst", "lacrimal duct", "tear", "eye"], [], [], [], [], [], ["tear", "blood"], ["hubbard squash", "tear", "igil", "lacriform", "teardrops", "dacrocyte", "lachrymiform", "goutte"], [], ["retearing", "retears", "vtear", "retorn"], ["protei", "mucosal", "talactoferrin", "lactotransferrin", "apolactoferrin", "milk", "multifunctional", "lacrimal fluid", "secretio", "tear", "saliva", "globular", "antimicrobial", "lactoferricin", "intelectin"], ["tear", "reinforcement", "fabric", "resistance", "parachute pants", "thread"], ["atear"], ["localized", "ciliary body", "coredialysis", "iris", "separatio", "attachment", "tear"], ["triple syndrome", "tear"], [], ["lachrymatory", "tear", "phenacyl bromide", "tear gas"], ["astreak", "atear"], ["tear"], ["vtear"], ["oakum", "vdress", "vtear", "flax", "hackler", "neck", "bird", "rooster", "vseparate", "hackles", "strick", "feather", "heckle", "plume", "soldier", "hair", "nape", "flax dresser", "hat", "vasunder", "hemp", "helmet"], [], ["vtear", "vdivest", "vaway", "vbranch"], ["tenacious", "quality", "tenaciousness", "cohesiveness", "asunder", "fragility", "mobility", "adhesiveness", "doggedness", "longitudinal", "persistence", "adhere", "rupture", "tenaciously", "brittleness", "stress", "tear", "attractio", "viscosity", "tenacities", "tenaciouslyr", "part", "bear"], ["cardiocentesis", "punctured", "micropunctate", "flat tyre", "punction", "hole", "odontostyle", "venipuncture", "bedeguar", "enterocentesis", "opisthoglyphous", "renipuncture", "tympanocentesis", "unpunctured", "vpierce", "punctate", "multipunctate", "punctulate", "blow out", "cyclostyle", "multipuncture", "micropuncture", "pierce", "tear", "puncturing", "bipunctate", "faradopuncture", "micropunctured", "poriform", "cut", "cephalocentesis", "microneedling", "puncturer", "cystocentesis", "arrow hole", "unholed", "puncturation", "guthrie test", "stinger", "earhole", "centesis", "macropuncture", "pinprick", "vbreak", "bloodsucker"], [], [], [], [], ["vseverely", "vtear", "vrip", "vrend", "vbadly"], ["tear", "stai"], ["europe", "tear", "star", "leaf", "mat", "plant"]], "/r/UsedFor": [[], [], [], ["drink", "quenching thirst", "drinking", "cleaning", "extinguish most fires", "bathing", "put out fire", "quench thirst", "watering plants", "wash", "swimming i", "washing dishes", "hydratio", "washing", "creek", "showering"], ["walking in rai", "eye", "releasing sadness", "watching movie", "seeing favorite show"], ["looking", "blinking", "visio", "looking at", "viewing", "staring", "seing", "reading letter", "crying", "sending visual signals to brai", "signal interest", "creatures can see", "reading"], [], ["floor covering", "warmth", "decoratio", "cover floor", " artifactcarpet contact", " artifactinsulate change", " artifactcover contact", "walking o", "cover hard wooden floor", "for covering floor", "just outside shower", "prevent scratches on floor", "sit o", "make floor warmer", "protecting floor", "area near front door", "next to bed", "looking nice"], [], [], [], [], [], [], [], [], [], [], [], [], [], [], [], [], [], [], [], [], [], [], [], [], [], [], [], [], [], [], [], [], [], [], [], [], [], [], [], [], [], [], [], [], [], [], [], [], [], [], [], [], [], [], [], [], [], [], [], [], [], [], []], "/r/LocatedAt": [[], [], [], [], [], [], [], [], [], [], [], [], [], [], [], [], [], [], [], [], [], [], [], [], [], [], [], [], [], [], [], [], [], [], [], [], [], [], [], [], [], [], [], [], [], [], [], [], [], [], [], [], [], [], [], [], [], [], [], [], [], [], [], [], [], [], [], [], [], [], []], "/r/FormOf": [["dropt", "dropped", "drops"], ["cries", "crying", "cried", "criest"], ["avulsed", "avulsing", "avulses"], ["watered", "waters"], ["cryings", "vcry", "cry"], ["eyed", "eyes"], ["unrips", "unripping", "unripped"], ["rugs", "rugbeia"], ["tear stained"], ["slited", "slites", "sliting"], ["chews", "chewed", "cheweth", "chewing"], [], [], [], [], [], ["teariest", "tearier"], [], [], ["kvells", "kvelled", "kvelling"], ["vtear"], ["disinserts", "disinserted"], [], [], ["lacerates", "lacerated", "lacerating"], ["vellicating", "vellicates", "vellicated"], ["microtears"], [], [], [], [], [], ["scrawms", "scrawming", "scrawmed"], ["yrent", "rending", "rendeth", "rended", "rendest", "rends"], ["vbeblubber"], ["vperforate"], ["eye drop", "eyedrops"], [], ["lacrimations"], [], [], [], [], [], [], [], ["teardrops"], [], ["retore", "retears", "retorn", "retearing"], ["lactoferrins"], ["ripstops"], [], ["iridodialyses"], [], [], ["lacrymator", "lachrymators", "lacrimator"], [], [], [], ["hackling", "hackled", "hackles"], [], ["disbranching", "disbranches", "disbranched"], ["tenacities"], ["punctures", "punctured", "puncturing"], [], [], [], [], [], ["tearstains"], []], "/r/IsA": [["droplet quantity", "tear body quantity", " drughiding place locatio", "correction attribute", "precipitation event", "voltage drop attribute", "eyedrop quantity", " actdescent act", "dead drop location drug", " attributedecrease attribute", "free fall event", "raindrop phenomenon quantity", " quantitysmall indefinite quantity", " eventgravitation event", "teardrop shape", " shapesphere shape", " eventdescent event", "plunge event", "dewdrop shape", " artifactdepository artifact", "maildrop artifact", "particle", "dewdrop", "raindrop", "eyedrop"], ["baa event", "howl event", "halloo communication communicatio", "hoot communication communicatio", "bay event", "yelling communication communicatio", "gobble event", "clamor communication communicatio", "boo communication communicatio", "coo event", "scream communication communicatio", "meow event", "cackle event", " communicatioutterance communicatio", "whoop communication communicatio", "growl event", "bray event", "moo event", "bark event", "complaint communication communicatio", " communicatioeffusion communicatio", "cluck event", "yodel communication communicatio", " eventsound event", "war cry communication communicatio", "bellow communication communicatio", "cheep event", "honk event", "catcall communication communicatio", "neigh event", "caw event", "roar event", "noise communication communicatio", "yelp event", "bleat event", "caterwaul event", "crow event", "blue murder communication communicatio", "hosanna communication communicatio"], [], ["rai", "reflective surface", "life", "fluid", "heavier than air", "dishwater substance", "hard water substance", "tap water food substance", " foodliquid substance", "holy water substance", " substanceliquid substance", "slush substance", " substanceelement substance", "bath water substance", "molecule", "drinking water food", "branch water food", " foodnutrient", "water of crystallization substance", "seawater substance", " foodfood", "chemical", "snow", "soft water substance", "spring water food", "limewater substance", " substancebinary compound substance", "fresh water substance", "not air", "meltwater substance", "solvent", "distilled water substance", "bilge substance", "ground water substance", "steam", "stronger than stone", "inanimate object", "very simple beverage", "salt water"], ["joh", "wailing act", " actbodily process", "sob act", "snivel act", "sniveling", "tearing", "making facial expression", "bawling", "wailing", "n", "sobbing", "bodily function event", "event", "jane"], ["optical sensor for living beings", "oculus dexter body", "biological orga", "simple eye body", "oculus sinister body", " cognitioattention cognitio", "compound eye body", "peeper body", "naked eye body", " bodysense organ body", " artifacthole artifact", "complex orga", " cognitiosagacity cognitio", "sense organ", "complicated orga", "organ", "animal eye", "closed eye", "simple eye", "external anatomical part"], [], ["broadloom artifact", "stair carpet artifact", "runner artifact", "numdah artifact", " artifactfurnishings artifact", "kurdistan artifact", "shag rug artifact", "wilton artifact", "drugget artifact", "red carpet artifact", "floor covering", "prayer rug artifact", "hearthrug artifact", "scatter rug artifact", "flying carpet folktale artifact", " artifactfloor cover artifact", "brussels carpet artifact", "slang word for toupae", "oriental rug", "mat", "find inside", "can brush things under", "slang phrase for hairpiece", "bathroom rug", "piece of material", "small carpet", "doormat", "textile floor covering"], [], [], [" actchange of state act", "mumbling act", " foodmorsel food", "rumination act", "chomping act"], [], [], [], [], [], [], [], [], [], [], [], [], [], [], [], [], [], [" artifactworkplace artifact", "unnatural thing", "facilityopencycfacility generic", "tangible thing"], [], [], [], [], [], [], [], [" quantitydrop quantity", "drop"], [], [" processbodily process"], [], [], [], [], [], [], [], [" shapedrop shape", "lacrimal fluid", "saline solution particle", "natural inanimate thing", "drop"], [], [], ["protein"], [], [], [], [], [], [], [], [], [], ["saddle hackle animal", " animalfeather animal"], [], [], [], ["venipuncture medicine act", " artifacthole artifact", "pinhole artifact", "centesis surgery act", "prick act", "pinprick artifact", "perforation act", " eventmishap event", " actactivity act"], [], [], [], [], [], [], []], "/r/PartOf": [[], [], [], ["hydroge"], ["growing up", "life", "sadness"], ["head", "cornea", "iris", "lens", "face", "pupil", "central artery of retina body", "lacrimal artery body", "conjunctiva body", "aperture object body", " bodyface body", "pupillary sphincter body", " artifactneedle artifact", "uveoscleral pathway body", "sclera body", "eyeball body", "ocular muscle body", "cornea body", "rod", " bodyvisual system sight", "ciliary body", "lens body", "uvea body", "epicanthus body", "lacrimal apparatus body", "retina body", "choroid body", "eyelid body", "canthus body", "iris body", "lacrimal vein body", "ciliary artery body", "nictitating membrane body", "eyelid"], [], ["edging artifact"], [], [], [" acteating act"], [], [], [], [], [], [], [], [], [], [], [], [], [], [], [], [], [], [], [], [], [], [], [], [], [], [], [], [], [], [], [], [], [], [], [], [], [], [], [], [], [], [], [], [], [], [], [], [], [], [], [], [], [], [], [], [], [], [], [], []], "/r/HasA": [[], [], [], ["bay", "milk", "no taste", "pond", "ocea", "lake", "aquarium", "pool", "blood", "surface", "river", "cycle"], [], [], [], [], [], [], [], [], [], [], [], [], [], [], [], [], [], [], [], [], [], [], [], [], [], [], [], [], [], [], [], [], [], [], [], [], [], [], [], [], [], [], [], [], [], [], [], [], [], [], [], [], [], [], [], [], [], [], [], [], [], [], [], [], [], [], []], "/r/CapableOf": [["can labor or"], ["baby", "humans", "eye"], [], ["freeze", "thin paint", "flow", "fill bucket", "extinguish fire", "fill glass", "short electrical circuit", "act as reflector", "feel wet", "short circuit", "evaporate", "short out electrical circuits", "thin mix of ingredients", "coursing through channel", "coursing downhill", "dribble", "move mountains", "dissolve many substances", "cover wood", "give thirst plants drink", "stop fire", "make short circuit", "cool cars engine"], ["prove useless"], ["sense light", "focus", "sense color"], [], ["make room seem warmer"], [], [], [], [], [], [], [], [], [], [], [], [], [], [], [], [], [], [], [], [], [], [], [], [], [], [], [], [], [], [], [], [], [], [], [], [], [], [], [], [], [], [], [], [], [], [], [], [], [], [], [], [], [], [], [], [], [], [], [], [], [], [], []], "/r/AtLocation": [[], [], [], ["fish", "lake", "boat", "river", "pool", "waterfall", "submarines", "plankto", "surface of earth", "coral reef", "ocea", "sink", "seaweed", "glass", "puddle", "bottle", "jar", "canoe", "stream", "soup", "rai", "dolphins", "toilet", "anemone", "wet", "germs", "eel", "beer", "salt", "bacteria", "dam", "algae", "water cooler", "steam", "swamp", "tadpoles", "flouride", "pee", "trace amounts of industrial chemicals", "cactus", "lobster", "dissolved minerals", "shipwrecks", "bridge", "sewer", "scuba diver", "diver", "people who scuba dive", "air bubbles", "brook", "oxyge", "enema", "swimmer", "bathub", "current", "mouth", "brine", "humidifier", "tuna", "coral reefs", "hot water heater", "septic tank", "snow", "drool", "slurpee", "spurt", "lake or river", "hydroelectric dam", "shell fish", "rain cloud", "gym", "teakettle", "silt", "spit", "pier pilings", "bathtub", "soft drink", "under water diver", "kettle", "plants", "downpour", "fish tank", "icicle"], ["funeral"], ["faces", "face", "eye socket", "grain of sand", "mammal"], [], ["stai", "cat", "fleas", "furniture", "table", "dog", "footprints", "sleeping cat", "sleeping dog", "desk", "cat hair", "dirt", "spilt coffee", "designs", "furtniture", "snug bug", "cookie crumbs", "animal hair", "place", "toys", "kitty litter", "mites", "penny", "persia", "dirst", "crumb", "patter", "sleeping kitte", "hair", "flea", "lint", "dog poo", "newspaper", "fuzz", "dirt tracked in from outside", "front of door", "people walking", "dust mites", "dust", "mud", "bug", "crumbs", "dining room table", "mess made by dog", "at feet", "cat vomit", "living room", "coffe table", "bedroom", "people", "doggie doo", "disease", "shoes", "bed", "baby"], [], [], [], [], [], [], [], [], [], [], [], [], [], [], [], [], [], [], [], [], [], [], [], [], [], [], [], [], [], [], [], [], [], [], [], [], [], [], [], [], [], [], [], [], [], [], [], [], [], [], [], [], [], [], [], [], [], [], [], [], [], [], []], "/r/HasProperty": [[], [], [], ["liquid", "essential to all life", "transparent", "blue", "find underground", "good to drink", "seventy percent of earth's surface", "essential to human life", "dangerous", "find underwater", "important", "essential for life on planet", "colorless", "essential for life on earth", "essential for life", "heated for baths"], ["different than single cries"], [], [], [], [], [], [], [], [], [], [], [], [], [], [], [], [], [], [], [], [], [], [], [], [], [], [], [], [], [], [], [], [], [], [], [], [], [], [], [], [], [], [], [], [], [], [], [], [], [], [], [], [], [], [], [], [], [], [], [], [], [], [], [], [], [], []], "/r/CreatedBy": [[], [], [], [], [], [], [], [], [], [], [], [], [], [], [], [], [], [], [], [], [], [], [], [], [], [], [], [], [], [], [], [], [], [], [], [], [], [], [], [], [], [], [], [], [], [], [], [], [], [], [], [], [], [], [], [], [], [], [], [], [], [], [], [], [], [], [], [], [], [], []], "/r/Synonym": [["v cognitioneglect cognitio", "put do v contact", "fall attribute", "bead shape", "drop off contact", "pearl shape", "v motiosink motio", "v musicflatten music", "free fall attribute", "unload contact", "fall event", "dip attribute", "v bodydevolve body", " objectcliff object", "discharge contact", "v stativedangle stative", "knock off change", "drib quantity", "driblet quantity", "v contactdribble contact", " artifactdrop curtain artifact", "v contactfell contact", "v contactshed contact", "v socialdismiss social", "set do v contact", "v possessiospend possessio", "trapdoor", "scrub", "reject"], ["shout communication communicatio", "call communication communicatio", " communicatiowar cry communicatio", "v communicatioshout communicatio", "v communicatioexclaim communicatio", "outcry communication communicatio", "blazon out communication communicatio", "yell communication communicatio", "weep body", "vociferation communication communicatio", "vwhimper", "yell", "call out", "vweep"], [], ["irrigate change", " artifactwater system artifact", " substanceurine substance", " riverbody of water river", "hydric acid", "\u03bc oxido dihydroge"], ["a insistent ", "tears act", "weeping act", "a egregious ", "sobbing", ""], [" locatiocenter locatio", "optic body", "oculus body", "eyeball perception perceptio"], [], ["carpet artifact", "carpeting artifact", "carpet", "hairpiece", "dance", "toupee", "have sex", "toup\u00e9e"], [], [], ["manducate consumption consumptio", "manduction act", "masticate consumption consumptio", "chewing act", "quid food", "mastication act", "chaw food", "plug food", "wad food", "jaw consumption consumptio", "cud food", "champ", "vgrind", "vcontemplate", "vgnaw", "vbite", "ruminate", "gnaw"], ["alacrimia"], [], [], [], ["lachrymatory a "], ["a watery eyed ", "atear filled"], [], [], [], ["a lacerated ", "ripped"], [], ["a lachrymose "], [], ["a lacerated ", "maim"], ["v perceptiotickle perceptio", "v changepinch change"], [], [], [" groupwater company group", "plumbing"], [], [], [], [], ["rive contact", "rip contact", "pull contact", "rack", "disunite"], [], ["a perforate ", "open work", "fretted", "pierced work"], ["eye drop quantity", " acteye drop act"], [], ["lachrymation process", "watering process", "tearing process"], [], [], [], [], [], [], [], [" bodytear body", "tear"], [], [], ["lactotransferri", ""], [], [], ["coredialysis"], ["alacrima"], [], [" substancetear gas substance"], [], [], [], ["v contactheckle contact", "heckle", "panache"], [], [], [" attributedoggedness attribute", "cohesiveness", "adhesiveness", "doggedness", "tenaciousness"], ["v communicatiodeflate communicatio", "flat"], [], [], [], [], [], [], []], "/r/LocatedNear": [[], [], [], [], [], [], [], [], [], [], [], [], [], [], [], [], [], [], [], [], [], [], [], [], [], [], [], [], [], [], [], [], [], [], [], [], [], [], [], [], [], [], [], [], [], [], [], [], [], [], [], [], [], [], [], [], [], [], [], [], [], [], [], [], [], [], [], [], [], [], []], "/r/SimilarTo": [[], ["laugh"], [], [], [], [], [], [], [], [], [], [], [], [], [], [], [], [], [], [], ["divided a ", "a divided "], [], ["a snuffling ", "a weepy ", "a watery eyed ", "a misty eyed ", "swimming a ", "snuffling a ", "a swimming ", "watery eyed a ", "weepy a ", "misty eyed a "], [], [], [], [], [], [], [], [], [], [], [], [], ["a cut ", "cut a "], [], [], [], [], [], [], [], [], [], [], [], [], [], [], [], [], [], [], [], [], [], [], [], [], [], [], [], [], [], [], [], [], [], [], []], "/r/MadeOf": [[], [], [], ["ice", "ocea", "oxyge", "rai", "perso"], [], [], [], [], [], [], [], [], [], [], [], [], [], [], [], [], [], [], [], [], [], [], [], [], [], [], [], [], [], [], [], [], [], [], [], [], [], [], [], [], [], [], [], [], [], [], [], [], [], [], [], [], [], [], [], [], [], [], [], [], [], [], [], [], [], [], []], "/r/ReceivesAction": [[], [], [], ["boiled", "composed of hydrogen and oxyge", "found in ocea", "froze", "polluted", "found in shower", "poured", "found in well", "boiled in kelltle", "found in food", "used as source of energy", "found in aquarium"], ["accompanied by tears"], [], [], ["found in hospital", "found in hotel", "found in white house", "placed on floor", "found in rug shoppe", "found in persia", "found in hote", "found in house", "found in motel", "found in office"], [], [], [], [], [], [], [], [], [], [], [], [], ["paper"], [], [], [], [], [], [], [], [], [], [], [], [], [], [], [], [], [], [], [], [], [], [], [], [], [], [], [], [], [], [], [], [], [], [], [], [], [], [], [], [], [], [], ["repaired"], [], [], [], [], [], [], []]}, "/r/UsedFor": {}, "/r/LocatedAt": {}, "/r/FormOf": {"/r/RelatedTo": [["cry", "viscous", "streak", "glass", "inside", "swirl", "lachrymatory", "vwiktfr 2tear", "rheum", "vale of tears", "lachrymary", "lachrymose", "taste", "wine", "drop", "onio", "sob", "sweat", "blood", "eye", "handkerchief"], [], [], ["tattered", "raggedy", "disinserted", "coulomb explosion", "vtear", "tear sheet", "capsulorrhaphy", "ripped", "riven", "divellicated", "shabby", "untorn", "lacerate", "wound"], ["vtear", "tore"]], "/r/UsedFor": [["seeing favorite show"], [], [], [], []], "/r/LocatedAt": [[], [], [], [], []], "/r/FormOf": [["tear", "vtear"], ["vtear"], ["vtear"], ["vtear"], ["vtear"]], "/r/IsA": [["mostly water and salt"], [], [], [], []], "/r/PartOf": [[], [], [], [], []], "/r/HasA": [["person crying", "salt i"], [], [], [], []], "/r/CapableOf": [["crying for joy", "streaming do ", "streaming down face", "stream down crying person's face"], [], [], [], []], "/r/AtLocation": [["water"], [], [], [], []], "/r/HasProperty": [["wet", "salty"], [], [], [], []], "/r/CreatedBy": [[], [], [], [], []], "/r/Synonym": [[" actcrying act", ""], [], [], ["a lacerated ", "ripped"], []], "/r/LocatedNear": [[], [], [], [], []], "/r/SimilarTo": [[], [], [], ["divided a ", "a divided "], []], "/r/MadeOf": [[], [], [], [], []], "/r/ReceivesAction": [[], [], [], ["paper"], []]}, "/r/IsA": {"/r/RelatedTo": [[], [], [], []], "/r/UsedFor": [[], [], [], []], "/r/LocatedAt": [[], [], [], []], "/r/FormOf": [[], [], [], []], "/r/IsA": [[], [], [], []], "/r/PartOf": [[], [], [], []], "/r/HasA": [[], [], [], []], "/r/CapableOf": [[], [], [], []], "/r/AtLocation": [[], [], [], []], "/r/HasProperty": [[], [], [], []], "/r/CreatedBy": [[], [], [], []], "/r/Synonym": [[], [], [], []], "/r/LocatedNear": [[], [], [], []], "/r/SimilarTo": [[], [], [], []], "/r/MadeOf": [[], [], [], []], "/r/ReceivesAction": [[], [], [], []]}, "/r/PartOf": {"/r/RelatedTo": [[]], "/r/UsedFor": [[]], "/r/LocatedAt": [[]], "/r/FormOf": [[]], "/r/IsA": [[]], "/r/PartOf": [[]], "/r/HasA": [[]], "/r/CapableOf": [[]], "/r/AtLocation": [[]], "/r/HasProperty": [[]], "/r/CreatedBy": [[]], "/r/Synonym": [[]], "/r/LocatedNear": [[]], "/r/SimilarTo": [[]], "/r/MadeOf": [[]], "/r/ReceivesAction": [[]]}, "/r/HasA": {}, "/r/CapableOf": {}, "/r/AtLocation": {}, "/r/HasProperty": {}, "/r/CreatedBy": {}, "/r/Synonym": {"/r/RelatedTo": [[], [], [], ["yeplyr", "missing link", "jump spark", "multigapped", "spackle", "gapping", "leaf gap", "library sort", "muset", "lacunate", "gappiness", "gappy", "gaplike", "supercontig", "porous", "kirkwood gap", "chasmed", "subgap", "mind gap", "breach", "minigap", "planetary ring", "multigap", "photon tunnelling", "discontinuity", "electric arc", "lacuna", "zone of rarity", "chasm", "intragap", "nanogap", "feeler gauge", "terrace", "voidage", "gape", "unconformity", "airgap", "gapped", "hiatus", "look through", "separation", "gaplessness", "kuiper cliff", "microgap", "romeo and juliet law", "gap year", "gaps", "gangboard", "diastasis recti", "bridge gap", "diastema", "nanofocusing", "clearance", "filler", "linespace", "gapful", "draught excluder", "stand in gap", "gap toothed", "viewshaft", "space", "gapless", "crevasse", "buffer", "midgap", "holiday", "expanse", "spa", "break", "divide", "pass", "across", "distance"], [], [], [], [], [], [], [], [], []], "/r/UsedFor": [[], [], [], [], [], [], [], [], [], [], [], [], []], "/r/LocatedAt": [[], [], [], [], [], [], [], [], [], [], [], [], []], "/r/FormOf": [[], [], [], ["gapping", "gaps", "gapped"], [], [], [], [], [], [], [], [], []], "/r/IsA": [[], [], [], [" attributedisparity attribute", "lacuna artifact", " communicatiodispute communicatio", "spark gap artifact", " artifactopening artifact", "generation gap communication communicatio", "opencycgap in path artifactphysical", "member of underwaters gapsopencycgap topographical", "opencycgap topographicalcrevice in earth", "prime gap", "opencycgap topographicalland topographical feature", "space betwee", "cleftopencycgap topographical", "opencycgap topographicalnatural thing", "wpcomputer algebra systemsoftware"], [], [], [], [], [], [], [], [], []], "/r/PartOf": [[], [], [], [], [], [], [], [], [], [], [], [], []], "/r/HasA": [[], [], [], [], [], [], [], [], [], [], [], [], []], "/r/CapableOf": [[], [], [], [], [], [], [], [], [], [], [], [], []], "/r/AtLocation": [[], [], [], ["jeans", "fitting room"], [], [], [], [], [], [], [], [], []], "/r/HasProperty": [[], [], [], [], [], [], [], [], [], [], [], [], []], "/r/CreatedBy": [[], [], [], [], [], [], [], [], [], [], [], [], []], "/r/Synonym": [[], [], [], ["breach contact", " actbreak act", "crack artifact", "rip", " objectcol object", "tear", "spread attribute", " objectopening object", "opening", "divide", "vbreach", "space", "col", "break", "wikten 1break", "lacuna", "split", "band gap", "hole", "alleywikten 1", "window", "chasm", "fissure", "breach", "rift", "neck", "wpcomputer algebra systemwpcomputer system"], [], [], [], [], [], [], [], [], []], "/r/LocatedNear": [[], [], [], [], [], [], [], [], [], [], [], [], []], "/r/SimilarTo": [[], [], [], [], [], [], [], [], [], [], [], [], []], "/r/MadeOf": [[], [], [], [], [], [], [], [], [], [], [], [], []], "/r/ReceivesAction": [[], [], [], [], [], [], [], [], [], [], [], [], []]}, "/r/LocatedNear": {}, "/r/SimilarTo": {}, "/r/MadeOf": {}, "/r/ReceivesAction": {}}}, "": {"N1": {"/r/RelatedTo": ["windowdoor", "worklabor", "butchermeat", "gallomeasure", "woundgash", "punishmentcrime and", "chickelaying", "thricerthree", "informed educated ", "closed obstructed ", "transpondianrightpondia", "mystifymystery", "audiovisualsaudiovisual"], "/r/UsedFor": ["flash artifactlight physics", "string bassplaying music"], "/r/LocatedAt": [], "/r/FormOf": ["air burstsair burst", "pot belliespot belly", "cross sectionscross sectio"], "/r/IsA": ["suburb locatioresidential district locatio", "western skink animalskink animal", "inertial mass physicsmass attribute", "leading man persoactor perso", "occasion timetime time", "tree toad animalfrog animal", "petaurista animalmammal genus animal", "torch singer persosinger perso", "drop arch artifactpointed artifact", "rottenstone substancelimestone substance", "scorpionfish animalscorpaenid animal", "temporary hookup artifactconnection artifact", "acrylic fiber substanceman made substance", "dependence statestate ", "overhand pitch actpitch baseball", "american spikenard plantsubshrub plant", "hedonist persosensualist perso", "homecoming actreunion act", "aldrovanda plantdicot genus plant", "ambystomatidae animalamphibian family animal", "assist ice hockeymaneuver act", "tithe barn artifactbarn artifact", "hypsometer artifactaltimeter artifact", "papyrus communicatiodocument communicatio", "cacodyl substancegroup chemistry", "penance actsacrament act", "rule of evidence lawrule communicatio", "usherette persousher perso", "hooks bodyhand body", "bilabial communicatiolabial consonant communicatio", "kurdish communicatioiranian communicatio", "theism cognitioreligion cognitio", "aristocrat persoleader perso", "bundesbank groupcentral bank group", "skirtform of female attire", "yardarm artifactend locatio", "supreme court lawfederal group"], "/r/PartOf": ["satachristian myth", "old testament communicatiobible communicatio", "styloid process bodytemporal bone body", "voider artifactbody armor artifact", "tower of london artifactlondon locatio"], "/r/HasA": ["baywater"], "/r/CapableOf": ["blanketscover bed", "chefbone chicke", "authorswrite books"], "/r/AtLocation": ["windowhouse", "dustcarpet", "action figuretoy department", "barbershopmall", "mouselab maze"], "/r/HasProperty": [], "/r/CreatedBy": [], "/r/Synonym": ["hawaiian honeycreeper animalhoneycreeper animal", "thing cognitiomatter cognitio", "dprk locationorth korea locatio", "gas tight air ", "get into possessioget in possessio", "west persocicily isabel fairfield perso", "sapindus drumondii plantwild china tree plant", "abls communicatiobachelor of arts in library science communicatio", "homburg artifactfedora artifact", "choking coil artifactchoke artifact", "sewerage artifactsewer artifact", "fish bowl stategoldfish state", "caddy golfcaddie golf", "moray eel animalmoray animal", "family zygnemataceae animalzygnemataceae animal", "severity attributeaustereness attribute", "hors d oeuvre foodhors food", "chukka artifactchukka boot artifact", "immunise competitioimmunize competitio", "kindling pointautoignition temperature", "corruptlyr corruptedlyr ", "lazy faineant ", "copernicia prunifera plantcarnauba plant", "log z's bodysleep body", "sworn pledged ", "palestine authority grouppalestine national group", "polyodon spathula animalpaddlefish animal", "linnaea borealis americana plantamerican twinflower plant", "stylise artstylize art", "thank youthank you very much", "infirm decrepit ", "uriniferous tubule bodynephron body", "passing actpassage act", "rio nunez coffee plantrobusta plant", "experimentation cognitioexperiment cognitio", "powerful knock do a ", "lichgate artifactlychgate artifact", "take advantage socialtrespass social", "pyrethrum plantpainted daisy plant", "take turns changealternate change", "water level locatiowaterline locatio", "fuddle stateclutter state", "insisting communicatioinsistence communicatio", "vibrate perceptioresonate perceptio", "viridity attributegreen attribute", "yarn dye changeimpress change", "balaenoptera borealis animalsei whale animal", "electron orbit locatioorbit locatio", "lillie persobeatrice perso"], "/r/LocatedNear": [], "/r/SimilarTo": ["large leafed leafy ", "captious critical ", "exaggerated increased ", "effective militaryoperational military", "tasty winey ", "fast breaking news article", "second rate inferior ", "disputatious argumentative ", "private nonpublic ", "coated glazed ", "free clear "], "/r/MadeOf": [], "/r/ReceivesAction": []}, "N2": {}}}