{"tilt": {"N1": {"/r/RelatedTo": ["uptilt", "tip up", "vwikten 1tilt hammer", "kinematic envelope", "slant", "tippiness", "down's syndrome", "quintain", "mushroom hat", "lateropulsion", "listinglyr", "tiltest", "shearing", "tilter", "on keel", "laterocollis", "down syndrome", "asynclitism", "joust", "tilt yard", "reclinable", "dutch angle", "wikten 1tilt hammer", "tilteth", "cockwikten 1", "camera move", "retilt", "antitilt", "tiltable", "contact level", "waddle", "tippable", "wikten 1joust", "inclinable", "cheval glass", "rlance", "keak", "angledozer", "segway", "dumpcart", "cronel", "heel over", "lance", "obliquity", "hopper", "inclination", "tilts", "shear steel", "wikten 2canvas", "tilting", "electroclinic", "careen", "anterocollis", "cockbill", "off keel", "venetian blind", "downtilt", "teldwikten 2", "roadholding", "tumbler tank", "dutch tilt", "askewr", "retrocollis", "untilted", "tilted", "slope"], "/r/UsedFor": [], "/r/LocatedAt": [], "/r/FormOf": ["tilts", "tilted", "tilting", "tiltest", "tilteth"], "/r/IsA": [" attributeposition attribute", " cognitiopartiality cognitio"], "/r/PartOf": [], "/r/HasA": [], "/r/CapableOf": [], "/r/AtLocation": [], "/r/HasProperty": [], "/r/CreatedBy": [], "/r/Synonym": ["lean attribute", " actrock act", "list attribute", "leaning attribute", " communicatiocontroversy communicatio", "v motiolean motio", "v motiocant motio", "inclination attribute", "v motiocareen motio", " eventjoust event", "vwikten 1incline", "joust", "slant", "vwikten 1slant"], "/r/LocatedNear": [], "/r/SimilarTo": [], "/r/MadeOf": [], "/r/ReceivesAction": []}, "N2": {"/r/RelatedTo": {"/r/RelatedTo": [["vupward", "tilt", "upward", "vtilt"], [], [], [], ["slope", "inclinatio", "being", "container", "reslant", "backhandedness", "aslantr", "italic", "slanteth", "text", "committed", "glance", "strike", "inclination", "oblique", "medium", "angle", "line", "biased", "shallow", "heading", "look", "pronunciatio", "use", "movement", "bias", "course", "sloping", "go", "slantest", "vincline", "somewhere", "incline", "settlement", "area", "spin", "vslent", "transport", "seam", "surface", "diagonally", "slent", "slants", "opportunity", "dip", "hold", "its", "paintbrush", "crime", "slanted", "coal", "weight", "watercolor", "point of view", "scouter", "set off", "vskew", "purpose", "vbias", "vlea", "pa", "major", "bear", "apprehend", "drive", "vtilt", "culture", "particularly", "antimongoloid", "other", "upslanting", "bottom", "ru", "vaslant", "loot", "lea", "view"], ["tilt", "tippy", "tip"], [], ["target", "post", "tilt", "quintile", "plank", "joust", "target practice", "quintuplicate"], [], ["tendency", "tilt", "sideways", "retropulsio", "involuntarily", "move"], [], ["vtilt"], ["shear hog", "tilt", "cataclastic", "shearling", "vshear", "shear steel", "nonshearing", "vertical", "reap", "hydroshearing", "sheep"], ["tilters", "joust", "tilt", "tilt hammer", "fight"], [], ["torticollis", "tilt", "head"], [], ["uterus", "asynclitic", "baby", "head", "tilt", "birth canal", "shoulder"], ["career", "tilt barrier", "morne", "men at arms", "knight", "jousting", "vtilt", "jousts", "volant piece", "voral sex", "lance", "tilt", "vsparring", "jousted", "vknight", "match", "vpenis", "vlists", "spear", "tilter", "quintain"], [], ["arecline", "atilt"], [], [], ["vtilt"], [], [], ["vtilt"], ["atilt"], ["tiltability", "atilt"], [], ["waddling", "waddleth", "waddler", "vwalk", "waddled", "squat", "waggle", "waddles", "waddlinglyr", "waddly", "vbody", "vtilt", "vstep", "gait", "swaying", "waddlest", "vside", "hoddle", "walk"], ["nontippable", "atip", "untippable", "atilt"], [], ["inclinableness", "aincline", "inclination", "atilt"], [], [], ["vjerk", "vcackle", "vlaugh", "vtilt"], ["blade", "tilt", "bulldozer"], ["balance", "gyroscope", "axle", "sensor", "wheel", "vehicle", "tilt"], ["two wheeled", "tilt", "cart", "empty"], ["tilt", "spear", "head", "coronel", "iro"], [], ["vlancet", "rod", "mold", "impact", "fill", "xyston", "morne", "steel", "atgar", "jousting", "iro", "combustible", "brog", "pike", "harpoo", "arm", "pavon", "lancet", "uhlan", "passegarde", "horseme", "armour", "opposing", "lancer", "compositio", "woode", "war", "cast", "lanceless", "figure", "heavy cavalry", "vthrow", "blade", "unlanced", "home", "vlanch", "lanceolate", "javeli", "lancelike", "ordnance", "mark", "core", "lancelot", "spear", "instrument", "demilance", "whaler", "convey", "soldier", "joust", "paper", "elance", "lancinate", "weapo", "charge", "case", "tilt", "pennon", "vpierce", "vmanner", "consist", "hollow", "glaive", "lancepesade", "tiltr", "knight", "force", "lanciform", "shaft", "lancely", "head", "desig", "vope", "fisherme", "handle", "suspend", "shatter", "outline", "ahlspiess", "shell"], ["tilt", "oblique", "thwartness", "immorality", "horizontal", "obliquities", "euphemism", "obliquation", "vertical", "obscure", "deobliquing", "axial", "straight out", "milankovitch cycle"], ["hoppers", "leafhopper", "grasshopper", "cheese fly", "sri lanka", "fairy chess", "hopper wagon", "locust", "fishing", "hopper car", "rathole", "hopperings", "ratholing", "palm", "immature", "lure", "rice", "yeast", "ferment", "vertically", "window", "hinge", "batter", "food", "larva", "flour", "tilt", "stacker", "drainpipe", "funnel", "hop", "toddy", "coconut milk", "baseburner", "toilet", "squirrel"], ["slope", "incline", "isoclinal", "erotomania", "half mind", "minded", "inclining", "slant", "opiophilia", "sticky fingers", "free will", "vocation", "penchant", "killer instinct", "gradient", "inclinometer", "bias", "intersectio", "inclinable", "ascent", "angle", "sideling", "hankering", "clivity", "clinometry", "feel up to", "inclined plane", "plane", "ability", "tilt", "proneness", "mindfulness", "proclination", "belligerence", "proclivity", "nauropometer", "escapism", "inkling", "addiction", "kuiper belt object", "molniya orbit", "aclinic", "monoclinal", "weathering", "disposition", "notion", "dextrorse", "inclinableness", "disincline", "affection", "reference", "hyperinclination", "bend", "secretive", "twist", "tendency", "inclinational", "hyperphilia", "orientation", "retroclination"], ["vtilt", "tilt"], [], [], ["vtilt", "tilt hammer", "ductile", "akernel", "asummand", "forge", "afinite", "carousel", "cotilting", "atiltr", "aprojective", "amodule", "asubmodule", "asurjective", "overtilting", "pendolino", "amorphism", "blister steel", "tilt", "aquotient", "asum"], ["amolecule", "atilt", "achiral", "aorientatio", "aliquid crystal"], ["vship", "careening", "vheave", "vlurch", "careens", "vwater line", "vsway", "vclea", "vlea", "careenage", "vtilt", "careener", "vweed", "vbarnacle", "vrepair"], ["torticollis", "tilt", "head", "retrocollis", "forward"], ["vtilt", "vcathead", "vvertical", "vacockbill"], [], [], ["tilt", "downward"], [], ["tilt", "grip", "skid", "stable", "motor vehicle", "surface"], [], [], [], ["tilt", "backward", "torticollis", "anterocollis", "head"], ["atilt"], ["tilt hammer", "tilty", "retroverted", "rampant", "vtilt", "slope", "slide"], ["hill", "incline", "ski", "mountai", "angle", "skiing", "slant", "do ", "downhill", "gradient", "side", "downward", "hillside", "slippery", "ski hill", "inclinatio", "slanted", "ru", "surface", "steep", "angled", "rise", "mountain side", "inclined", "mountains", "math", "hills", "rise ru", "decline", "place", "ramp", "hill side", "area", "grade", "plane", "going", "ski incline", "uphill", "down hill", "small", "downwards", "ski area", "diagonal", "slopest", "bunny slope", "anhedral", "step flashing", "gravity hill", "paleoslope", "clivus", "nick point", "counterscarp", "horizontal", "graviturbation", "hillwash", "mansard", "berm", "undefined", "ski run", "interslope", "bajada", "cathedral ceiling", "fascia", "rollway", "brae", "vertical", "camber", "photoclinometry", "derivative", "counterslope", "clinal", "slopeth", "mansard roof", "clino", "difference quotient", "cockpit", "sloping", "downhillr", "slopeness", "backslope", "plong\u00e9e", "inclination", "dihedral", "upgrade", "slopy", "rejuvenated", "calade", "covered way", "escarp", "points", "slopes", "span roof", "postslope", "clinic", "hachure", "drop off", "isocline", "ratio", "knickpoint", "cuesta", "declinal", "acclinate", "fastback", "versant", "acclivous", "hill climb", "pitched", "clinometer", "architectural panel", "midslope", "bathmophobia", "upgang", "sloped", "slopelike", "subderivative", "isoclinic", "cambering", "uphillr", "declivity", "foreslope", "toboggan slide", "declivitous", "upslope", "cline", "epicline", "run", "shelve", "mountainside", "vsurreptitiously", "high marking", "rutschblock", "loft", "slopinglyr", "shelfbreak", "slopewash", "traverse", "hard", "ascend", "sidehill", "landslip", "ground", "term", "for skiing", "skiing place", "line", "inclined plane", "ski do ", "hill incline", "land", "downward angle", "areas", "ski areas", "snow", "skiers", "ski place", "elevatio", "math term", "angled surface", "like", "mountain incline", "small hill", "going do ", "downward hill", "steepness", "incline decline", "ski o", "skiing do ", "gradual", "road", "ski slant", "downward incline", "ski resorts", "resorts", "terrai", "ski angle", "steep grade", "leaning", "course", "hill angle", "slanting", "ski mountai", "skiing area", "skiing hill", "mountain slant", "angular", "on hill", "up", "geometry", "ski ru", "side mountai", "steep angle", "snowboarding", "ski surface", "slippery incline", "hill mountai", "mountain do ", "slippery hill", "slide", "skiing incline", "slanted hill", "decent", "flat", "like hill", "wedge", "mountain hill", "slippery thing", "triangle", "trail", "going downhill", "angles", "upward", "upward incline", "angled hillside", "form", "land form", "up hill", "lea", "skying", "inclined land", "resort", "on mountains", "gradual elevatio", "bump", "snowboarding do ", "hill slant", "downhill incline", "mountain angle", "rate", "mound", "angled ground", "like downhill", "math line", "grass", "uphill angle", "in alps", "alps", "sledding", "slanted terrai", "concept", "slanted ground", "dirt", "dip", "fall", "descents", "hills descents", "steep incline", "slanted plane", "leaning surface", "with es", "es", "height", "height difference", "difference", "at skiing", "y", "intercept", "y intercept", "ski ramp", "slippery slant", "climbing", "hill climbing", "downwards hill", "in hills", "going downwards", "on hills", "glide", "flat mountainside", "linear", "linear math", "skiing o", "downward decline", "inclined hill", "tangent", "geometry term", "on mountai", "graded", "gradual decline", "graded hill", "skiing downhill", "hill do ", "ski necessity", "necessity", "downhill angle", "angular surface", "i will", "will", "hillside incline", "ski lift", "skiing trail", "lift", "incline skiing", "slanting ground", "path", "downhill slant", "side hill", "ski path", "small incline", "slanted hillside", "uphill slant", "slants do ", "slants", "hillside slant", "ladder", "steep road", "landscape", "landscape slant", "inclined terrai", "graphs"]], "/r/UsedFor": [[], [], [], [], [], [], [], [], [], [], [], [], ["sheep"], [], [], [], [], [], [], [], [], [], [], [], [], [], [], [], [], [], [], [], [], [], [], [], [], [], ["transportatio"], [], [], [], [], [], [], [], [], [], [], [], [], [], [], [], [], [], [], [], [], [], [], [], [], [], [], []], "/r/LocatedAt": [[], [], [], [], [], [], [], [], [], [], [], [], [], [], [], [], [], [], [], [], [], [], [], [], [], [], [], [], [], [], [], [], [], [], [], [], [], [], [], [], [], [], [], [], [], [], [], [], [], [], [], [], [], [], [], [], [], [], [], [], [], [], [], [], [], []], "/r/FormOf": [["uptilts", "uptilting", "uptilted"], [], [], [], ["slants", "slanted", "slanting"], [], [], ["quintin", "quintains"], [], ["lateropulsions"], [], ["vtilt"], ["shearling", "shearings", "shear", "vshear"], ["tilters"], [], [], [], [], ["jousting", "jousts", "jousteth", "jousted"], [], ["reclineable"], [], [], ["vtilt"], [], [], ["retilts", "retilted", "retilting"], [], [], [], ["waddles", "waddled", "waddling"], [], [], [], [], [], [], ["angledozers"], ["segwayed", "segways", "segwaying"], ["dump cart", "dumpcarts"], ["cronels"], [], ["lancing", "lances", "lanceth", "lanced"], ["obliquities"], ["hoppers"], ["inclinations"], ["tilt", "vtilt"], [], [], ["tiltings", "vtilt", "tilt"], [], ["careened", "careens", "careening"], [], ["cockbilling", "cockbilled", "cockbills"], [], [], [], [], [], [], [], [], [], [], ["tilt", "vtilt"], ["slopes", "slopeth", "sloped", "sloping"]], "/r/IsA": [[], [], [], [], [" cognitiopoint of view cognitio"], [], [], [], [], [], [], [], ["sheepshearing act", " actcut act"], [" persorival perso", " artifactdevice artifact"], [], [], [], [" stateabnormality state"], [" eventstruggle act"], [], [], [], [], [], [], [], [], [], [], [], [" actgait act", "gait"], [], [], [], [], [], [], [" artifactbulldozer artifact"], ["segway e series", "single passenger vehicle", "wheeled vehicle", "battery powered device", "mountable transporter device", "segway series"], ["tumbrel artifact", " artifactcart artifact"], [], [], [], [], [" artifactreceptacle artifact", " persobounder perso", "storage device", "wpspacecraftspace shuttle"], ["partiality cognition cognitio", "bob act", "perseveration cognition cognitio", "devices cognition cognitio", "call cognition cognitio", "drift cognition cognitio", "favor cognition cognitio", "nod act", " feelingliking feeling", "favoritism cognition cognitio", "impartiality cognition cognitio", "direction cognition cognitio", " geometryangle shape", " astronomyangle shape", "stoop act", "bent cognition cognitio", "disfavor cognition cognitio", "literalism cognition cognitio", "sympathy cognition cognitio", " actmotion act", "denominationalism cognition cognitio", "stomach feeling", "proclivity cognition cognitio", "undertow feeling", "predisposition cognition cognitio", "leaning feeling", " cognitioattitude cognitio"], [], [], [], [], [], [], [], [], [], [], [], [], [], [], [], [], [], [], [], ["hillside object", " objectgeological formation geology", "piedmont object", "coast object", "descent object", "escarpment object", "bank object", "ascent object", "canyonside object", "ski slope object", "mountainside object", "slope very low gradientopencycslope topographical", "escarpmentopencycslope topographical", "member of underwaters slopesopencycslope topographical", "slope low gradientopencycslope topographical", "opencycslope topographicalland topographical feature", "slope high gradientopencycslope topographical", "vertical slopeopencycslope topographical", "steep slopeopencycslope topographical", "slope moderately high gradientopencycslope topographical", "geological basinopencycslope topographical", "hillsideopencycslope topographical", "slope moderate gradientopencycslope topographical", "slope very high gradientopencycslope topographical", "ski slopeopencycslope topographical", "apron topographicalopencycslope topographical"]], "/r/PartOf": [[], [], [], [], [], [], [], [], [], [], [], [], [], [], [], [], [], [" stateparturiency state"], [" eventtournament event"], [], [], [], [], [], [], [], [], [], [], [], [], [], [], [], [], [], [], [], [], [], [], [], [], [], [], [], [], [], [], [], [], [], [], [], [], [], [], [], [], [], [], [], [], [], [], [" objectnatural elevation object"]], "/r/HasA": [[], [], [], [], [], [], [], [], [], [], [], [], [], [], [], [], [], [], [], [], [], [], [], [], [], [], [], [], [], [], [], [], [], [], [], [], [], [], [], [], [], [], [], [], [], [], [], [], [], [], [], [], [], [], [], [], [], [], [], [], [], [], [], [], [], []], "/r/CapableOf": [[], [], [], [], [], [], [], [], [], [], [], [], [], [], [], [], [], [], [], [], [], [], [], [], [], [], [], [], [], [], [], [], [], [], [], [], [], [], [], [], [], [], [], [], [], [], [], [], [], [], [], [], [], [], [], [], [], [], [], [], [], [], [], [], [], []], "/r/AtLocation": [[], [], [], [], [], [], [], [], [], [], [], [], [], [], [], [], [], [], [], [], [], [], [], [], [], [], [], [], [], [], [], [], [], [], [], [], [], [], [], [], [], [], [], [], [], [], [], [], [], [], [], [], [], [], [], [], [], [], [], [], [], [], [], [], [], []], "/r/HasProperty": [[], [], [], [], [], [], [], [], [], [], [], [], [], [], [], [], [], [], [], [], [], [], [], [], [], [], [], [], [], [], [], [], [], [], [], [], [], [], [], [], [], [], [], [], [], [], [], [], [], [], [], [], [], [], [], [], [], [], [], [], [], [], [], [], [], []], "/r/CreatedBy": [[], [], [], [], [], [], [], [], [], [], [], [], [], [], [], [], [], [], [], [], [], [], [], [], [], [], [], [], [], [], [], [], [], [], [], [], [], [], [], [], [], [], [], [], [], [], [], [], [], [], [], [], [], [], [], [], [], [], [], [], [], [], [], [], [], []], "/r/Synonym": [[], [], [], [], ["v motiolean motio", "v motiocant motio", " attributepitch attribute", "angle cognition cognitio", "weight cognition cognitio", "slash", "tilt", "virgule"], [], [], [], [], [], [], [], [], [], [], [], [], ["obliquity state"], ["tilt event", "tilt"], [], [], [], [], [], [], [], [], [], ["inclinable"], [], ["v motiotoddle motio", "totter"], [], [], ["atiltable"], [], [], [], [], [], [], [], [], [" artifactlancet artifact", " artifactspear artifact", "knife"], [" attributedeceptiveness attribute", " stateasynclitism state", "axial tilt"], [" baseballgrounder baseball", " artifacthop picker artifact", " animalgrasshopper animal", "leaf hopper", "grasshopper", "wpspacecraftwpspacecraft"], [" attributetendency attribute", " physicsdip physics", "tendency cognition cognitio", "disposition cognition cognitio", "inclination of orbit astronomy", "angle of inclination geometry", " attributetilt attribute", "inclining act", "penchant", "heart", "tendency", "impulse", "preference", "addiction", "bent", "incline"], [], [], [], [], [], ["shift motion motio", "v motiostagger motio", "wobble motion motio", " actrock act", "tilt motion motio", "vheel"], [], [], [], [], [], [], [], [], [], [], [], [], ["a canted "], [" attributegradient attribute", "gradient", "incline motion motio", "side object", "incline object", "pitch motion motio", "declension", "first derivative", "incline", "decline", "chinama", "bank"]], "/r/LocatedNear": [[], [], [], [], [], [], [], [], [], [], [], [], [], [], [], [], [], [], [], [], [], [], [], [], [], [], [], [], [], [], [], [], [], [], [], [], [], [], [], [], [], [], [], [], [], [], [], [], [], [], [], [], [], [], [], [], [], [], [], [], [], [], [], [], [], []], "/r/SimilarTo": [[], [], [], [], [], [], [], [], [], [], [], [], [], [], [], [], [], [], [], [], [], [], [], [], [], [], [], [], [], [], [], [], [], [], [], [], [], [], [], [], [], [], [], [], [], [], [], [], [], [], [], [], [], [], [], [], [], [], [], [], [], [], [], [], [], []], "/r/MadeOf": [[], [], [], [], [], [], [], [], [], [], [], [], [], [], [], [], [], [], [], [], [], [], [], [], [], [], [], [], [], [], [], [], [], [], [], [], [], [], [], [], [], [], [], [], [], [], [], [], [], [], [], [], [], [], [], [], [], [], [], [], [], [], [], [], [], []], "/r/ReceivesAction": [[], [], [], [], [], [], [], [], [], [], [], [], [], [], [], [], [], [], [], [], [], [], [], [], [], [], [], [], [], [], [], [], [], [], [], [], [], [], [], [], [], [], [], [], [], [], [], [], [], [], [], [], [], [], [], [], [], [], [], [], [], [], [], [], ["dartboard"], []]}, "/r/UsedFor": {}, "/r/LocatedAt": {}, "/r/FormOf": {"/r/RelatedTo": [["vtilt", "tilt"], ["tilt hammer", "tilty", "retroverted", "rampant", "vtilt", "slope", "slide"], ["vtilt", "tilt hammer", "ductile", "akernel", "asummand", "forge", "afinite", "carousel", "cotilting", "atiltr", "aprojective", "amodule", "asubmodule", "asurjective", "overtilting", "pendolino", "amorphism", "blister steel", "tilt", "aquotient", "asum"], ["vtilt"], ["vtilt"]], "/r/UsedFor": [[], [], [], [], []], "/r/LocatedAt": [[], [], [], [], []], "/r/FormOf": [["tilt", "vtilt"], ["tilt", "vtilt"], ["tiltings", "vtilt", "tilt"], ["vtilt"], ["vtilt"]], "/r/IsA": [[], [], [], [], []], "/r/PartOf": [[], [], [], [], []], "/r/HasA": [[], [], [], [], []], "/r/CapableOf": [[], [], [], [], []], "/r/AtLocation": [[], [], [], [], []], "/r/HasProperty": [[], [], [], [], []], "/r/CreatedBy": [[], [], [], [], []], "/r/Synonym": [[], ["a canted "], [], [], []], "/r/LocatedNear": [[], [], [], [], []], "/r/SimilarTo": [[], [], [], [], []], "/r/MadeOf": [[], [], [], [], []], "/r/ReceivesAction": [[], ["dartboard"], [], [], []]}, "/r/IsA": {"/r/RelatedTo": [[], []], "/r/UsedFor": [[], []], "/r/LocatedAt": [[], []], "/r/FormOf": [[], []], "/r/IsA": [[], []], "/r/PartOf": [[], []], "/r/HasA": [[], []], "/r/CapableOf": [[], []], "/r/AtLocation": [[], []], "/r/HasProperty": [[], []], "/r/CreatedBy": [[], []], "/r/Synonym": [[], []], "/r/LocatedNear": [[], []], "/r/SimilarTo": [[], []], "/r/MadeOf": [[], []], "/r/ReceivesAction": [[], []]}, "/r/PartOf": {}, "/r/HasA": {}, "/r/CapableOf": {}, "/r/AtLocation": {}, "/r/HasProperty": {}, "/r/CreatedBy": {}, "/r/Synonym": {"/r/RelatedTo": [[], [], [], [], [], [], [], [], [], [], [], ["career", "tilt barrier", "morne", "men at arms", "knight", "jousting", "vtilt", "jousts", "volant piece", "voral sex", "lance", "tilt", "vsparring", "jousted", "vknight", "match", "vpenis", "vlists", "spear", "tilter", "quintain"], ["slope", "inclinatio", "being", "container", "reslant", "backhandedness", "aslantr", "italic", "slanteth", "text", "committed", "glance", "strike", "inclination", "oblique", "medium", "angle", "line", "biased", "shallow", "heading", "look", "pronunciatio", "use", "movement", "bias", "course", "sloping", "go", "slantest", "vincline", "somewhere", "incline", "settlement", "area", "spin", "vslent", "transport", "seam", "surface", "diagonally", "slent", "slants", "opportunity", "dip", "hold", "its", "paintbrush", "crime", "slanted", "coal", "weight", "watercolor", "point of view", "scouter", "set off", "vskew", "purpose", "vbias", "vlea", "pa", "major", "bear", "apprehend", "drive", "vtilt", "culture", "particularly", "antimongoloid", "other", "upslanting", "bottom", "ru", "vaslant", "loot", "lea", "view"], []], "/r/UsedFor": [[], [], [], [], [], [], [], [], [], [], [], [], [], []], "/r/LocatedAt": [[], [], [], [], [], [], [], [], [], [], [], [], [], []], "/r/FormOf": [[], [], [], [], [], [], [], [], [], [], [], ["jousting", "jousts", "jousteth", "jousted"], ["slants", "slanted", "slanting"], []], "/r/IsA": [[], [], [], [], [], [], [], [], [], [], [], [" eventstruggle act"], [" cognitiopoint of view cognitio"], []], "/r/PartOf": [[], [], [], [], [], [], [], [], [], [], [], [" eventtournament event"], [], []], "/r/HasA": [[], [], [], [], [], [], [], [], [], [], [], [], [], []], "/r/CapableOf": [[], [], [], [], [], [], [], [], [], [], [], [], [], []], "/r/AtLocation": [[], [], [], [], [], [], [], [], [], [], [], [], [], []], "/r/HasProperty": [[], [], [], [], [], [], [], [], [], [], [], [], [], []], "/r/CreatedBy": [[], [], [], [], [], [], [], [], [], [], [], [], [], []], "/r/Synonym": [[], [], [], [], [], [], [], [], [], [], [], ["tilt event", "tilt"], ["v motiolean motio", "v motiocant motio", " attributepitch attribute", "angle cognition cognitio", "weight cognition cognitio", "slash", "tilt", "virgule"], []], "/r/LocatedNear": [[], [], [], [], [], [], [], [], [], [], [], [], [], []], "/r/SimilarTo": [[], [], [], [], [], [], [], [], [], [], [], [], [], []], "/r/MadeOf": [[], [], [], [], [], [], [], [], [], [], [], [], [], []], "/r/ReceivesAction": [[], [], [], [], [], [], [], [], [], [], [], [], [], []]}, "/r/LocatedNear": {}, "/r/SimilarTo": {}, "/r/MadeOf": {}, "/r/ReceivesAction": {}}}, "": {"N1": {"/r/RelatedTo": ["windowdoor", "worklabor", "butchermeat", "gallomeasure", "woundgash", "punishmentcrime and", "chickelaying", "thricerthree", "informed educated ", "closed obstructed ", "transpondianrightpondia", "mystifymystery", "audiovisualsaudiovisual"], "/r/UsedFor": ["flash artifactlight physics", "string bassplaying music"], "/r/LocatedAt": [], "/r/FormOf": ["air burstsair burst", "pot belliespot belly", "cross sectionscross sectio"], "/r/IsA": ["suburb locatioresidential district locatio", "western skink animalskink animal", "inertial mass physicsmass attribute", "leading man persoactor perso", "occasion timetime time", "tree toad animalfrog animal", "petaurista animalmammal genus animal", "torch singer persosinger perso", "drop arch artifactpointed artifact", "rottenstone substancelimestone substance", "scorpionfish animalscorpaenid animal", "temporary hookup artifactconnection artifact", "acrylic fiber substanceman made substance", "dependence statestate ", "overhand pitch actpitch baseball", "american spikenard plantsubshrub plant", "hedonist persosensualist perso", "homecoming actreunion act", "aldrovanda plantdicot genus plant", "ambystomatidae animalamphibian family animal", "assist ice hockeymaneuver act", "tithe barn artifactbarn artifact", "hypsometer artifactaltimeter artifact", "papyrus communicatiodocument communicatio", "cacodyl substancegroup chemistry", "penance actsacrament act", "rule of evidence lawrule communicatio", "usherette persousher perso", "hooks bodyhand body", "bilabial communicatiolabial consonant communicatio", "kurdish communicatioiranian communicatio", "theism cognitioreligion cognitio", "aristocrat persoleader perso", "bundesbank groupcentral bank group", "skirtform of female attire", "yardarm artifactend locatio", "supreme court lawfederal group"], "/r/PartOf": ["satachristian myth", "old testament communicatiobible communicatio", "styloid process bodytemporal bone body", "voider artifactbody armor artifact", "tower of london artifactlondon locatio"], "/r/HasA": ["baywater"], "/r/CapableOf": ["blanketscover bed", "chefbone chicke", "authorswrite books"], "/r/AtLocation": ["windowhouse", "dustcarpet", "action figuretoy department", "barbershopmall", "mouselab maze"], "/r/HasProperty": [], "/r/CreatedBy": [], "/r/Synonym": ["hawaiian honeycreeper animalhoneycreeper animal", "thing cognitiomatter cognitio", "dprk locationorth korea locatio", "gas tight air ", "get into possessioget in possessio", "west persocicily isabel fairfield perso", "sapindus drumondii plantwild china tree plant", "abls communicatiobachelor of arts in library science communicatio", "homburg artifactfedora artifact", "choking coil artifactchoke artifact", "sewerage artifactsewer artifact", "fish bowl stategoldfish state", "caddy golfcaddie golf", "moray eel animalmoray animal", "family zygnemataceae animalzygnemataceae animal", "severity attributeaustereness attribute", "hors d oeuvre foodhors food", "chukka artifactchukka boot artifact", "immunise competitioimmunize competitio", "kindling pointautoignition temperature", "corruptlyr corruptedlyr ", "lazy faineant ", "copernicia prunifera plantcarnauba plant", "log z's bodysleep body", "sworn pledged ", "palestine authority grouppalestine national group", "polyodon spathula animalpaddlefish animal", "linnaea borealis americana plantamerican twinflower plant", "stylise artstylize art", "thank youthank you very much", "infirm decrepit ", "uriniferous tubule bodynephron body", "passing actpassage act", "rio nunez coffee plantrobusta plant", "experimentation cognitioexperiment cognitio", "powerful knock do a ", "lichgate artifactlychgate artifact", "take advantage socialtrespass social", "pyrethrum plantpainted daisy plant", "take turns changealternate change", "water level locatiowaterline locatio", "fuddle stateclutter state", "insisting communicatioinsistence communicatio", "vibrate perceptioresonate perceptio", "viridity attributegreen attribute", "yarn dye changeimpress change", "balaenoptera borealis animalsei whale animal", "electron orbit locatioorbit locatio", "lillie persobeatrice perso"], "/r/LocatedNear": [], "/r/SimilarTo": ["large leafed leafy ", "captious critical ", "exaggerated increased ", "effective militaryoperational military", "tasty winey ", "fast breaking news article", "second rate inferior ", "disputatious argumentative ", "private nonpublic ", "coated glazed ", "free clear "], "/r/MadeOf": [], "/r/ReceivesAction": []}, "N2": {}}}