{"touch": {"N1": {"/r/RelatedTo": ["sense", "feeling", "feel", "fingers", "finger", "contact", "hand", "sensatio", "rub", "hands", "senses", "actio", "tactile", "ski", "gentle", "physical", "five", "feeling sense", "five senses", "sensory", "finger sense", "use", "reach", "vwind", "touch football", "vmake", "untouchedlyr", "touchlines", "haptics", "astereognosis", "vscrofula", "tasto", "vspeech", "vellicate", "harsh", "nontouching", "vallude", "vleech", "penalty kick", "graphesthesia", "deflect", "vmeet", "vclose", "haphephobia", "seismonasty", "land mine", "counter", "thermoanesthesia", "multi touch", "lemniscal", "tactuallyr", "untouchable", "wall kick", "vconcer", "vstop", "vcontact", "betouch", "tender handed", "interosculate", "tender handedr", "mistouch", "taction", "tactilelyr", "audiotactile", "clearr", "pretouch", "vapproach", "vhands", "osculant", "prodwikten 1", "lip", "tactition", "vharm", "sentics", "atopognosia", "intactible", "brush", "intactable"], "/r/UsedFor": [], "/r/LocatedAt": [], "/r/FormOf": ["toucheth", "touching", "touched"], "/r/IsA": [" eventcontact event", " attributetactile property attribute", " cognitioadeptness cognitio", "brush event", "grazing act", "stroke act", " cognitioexteroception cognitio", "snuff quantity", " cognitioperception cognitio", "tag baseball act", "stroke event", "grope act", "fingering act", " quantitysmall indefinite quantity", " attributemanner attribute", "tap act", "hit act", "common touch attribute", "palpation act", "tickle act", "dig act", "kiss act", "creepiness cognition cognitio", "finishing touch cognition cognitio", "contact act", "lick act", " communicatiosuggestion communicatio", " communicatiosolicitation communicatio", " cognitiosomatosense cognitio", "cutaneous sensation cognition cognitio", "handling act", " actact", " stateattack state", "catch act", "play"], "/r/PartOf": [" cognitiosomesthesia cognitio"], "/r/HasA": [], "/r/CapableOf": [], "/r/AtLocation": [], "/r/HasProperty": [], "/r/CreatedBy": [], "/r/Synonym": ["disturb contact", "pinch quantity", "soupcon quantity", "feeling cognition cognitio", "ghost communication communicatio", "touching act", "tinge quantity", "signature attribute", "sense of touch cognition cognitio", "spot state", "v consumptiopartake consumptio", "jot quantity", "cutaneous senses cognition cognitio", "contact", "v communicatioallude communicatio", " communicatiocontact communicatio", "meet contact", "v stativereach stative", "trace communication communicatio", "v changeimbue change", "v stativeequal stative", "speck quantity", "adjoin contact", "stir emotion emotio", "touch modality cognition cognitio", "v stativerefer stative", "mite quantity", "touch sensation cognition cognitio", "v changeaffect change", "hint quantity", "touching event", "skin senses cognition cognitio", "tactile sensation cognition cognitio", "tactual sensation cognition cognitio"], "/r/LocatedNear": [], "/r/SimilarTo": [], "/r/MadeOf": [], "/r/ReceivesAction": []}, "N2": {"/r/RelatedTo": {"/r/RelatedTo": [["taste", "touch", "smell", "feel", "hear", "sound", "eye", "hearing", "sight", "insensible", "ear", "liste", "nose", "empty headed", "sensualist", "intersensorial", "gustatio", "clairvoyant", "meaning", "vaware", "olfaction", "audiosensory", "tactitio", "polysensory", "sensorial", "tactical intelligence", "easiness", "unisensory", "attractive", "anti clockwise", "sensed", "clue by four", "smell test", "e skin", "sensual", "nose test", "tactus", "capitulary", "acheiria", "visualist", "diagonal mark", "olfactometer", "mindless", "reaso", "ageusiac", "subsensible", "autosensing", "sentient", "analgesia", "extrasensorilyr", "awareness", "heady", "wantwit", "victorious", "vinstinctively", "empiricism", "audial", "lug", "sensate", "firstspace", "visio", "blow smoke", "thought", "tactile", "ability", "stupor", "distinctive", "supersense", "misacceptation", "contextualization", "foolish", "strong", "disorientation", "polarity", "vfeel", "multisense", "auditio", "equilibrioceptio", "whifty", "sensory", "phi", "perceptualize", "cognition", "equilibratory", "vcomprehend", "transmodal", "good head on one's shoulders", "lateral line", "gustatory", "perceptic", "dunam", "appreciatio", "illogical", "decadal", "senseth", "trepopnea", "perceive", "vtaste", "tactual", "anaphia", "acoumeter", "olfactio", "intersensory", "mechanosensillum", "head", "agnosia", "mind's ear", "narcotize", "nociceptio", "heaven", "religion", "envirotactic", "audition", "sensoribehavioural", "bisensory", "haptic", "macrosmatic", "sensoriallyr", "apprehensio", "scent", "supersensual", "in way", "chemosensory", "senses", "sensibility", "idiocy", "value", "proper", "feel in one's bones", "gormless", "presence of mind", "five senses", "chronoclasm", "intangible", "baresthesiometer", "nonism", "translation", "consulship", "smell rat", "psychosensory", "citizenship", "conscience", "sensation", "referent", "trisensory", "abridge", "chemosensation", "farsee", "sensitive", "photosensation", "confused", "proprioception", "objectify", "sensical", "feeling", "dogpile", "wonder", "thought form", "sensualization", "soundiness", "moral compass", "anschauung", "sensibilia", "vwatch", "perspective", "interoception", "snoof", "goshwow", "vbiological", "ocularcentrism", "sensely", "polymodal", "modifier", "blather", "sensoritopic", "chemotactile", "interpretation", "consulate", "ambisense", "thermoceptio", "bleary", "unsensed", "sensationalism", "visuoauditory"], ["touch", "pai", "regret", "love", "happy", "fear", "shock", "care", "hope", "taste", "emotio", "calm", "need", "joy", "bosom", "neurosemantics", "homesickness", "affetti", "irritated", "prejudice", "feels over reals", "disdain", "buzz", "abrasivelyr", "move", "negative", "unfelt", "from bottom of one's heart", "unthoughtful", "opinio", "lyric", "forgive", "visceral", "pathos", "cultural identity", "frustration", "air", "self satisfaction", "disillusionment", "anger", "apathist", "thick skinned", "pathy", "sensitiveness", "worry", "feelingless", "sonder", "private language", "sensibility", "afterfeel", "demotivation", "lachrymal", "thrilling", "eupathy", "unemotional", "underfeel", "qualisign", "unfeel", "nonfeeling", "positive", "self revelation", "affettuosor", "ingenuous", "animus", "attitude", "senseless", "helper's high", "intimacy", "go to country", "inhibition", "prosaic", "heartless", "fee fees", "venom", "feelingful", "feelness", "distant", "kibun", "alive", "kindred spirit", "blast from past", "scarify", "intuitio", "sympathy", "express oneself", "bitterness", "feel good factor", "security blanket", "apathetic", "pity party", "encounter group", "gentilism", "disimpassioned", "amazement", "penitence", "empathetic", "impressio", "entoperipheral", "chills", "reciprocate", "heart of hearts", "asensitive", "hateful", "inferiority complex", "guilt trip", "feelingness", "underfeeling", "discombobulation", "something tells one", "love match", "dissemble", "passionate", "thoughtlessness", "psychomime", "all overishness", "helplessness", "gloves are off", "distaste", "noncommittal", "sentient", "feelinglyr", "metaemotion", "loveful", "feelth", "souled", "pang of conscience", "cold hearted", "sense", "complacency", "abstract noun", "speak someone's language", "love in", "free spoken", "protester", "spooked", "feelings", "dislike", "immovable", "regrexit", "trumpiness", "warm fuzzy", "agitation", "give voice", "bhava", "epiperipheral", "heartstrings", "heavy heart", "hearts and minds", "smack of", "disgracedness", "pitiless", "empathy map", "clairsentience", "vehement", "magnetism", "leave sour taste in one's mouth", "feelsome", "rhapsody", "eyegasm", "undelight", "ambivalent", "microinvalidation", "aemotionally", "desire", "energy", "put something behind one", "attractio", "feel", "kindred soul", "responsive", "qualm", "undertow", "put one's cards on table", "enchantment", "lay of land", "expressive", "affecting", "idea", "one's blood runs cold", "utterability", "feelinglessness", "reciprocal", "displeasure", "evocative", "harmonious", "unashamed", "gay bomb", "concupiscent", "insensitive", "quick", "vfeel", "emotional", "feel bad", "telepathy", "karma", "after one's own heart", "feel good", "equivocal", "lonely", "feeler", "headrush", "ardency", "self flagellation", "anaesthesis", "numblyr", "dysphoria", "disappointment", "oppression", "floaty", "afterglow", "know one's own mind", "tactile", "glad", "numb", "heat", "comfort", "sentiment", "cold", "ill", "sensatio", "concer", "like", "health", "surprise", "affectio", "nerve", "safe", "respect", "pleasure", "miss", "sickness", "smooth", "hate", "tense", "hunger"], ["touch", "sense", "emotio", "sensatio", "regret", "outfeel", "ghost from one's past", "pat", "forefeel", "wake up on wrong side of bed", "sensible", "sentiment", "sensific", "palp", "feelsome", "panicwikten 1", "numb", "affection", "rue", "sensate", "off one's game", "feeler", "suffer", "stifle", "feelin", "vwikten 1seem", "misfeel", "emotioning", "tangible", "vwikten 1consequence", "texture", "wikten 1mental", "hand", "nonfeeling", "feltness", "feels", "disagree with", "state of being", "wikten 1intuitive", "put out feelers", "leathery", "fume", "infelt", "unsensed"], ["hand", "touch", "ring", "arm", "snap", "wristwarmer", "twiddle one's thumbs", "faciodigitogenital", "metapodial", "vfinger", "thumb war", "finger", "knuckle", "point", "glove", "five", "tap", "toe", "feet", "feel", "chicke", "thumb", "nail", "foot", "eight", "count", "drop", "press", "peace", "grip", "bone", "thimble", "writing", "rub", "leg", "numb", "inch"], ["ring", "hand", "digit", "point", "touch", "part", "thumb", "appendage", "on hand", "hand digit", "hands", "body", "knuckle", "middle finger", "body part", "five", "toe", "thimble", "nail", "hand part", "nails", "pointing", "digits", "hand appendage", "on hands", "pourer", "other", "brachydactyly", "hitchhike", "finger fan", "interdigitation", "chopsticks", "demigauntlet", "swipe", "didactylism", "batting glove", "dactylo", "multidigitate", "vturn i", "hypodactyly", "digitate", "glass harp", "eclipse", "vsqueal o", "otopalatodigital", "leptodactylous", "cm", "fingerpicking", "dactylonomy", "macrodactyly", "vprobe", "writer's cramp", "fingered", "pick", "intend", "variously", "fingery", "artiodactyl", "width", "animal", "didactyl", "perso", "poland syndrome", "dactylar", "pashmak", "agency", "vinstructions", "thumbscrew", "roman salute", "acrosclerosis", "befinger", "two in pink one stink", "forefinger", "vrat o", "pterodactyl", "spinning top", "choke", "langer giedion syndrome", "former", "class ring", "dactylology", "dactylography", "light fingered", "stab", "fingerbone", "vmusical instrument", "dactylosymphysis", "pianoing", "foot", "squidge", "glove", "boutonniere deformity", "diascopy", "fairy clap", "fingerlike", "interdigital", "dermatoglyphics", "notionally", "thumb one's nose", "base", "videntify", "finger spin", "finger fuck", "trudeau salute", "dactyl", "data glove", "brachysyndactyly", "height", "shackle", "vquery", "fingerful", "informal", "gesture", "vfingerbang", "fingercot", "give", "slender", "fingersucking", "dital", "digitorium", "fingers", "fingerlessness", "larger", "extremity", "posie ring", "length", "something", "nanofinger", "vpositio", "similarly", "observe", "cut", "devil's tattoo", "octobass", "prestidigitatio", "fingerpick", "monodigit", "paradactylum", "finger work", "compare", "thumbwheel", "arrhythmokinesis", "huma", "unguis", "functio", "apposable", "pilliwinks", "cover", "fingle", "dactylospasm", "extremities", "zill", "hunt and peck", "perissodactyl", "marriage finger", "swan neck deformity", "seal finger", "manual alphabet", "overdenture", "grasp", "finger bar", "alcohol", "triradius", "fingernail", "interdigitallyr", "crack one's fingers", "flip bird", "oligodactyly", "fingerblast", "vpoke", "bidigitate"], ["touch", "call", "interface", "contactomorphism", "ghosting", "telepathize", "faying surface", "touch wood", "noncontacting", "lesbophilia", "plane", "up against", "hepatitis b", "noncontacted", "hydrogen fluoride", "lose touch", "brinelling", "wettability", "blue ball", "thigmatropism", "touchy feely", "najis", "contingent", "aquagenic", "social commerce network", "sim card", "contacts", "feral child", "manahoac", "janitoriat", "hepatitis c", "orbiform", "chemical horn", "osculation", "nanocontact", "check in", "nbc suit", "uncontacted", "fadeaway", "debounce", "it's not what you know but who", "top piece", "diquat", "meet and greet", "drop someone like bad habit", "acquaintance", "uncontactable", "juxtracrine", "friction", "taction", "buddy list", "manchineel", "get with", "autoradiographed", "transfer", "contact details", "electroglottograph", "skinship", "solitary confinement", "patient contact", "pump and dump", "primary care", "contacting", "telenergy", "tetched", "sexually transmitted disease", "acanthorrhexis", "lonely", "thigmotaxis", "intercontact", "osculatrix", "indecent assault", "bite", "anticontact", "planner", "renew acquaintances", "backswing", "scatophilia", "isolation", "blocker", "contaction", "blowout coil", "juxtacrine", "get back to", "snitch", "contactless", "contactual", "betouch", "untouched", "reach", "at home card", "poison ash", "counterface", "contacted", "soul kiss", "semiconductor heterostructure", "dutch oven", "tailstrike", "mycotoxin", "receptacle", "terminal", "qc", "jostle", "contingence", "on first name terms", "ice storm", "noncontactable", "capillarity", "noncontact", "contactee", "speed networking", "adjoining", "get at", "sodium picosulfate", "merkel cell", "sked", "photogram", "open adoption", "acculturation", "bioaccessible", "hypergolic", "precontact", "contact lens", "third rail", "social network", "in touch", "contact juggling", "mwah", "lubrication", "skin hunger", "town twinning", "multicontact", "adosculation", "munjon", "out of touch", "brushless", "recontact", "paragenesis", "myspace", "contagion", "hammer break", "vcommunicatio", "epilayer", "metal to", "contact binary", "osculate", "counter password", "hyperflex", "hear", "painstick", "wiper", "holla at", "cross bore", "contact number", "stiction", "technical foul", "non contact", "microcontact", "against", "chiasma", "rub", "lens", "dime", "eyes", "eye", "friend", "phone", "in phone", "eyesight", "kind", "kind lens", "for eyes", "address", "eyeball", "disc", "translucent disc", "translucent", "put i", "put", "purposes", "corrective", "corrective purposes", "for seeing", "seeing"], ["fingers", "arm", "finger", "body", "part", "five", "body part", "five fingers", "appendage", "wrist", "palm", "glove", "wave", "limb", "writing", "foot", "has", "touch", "has fingers", "on arm", "holding", "shake", "extremity", "orga", "arms", "grabbing", "attached", "rub", "fingers palm", "wears", "wears glove", "grasping", "hold", "thumb", "arm appendage", "holding things", "ring", "below", "with fingers", "huma", "turkey", "attachment", "fingers thumb", "digits", "arm attachment", "watch", "soap", "palm fingers", "ending", "fingers o", "four", "four fingers", "clavis", "acrofacial", "ulnar loop", "acromelic", "hander", "broken handed", "numb handed", "acrodysplasia", "joy buzzer", "manualwikten 2", "percussion", "boglin", "fourhanded", "pulse glass", "thumb ring", "openhanded", "handful", "spinning wheel", "handtame", "cross check", "quillon", "nearby", "pushstick", "finger fan", "lizard", "pinky finger", "on all fours", "double gut shot", "bullet catch", "nonpalmar", "chirography", "inch", "give someone five", "fast handed", "gambling", "chiro", "tetradactylous", "homology", "unimanuallyr", "valise", "acrocontracture", "present arms", "early position", "handbuilt", "acrokeratoelastoidosis", "clearstarch", "dexterous", "hand rub", "late position", "monster hand", "morra", "basque pelota", "double handedness", "five finger exercise", "speculation", "tender handed", "barra", "god hand", "stalefish", "applause", "acheiropoietic", "handwashing", "forearm", "wicket keeping gloves", "lag", "knifehand", "twiddle muff", "agent", "prehension", "hands free", "royal flush", "inside out", "manus", "velociman", "azonto", "ghoulie", "digit", "blaster", "blow kiss", "many handed", "malleation", "handballing", "shake hands", "running flush", "suck out", "handcarried", "double handed", "laydo ", "jamboree", "handsy", "right handed", "hand turkey", "gunhand", "handpicked", "thumbies", "footwriting", "armstand", "dummy", "native america", "over wicketr", "low five", "arsis", "royal touch", "swift handed", "fidget spinner", "reach", "heart line", "pillory", "mis\u00e8re ouvert", "half glove", "brush do v", "bimanuallyr", "game", "acroaesthesia", "interdigitation", "lavabo", "soft hand", "desderman", "widow", "cheirospasm", "brachymesophalangia", "cat's paw", "wrist spin", "hour hand", "bad beat", "cross handedr", "acrogeria", "acromelia", "kirner", "clock face", "scissors", "rhizome", "madison", "analog clock", "acrodermatosis", "washroom", "fairy clap", "underhanded", "acrodermatitis", "backscratcher", "mawks", "chirognomy", "handbra", "pommel horse", "vfurl", "handguard", "lavatory", "open handed", "wrist drop", "demigauntlet", "available", "downward facing dog", "anatomical snuffbox", "first hand", "handcare", "handcrafted", "animated cartoon", "applaud", "wristwork", "behand", "handwoven", "duplicate", "bricklayer's itch", "acroataxia", "get one's eye in", "cold deck", "smooth call", "second hand", "prestidigitate", "clawhand", "manipulation", "yarborough", "effleurage", "bimanous", "brachiomanual", "sabar", "windup", "rockwikten 1"], [], ["massage", "actio", "touch", "stroke", "polish", "frictio", "chafe", "hand", "back", "movement", "motio", "erase", "caress", "pestle", "rubylation", "allergic salute", "chikan", "flannel", "rubbinglyr", "anatripsis", "protei", "problem", "rub up", "illinition", "knuckle", "allorubbing", "rubbing", "risp", "rubs", "electricity", "verrophone", "rub up on", "difficulty", "grinding", "crown green bowls", "rubstone", "unrubbed", "mop", "ubiquiti", "mortar", "princeton rub", "frot", "rubbed", "gnod", "glass harp", "rerub", "brushed", "magic lamp", "powder", "scetavajasse", "whet", "eskimo kiss", "dermatothlasia", "rub do v", "chub rub", "embrocate", "scratch", "touching", "contact", "back massage", "massage actio", "soothing", "hard", "massages", "hands", "like", "push", "bur", "massage movement", "hand actio", "ski", "circular", "applying", "lamp", "hand movement", "wipe", "neck", "seasoning", "hand motio", "massage touch", "pressure", "bur backwards", "backwards", "sunscree", "applying sunscree", "effects", "soothing effects", "cleaning", "circular motio", "gesture", "anagram", "anagram bur", "sensual", "push i", "stroke hard", "touch circular", "muscles", "like massage", "lotio", "lotion actio", "applying lotio", "buffing", "polishing", "bodily", "like polishing", "bodily actio", "foot massage", "foot", "eraser actio", "activity", "eraser", "touch eyes", "eyes", "genie", "genie lamp", "for soothing", "friction contact", "liniment", "soft", "wax", "magic", "hand contact", "feel", "physic contact", "physic", "morning", "ritual", "morning ritual", "relieving", "relieving tensio", "tensio", "gentle pressure", "gentle", "steak", "on steak", "massage stroke", "vigorously", "erasing", "touch vigorously", "applicatio", "hand pressure", "pat", "hard caress", "pat caress", "massage erase", "push o", "push slide", "slide", "like stroke", "wipe hard", "good", "hands o", "touch good", "animal", "petting animal", "petting", "ointment", "massage motio", "wrong", "wrong touch", "meat", "meat seasoning", "back forth", "forth", "sore muscles", "sore", "skin massage", "neck back", "pressing", "back neck", "lotions", "with hands", "muscle kneading", "muscle", "kneading", "backs", "static electricity", "static", "alcohol", "massage activity", "caressing", "friction movement", "in massages", "hands together", "together", "genies lamp", "sensual actio", "pushing", "abrasive actio", "genies", "feeling actio", "abrasive", "feeling", "massage ski", "make disappear", "make", "with fingers", "disappear", "stroking ski", "fingers", "soothing muscles", "hand gesture", "stroking", "soft matter", "type", "massage hard", "spice", "matter", "motion type", "stroke massage", "blend", "massage type", "caress ski", "massage part", "part", "abrade", "spice blend", "intimacy", "relaxatio", "soft scratch", "wash", "oil", "touch gently", "hand wash", "back soothing", "caress oil", "gently"], ["clock", "touch", "finger", "arm", "wash", "watch", "soap", "feet", "body", "shake", "napkin", "sundowner", "orant", "hand", "ponywikten 1", "gowpen", "duck and cover", "crux simplex", "finger food", "handwork", "vhand", "british sign language", "handsies", "wristwarmer", "american sign language", "hold", "napki", "rub", "pray", "wave", "sig", "doll", "time", "feel", "prayer", "glove", "foot", "thumb", "deal", "childre", "introduce", "toy", "clasp", "climb", "writing", "author", "drop", "branch", "reach", "twist", "clea", "harp", "amazement", "cock"], ["touch", "taste", "smell", "supersensuous", "opiate", "supersensible", "phenomenal", "empirical", "discernible", "stupefy", "come unhinged", "sense", "supersensory", "sensual", "shaddock", "eleatic", "harsh", "vsense", "suprasensible", "supersensual", "modality", "feel", "hear", "nose", "liste", "sound", "hearing"], ["action"], ["touch", "haptic", "rumble strip", "tadoma", "untactile", "ahaptic", "taxel", "tactual", "tactor", "intactible", "formication", "esthesiometry", "haptic interface", "aperceptible", "asense", "refreshable display", "nontactile", "anaphia", "atangent", "apalpable", "keypad", "atactility", "vibrissa", "raphigraphy", "atouchable", "hypnagogia", "tactility", "tactilelyr", "hypoesthesia", "atact", "esthesiometer", "atangible", "vibrotaction", "tentaculum", "vibrioception", "mechanotactile", "afeeling", "atouch", "receptive aphasia", "astereognosis", "sensatio"], ["slope", "sport", "snow", "cross country skiing", "snogaine", "unskied", "skiable", "low season", "skiathon", "birkie", "skilike", "schuss", "skijor", "skibob", "skis", "ski track", "herringbone", "runner", "unweight", "vmove", "crud", "hitch rack", "monoski", "skiless", "snowboard", "christie", "snowplane", "carver", "snowblade", "skiplane", "off pister", "unskiable", "bombardier", "snowmobile", "powderhound", "toepiece", "vorlages", "skiwear", "bigfeet", "outski", "skiboard", "kiteboarding", "skid", "alpine snowboard", "sit ski", "skiing", "skibobbing", "ice yacht", "ski wax", "turf ski", "skiboarding", "ski boot", "skurfing", "miniski", "sidecut", "snow bike", "high season", "biski", "skierwikten 1", "double pole", "heli ski", "hydroski", "winter sport", "winter", "mountains", "downhill", "sliding", "snow sport", "poles", "activity", "lodge", "snowy", "snowy mountains", "sliding downhill", "downhill sliding", "slopes", "on ice", "snow activity", "ice", "sticks", "snow sticks", "hill", "alps", "swiss alps", "swiss", "transportatio", "resort", "recreatio", "racing", "slippery bottoms", "downhill racing", "bottoms", "slippery", "blades", "two", "two blades", "slope activity", "board"], ["soft", "kind", "touch", "adjective", "akindly", "tender handed", "soft key", "vsoothe", "influence", "maidenly", "adispositio", "slight", "warming up", "falcon gentil", "aamiable", "mild", "ham handed", "yandere", "zephyr", "gentled", "canny", "aconsiderate", "mansuetudinous", "asudde", "soft spoken", "hypomasculinity", "epicritic", "cinnamon roll", "rambling", "lenitive", "gentleman", "zephyrus", "falco", "lambish", "caressive", "bimble", "benign", "asoft", "light handed", "maggot", "apolite", "ahard", "all bark and no bite", "unrelenting", "soft handed", "gentlyr", "kindsome", "thaw", "amanage", "shareef", "arespectful", "horse whispering", "vox angelica", "gentling", "coddle", "vbreak", "gentleness", "mild mannered", "asevere", "lamblike", "amild", "indulgent", "ungentle", "atender", "gentles", "asteep", "nudge", "vcalm", "gentle handed", "arude", "clemency", "trai", "wouldn't hurt fly", "favonian", "whinnying", "softhearted", "agradual", "insinuation", "adocile", "maidenlike", "nice", "careful", "soft touch", "tender", "softness", "ladies", "light", "light touch", "tenderness", "ladies and", "kind and", "very", "care", "kind soft", "easy", "stretch", "soft and", "tame", "wash", "soft tender", "handle", "handle carefully", "carefully", "soap", "rub", "with care", "handling", "careful handling", "considerate", "being nice", "soft considerate", "being", "calm", "very soft", "calm easy", "something me", "me", "smooth", "very lightly", "lightly", "breeze", "good", "good manner", "manner", "soft nice", "gi", "gin till", "till", "and ladies", "docile", "lambs", "love is", "love", "sweet", "soft sweet", "like", "like nice", "actio", "manners", "cycle", "wash cycle", "slope", "giants", "kind giants", "cradle", "rocking", "rocking cradle", "easy touch", "ma", "family", "friends", "friends family", "mist", "clothes", "clothes wash", "behaviour", "mild behaviour"], ["body", "exercise", "aphysics", "pai", "fight", "touch", "dance", "skipping rope", "argumentum baculinum", "hyperphoria", "red faced", "macroindentation", "mechanism", "integrated services digital network", "tektology", "postmaterialism", "locked in syndrome", "back annotation", "symptothermal", "electromagnetic pulse", "lace into", "schoolground", "thermophysical", "somatology", "manufacture", "cartesian", "rape kit", "autosexing", "boot camp", "schr\u00f6dinger equation", "phantasm", "lily handed", "apriorism", "somatoform disorder", "disembodiment", "sclerochronology", "beckwith wiedemann syndrome", "bend", "coercion", "retardation", "adherence", "ergogenic", "deblock", "inscribed matter", "athletic shoe", "discarnate", "astronomer", "huggy", "concrete term", "nonsupported", "handicapped accessible", "schlomp", "stronglink", "speculative philosophy", "reductivism", "built environment", "corrade", "earn one's keep", "idiotropic", "bashfest", "blow up", "installation art", "phantom", "hyperphysical", "body modification", "hydrophysical", "field sobriety test", "thought form", "plastique", "killer poke", "torment", "weight training", "worse for wear", "disorder", "animalism", "dephysicalize", "multicopying", "dragonborn", "somatotherapy", "shintaido", "barophysical", "timothy syndrome", "pedality", "speedwork", "premenstrual syndrome", "typefounding", "database analyst", "loudness", "materiallyr", "preworkout", "metaphysiology", "acroyoga", "gruelling", "wearproof", "actuals", "physics", "microindentation", "carnalize", "antiexpansion", "enthalpy", "equivalence principle", "spanking", "sexfight", "internet of things", "urban warrior", "bare metal", "abstract language", "geophysics", "cold boot attack", "exergame", "warbot", "supporter", "beacon", "object", "protomatter", "photoperturbation", "volumic", "telepresent", "nonphysical", "breakdo ", "dial gauge", "gravimetric analysis", "sportscape", "disengagement", "mixed reality", "unman", "localizationism", "fighter", "technical foul", "nomology", "telepresence", "spirituality", "firmer", "mirror image twin", "meatsuit", "like bag of ferrets", "virtual desktop", "kitchenscape", "lost to world", "real world", "environmental science", "tangible asset", "physician", "workwear", "fundamental constant", "skinship", "hulk", "feel burn", "page table", "documentality", "brainist", "unphysical", "hurt locker", "spokesbabe", "mind over matter", "psychoplasm", "somatoform", "physical examinatio", "kum nye", "self improvement", "mirror matter", "napoleon complex", "incorporeal", "subquantum", "psychosis", "shaken baby syndrome", "geoweb", "tesseract", "operate", "all overishness", "pain and suffering", "anot virtual directly corresponding to hardware operatio", "bashi bazoukery", "physicochemical", "bagism", "house number", "theory of everything", "taseometer", "zipf's law", "lick pants off", "hired muscle", "physic", "physitheism", "materialization", "physiomechanical", "injurious", "astral body", "nonconserver", "nonmatter", "physiotope", "materiality", "electrophysical", "skill point", "paralympic games", "hefty", "spoonbending", "construction site", "cooper test", "sex toy", "exergaming", "deload", "phenylpiracetam", "physico", "cutman", "dial indicator", "realwikten 1", "tussle", "sociomass", "information age", "semapedia", "ethnopharmacology", "physical geography", "somatization", "emmert's law", "and fro", "gynandromorph", "dimensional analysis", "slave to fashion", "hypophoria", "in flesh", "geoplacement", "workout", "biophysics", "take one's lumps", "hit it and quit", "externalization", "solid state", "massic", "fuck and chuck", "perturbation", "empirical", "lord keeper", "gestalt", "nisus", "pervious", "feeble", "consistence", "mentalism", "parallel port", "congenital analgesia", "metaphysical", "born digital", "molecular modeling", "trimorph", "spiritual awakening", "jostle", "physiatrics", "aquacise", "dry lab", "unit of measure", "typehead", "skin hunger", "injure", "selenophysical", "virilescent", "forensic science", "soft error", "countermotion", "postworkout", "manual labor", "psionics", "invisible import", "bodily integrity", "limnology", "duality", "entropy", "recorded", "disc rot", "metricate", "physicallyr", "finite element", "backbreaker", "ecotoxicity", "thigmotaxis", "lay glove on", "teleoanticipation", "out of conditio", "adolescence", "heart check", "daily bread", "die thousand deaths", "ghost in machine", "edge play", "time reversal", "invisible export", "nursing home", "superposition principle", "beat pants off", "emanant", "hydrography", "spatializer", "poignant", "basketbrawl", "engineering", "chemical series", "request for production", "physicist", "power", "eigenstate", "conservation of mass", "kundalini syndrome", "disembody", "dispositif", "disability sport", "grievous bodily harm", "postorgasmic illness syndrome", "solatium", "spaz out", "workout warrior", "bashing", "embodiment", "robot chess", "natural unit", "siddha", "police brutality", "body image", "traumatism", "physiography", "slapstick", "urine box", "geography", "prop comic", "glyptogenesis", "nonphysicality", "lanthanide contraction", "unabused", "elbow grease", "disable", "psychogenesis", "pseudodevice", "dark store", "calistheneum", "physiotemporal", "anthroposcopy", "interpretationism", "supermaterial", "bell's theorem", "groundplan", "paramorphism", "biometrics", "speak softly and carry big stick", "spectral type", "phytometrics", "hub and spoke", "postmovement", "brutality", "gynomorph", "no go theorem", "term day", "superessential", "nurturance", "paramorph", "radiation shielding", "holochess", "biotransformation", "renormalization group", "pipeline", "challenged", "fatigue", "blood pressure", "thews", "retired husband syndrome", "paraphysics", "biopharmaceutics", "sex position", "discorporate", "allotropize", "natural gender", "ekker", "feldenkrais method", "nondimensionalization", "jobsite", "qigong", "macrorestriction", "dependence", "feldenkrais", "movement", "dimension", "thermodynamic system", "soil science", "nonconserving", "handicap", "supersymmetry", "physiotherapy", "somatic symptom disorder", "chemical dependency", "andromorph", "cobot", "equilibratory", "analog", "hyperthreading", "gymnastics", "panspirituality", "maw", "spatiocultural", "downwardr", "mechanistic", "designer baby", "engram", "wholesome", "hierophany", "conservation law", "mortal coil", "spiritual violence", "postexertional", "isoenzyme", "thermal analysis", "multiphysics", "stimulus", "diagenesis", "neurogram", "efficient cause", "constrain", "physicals", "desex", "phenomenalism", "shapechanger", "palaeohydrogeology", "get amongst it", "physical theatre", "cerebralism", "light into", "traditional art", "point cloud", "limber up", "nerve center", "craniology", "paratriathlon", "physiotherapist", "change of state", "comparator", "nonphysicalness", "wear do v", "semicontact", "sickliness", "non contact", "nauheim treatment", "in shape", "intangible asset", "bearlike", "town planning", "retrogreen", "psychrometrics", "observable", "physicomechanical", "physicalize", "bodily", "thirdspace", "wretchedness", "gradient", "silicone rubber", "enantiodromia", "mind body", "shapechanging", "pilates", "prop comedy", "gym candy", "down syndrome", "unrapeability", "ontogeny recapitulates phylogeny", "macrogenitosomia", "physio", "paracanoe", "fine structure constant", "supernature", "paurometabolous", "dualism", "sonde", "lofexidine", "aforce", "beat daylights out of", "it takes heap of living to make house home", "grocery shrink ray", "spazz out", "inverse square law", "isotope effect", "constructive trust", "fortitude", "make over", "meteoropathy", "diamond marimba", "tanner scale", "slipless", "cosmothetic", "nonmetal", "quenching", "exercise machine", "corporeal", "violent", "indeterminism", "mineral", "containment", "worldly", "christian science", "phonorecord", "elastocaloric", "physiogeography", "cutometer", "reciprocity principle", "ohtahara syndrome", "contiguity", "physicalness", "toys to life", "navvy", "nature", "ultrafinitism", "cpt symmetry", "modified starch", "graphetics", "aicardi gouti\u00e8res syndrome", "holotype", "slobber knocker", "tamakeri", "pseudobond", "astronomy", "psychophysics", "muscle memory", "whirling table", "self defense", "horseplay", "apple does not fall far from tree", "spatialize", "mundane", "tayammum", "gold master", "gish", "topographical map", "eargasm", "phys", "soliton", "pornotrope", "absolute instrument", "hylomorphism", "attack", "bertillon system", "template", "art therapy", "nanotorus"], ["hand", "four", "number", "foot", "finger", "six", "touch", "taste", "year", "after", "after four", "feet", "work", "pentapolis", "tight five", "tarot", "cinquefoil", "panchaloha", "fived", "basketball", "pentasyllabic", "quintuplicate", "astra planeta", "quintet", "figure", "quinity", "pentapetalous", "pentarepeat", "quintad", "pentalogy", "pentachord", "pentameter", "pentateuch", "pentamerism", "heinz", "club", "numerical", "didecahedral", "quintuplication", "five to", "five eighths", "alert five", "quinquevalve", "fifth", "pentafunctional", "fives", "quinquennium", "pentacapsular", "pentapod", "quinquevirate", "pentakis", "pentacrostic", "quinquenniad", "fivepence", "quinquedentate", "dollar", "pentasepalous", "finif", "arkan", "spocking", "pentagynous", "pentaphyllous", "five o'clock", "pentandrous", "fivesome", "quinquefoliolate", "pentangular", "pentapody", "quinquetubercular", "pentachromic", "quinque", "oxazaphospholidine", "barrel bulk", "presto", "biquinary", "quinquertium", "lineup", "bill", "seventy five", "lustrum", "man alive", "nickel note", "pentaradial", "quinary", "pentalamellar", "pentalaminar", "pentamillionaire", "pedro", "lady", "fiveish", "pentastyle", "niner", "jesse james", "value", "quintuplet", "pentafid", "pentandrian", "pentaptote", "quintenary", "pentaspermous", "pentasomic", "rest", "dolly parton", "azulene", "pantafive", "quinquefoliated", "moto ", "length", "pentomic", "quinquedentated", "pentagram", "major prophet", "string quintet", "woolworth's", "quinquelocular", "five and dime", "pentapedal", "pentaradiate", "nickel bag", "fife", "fiveness", "qui", "pentactinal", "pentad", "medjidie", "thearch", "fivesies", "team", "pimp", "pentanucleotide", "five sixths", "quinquefid", "minute", "quintuple", "books of moses", "dochmius", "quinquennalia", "cinquefoiled"], [], [], ["eye", "touch", "prosensory", "algodystrophy", "hair cell", "stimulus", "auriculotemporal", "somesthesis", "asensuous", "nervimotion", "sensoriperceptual", "johnston's organ", "osmoreceptor", "bipolar cell", "hug machine", "proprioceptor", "sensorium", "alice in wonderland syndrome", "sensorial", "ganzfeld experiment", "sensorineural", "biosensory", "sensely", "hugbox", "visualism", "omnisentience", "hemispatial neglect", "paralemniscal", "receptor", "sensorilyr", "cerebrum", "multisensory", "enteroception", "trichosensillum", "neuroepithelium", "stimulation", "nasal capsule", "hypervigilance", "acroagnosis", "chemoreception", "vast", "hallucination", "acrognosis", "captaculum", "herpes zoster", "sensory garden", "telegnosis", "thermosensation", "sensation", "extracampine", "rhopalium", "synaesthesia", "protopathic", "baroreception", "neuromast", "sensorispecific", "asense", "sensible", "polymodal", "transcendentalist", "somatosensory", "ideasthesia", "sensatorial", "ctenocyst", "nonsensitive", "head trip", "sensillum", "phenomenalism", "cercus", "introspective", "sentience", "asensatio", "sensorimotor", "photoreceptive", "somatosensitive", "injectisome", "sensual", "laterosensory", "afferentation", "glossopharyngeal nerve", "kinocilium", "sensuous", "cochlear nerve", "aesthesodic", "aestheticallyr", "event related potential", "sensificatory", "metamodal", "asensible", "neurotypical", "nonsensory", "chemosomatosensory", "neurosensory", "winetasting", "supramodal", "rachischisis", "asensual", "lemniscal", "ear", "smell", "nose", "feel", "pai", "sound"], [], ["call", "writing", "cut", "gentlemen", "riding hood", "gentlemen's", "used", "take", "usable", "ladies", "gents", "paint", "touch", "smell", "wash", "force", "pseudonym", "vdrug", "uses", "sycee", "privy", "pragmatics", "claim", "vemploy", "tintinnabulum", "powder room", "house of lords", "resource", "ancestral name", "nose", "operable", "acronymist", "dactylology", "slop bucket", "powder one's nose", "little boys room", "hunting lodge", "geography", "use tax", "leap year", "daikon", "sockpuppetry", "bestow", "shoehorn", "earthly branch", "unserviceable", "etc", "no good", "squilla", "heavenly stem", "rosary", "toilet", "diastole", "vbenefit", "one sidedlyr", "usefulness", "nonuse", "women's", "vaddicted", "misuser", "bedshare", "wheelchair", "mint par", "earth closet", "buffer zone", "lessee", "men's room", "hire out", "time use", "lord", "acronymania", "comma", "fisherman", "shithouse", "throne", "great primer", "active vocabulary", "triple whammy", "u o", "bikeshare", "substantivise", "radiotelescopy", "greenhouse", "allonym", "docket", "destine", "dak bungalow", "shouse", "engage", "portable", "manipulation", "convert", "underuse", "campana", "nonusage", "commandeer", "sociopragmatics", "utilise", "use restroom", "little girls room", "usuallyr", "tower", "leverage", "decimal point", "rooster", "liberate", "partitive ablative", "cestuy que use", "partitive dative", "vused to", "employ", "standing order", "over", "cannulate", "usance", "reusable", "armed conflict", "vstand", "right of first refusal"], ["stretch", "grab", "arm", "grasp", "extend", "actio", "arms", "out", "stretching", "grabbing", "arrive", "length", "high", "touch", "vabeam", "run to", "like mother daughter", "vinfluence", "vlimb", "outering", "sky is limit", "reacheth", "reachable", "go for", "tantalize", "catch up", "get to", "on plater", "high note", "at hand", "axle", "get into", "wago", "dry reach", "goto", "vdimensio", "inaccessible", "vextent", "vretch", "outreach", "canal", "vgrasp", "run", "hand", "portio", "unobtainable", "arm's length", "within reach", "unreach", "come up with", "upreach", "metapotamal", "vvirtue", "vstrai", "bobsled", "vhand over", "come to", "scope", "vgive", "unreachable", "vhand", "reaching", "battle out", "vactio", "boardinghouse reach", "vcontinuously", "vcontact", "potamal", "vpenetrate", "profound", "knee length", "perceptuomotor", "fathom", "vabove", "vbeyond", "vstretch", "unreached", "applicatio", "vvomiting", "retch", "range", "culminate", "rod", "attainment", "vgag", "child", "bolster", "vstrike", "bikinis", "management", "vthrust", "make it", "underreach", "vextend", "exaggeratio", "unattainable", "rear", "pole", "meetable", "vmissile"], [], [], [], [], ["touchline", "touch"], ["haptic", "hapticallyr", "user interface", "touch", "sense"], ["agnosia", "touch", "inability", "input", "identify", "visual", "object", "tactile"], [], ["key", "touch", "tasto solo", "musical instrument"], [], ["vnerves", "vellicating", "vspasmodic", "vsurface", "vpart", "vnip", "vmovement", "vtear", "vvellicative", "vcause", "vuneasiness", "vvellicatio", "virritate", "vtouch", "tickle", "titillate", "vlaughter", "vlightly", "vbody", "vpinch", "vexcite", "vellicates"], ["harshness", "rough", "taste of one's own medicine", "crusty", "punish", "sharplyr", "vituperate", "harshlyr", "sarsar", "asevere", "scabrous", "rebuke", "pathogenic", "lambasting", "tetrical", "snore", "hypercriticism", "harshed", "ravages", "styptic", "asperate", "throw book at", "diktat", "concrete jungle", "guttural", "scathing", "stiff", "stridulous", "ill", "thick skin", "noisenik", "acridlyr", "discord", "blistering", "vituperation", "punishment", "harshen", "hoarselyr", "gutturallyr", "incondign", "crack whip", "harshes", "mellow", "punishing", "cacophonous", "sleek", "atouch", "tell off", "rebukement", "harshing", "severe", "acrimonious", "acruel", "caterwaul", "stridor", "hard featured", "unkind", "in winter", "cracked", "straight shooter", "brutalise", "dalek voice", "acerbitous", "vcriticize", "shan", "soften", "sharp tongue", "keelhaul", "inquisition", "antipatico", "dissonance", "acerbic", "give someone business", "gravelly", "arough", "untender", "hard", "raucity", "alarmone", "acrid", "brutal", "overharsh", "relent", "asperity", "slater", "bashwikten 1", "dour", "diamond in rough", "tough", "death growl", "grating", "vituperative", "discordant", "antonovka", "austerity", "pillory", "asenses", "spore", "hoarse", "heavy handed", "shouty", "gnashy", "beat into", "croak", "raucous", "overrigorous", "cruel", "shock", "bleach"], ["atouch"], [], [], [], ["writing", "ability", "recognise", "touch", "ski"], ["vball", "vpass", "vavoid", "blameshifting", "undeflected", "deflectablyr", "deceleron", "ride with punches", "vaddress", "turn away", "vtouch", "inflex", "deflectest", "stickhandle", "french cut", "deflects", "vshot", "deflector", "vunpredictable", "vdivert", "whataboutism", "tool", "scatter", "intercept", "inflect", "deflecting", "fingertip", "orthodiagraph", "freestream", "leg slip", "honeypot", "bremsstrahlung", "vunwittingly", "deflected", "brick breaker", "vpath", "vdeviate", "repulsor", "deflecteth", "deflectable", "blowout coil", "inflective", "undeflectablyr", "cut", "vmake", "soak up", "parry"], [], [], ["haphephobic", "touch", "fear"], ["nastic", "seismonastic", "response", "touch", "vibratio"], [], ["bar", "dead water", "counterperson", "squail", "wikten 2shoe", "refcount", "antileprotic", "snack bar", "abax", "wikten 2boot", "wikten 1hold", "breakfast bar", "bar stool", "dessert bar", "naloxone", "contra", "countersupport", "counters", "general delivery", "counterstrategy", "oppositio", "barroom", "soda fountain", "antihijack", "antidiabetic", "countersorcery", "countereth", "vote of confidence", "luncheon bar", "gaming purse", "off message", "antihijacking", "antiobesity", "floorgrip", "antiobscenity", "antishock", "wikten 1telltale", "enumerator", "cafeteria", "resist", "anti", "recrimination", "multicounter", "antitachydysrhythmic", "wikten 1move", "countermyth", "compter", "counterless", "uncounterable", "pachisi", "countered", "countering", "antiburglar", "jeton", "gai", "buffet car", "antikickback", "touch", "contrarious", "wikten 1reckoner", "lurchwikten 3", "countertop", "for loop", "antispam", "wrestling", "casekeeper", "antifailure", "wikten 1negative", "wither", "counterlike", "counterest", "breadboard", "reciprocate", "counter argumentative", "location arithmetic", "poker chip", "countervalue", "gameboard", "contrary", "scatter buffet", "microgame", "food court", "jetton", "diner", "counterwoman", "classifier", "antileprosy", "decade counter", "rwikten 2oppositio", "eik", "counterregulatory", "helm port", "antiburglary", "procatalepsis", "wikten 1increment", "counterman", "post office", "antirotating", "marker", "span counter", "antidiabetes", "restaurant", "table", "scale", "number", "birthday", "treasurer", "age", "till"], ["distinguish", "heat", "cold", "touch"], [], ["nonlemniscal", "extralemniscal", "acortex", "apathway", "atouch", "paralemniscal", "alemniscus", "aimpulse", "asensory"], [], ["dalit", "caste", "pariah", "atouch", "india", "criminal", "law enforcement", "unfuckwithable", "untouchability", "garasia", "mahar", "untouchables", "untouchablyr"], [], [], [], [], ["vhandle", "vcontact", "vtouch", "vregard", "vconcer"], [], ["interosculation", "vtouch", "vkiss", "vgroup", "vdistinct"], [], ["vtouch", "vinappropriately", "vby mistake", "vwrongly"], ["touch", "touching", "contact"], [], ["atouch", "ahearing"], [], ["atouch"], [], [], ["aintermediate", "atouch", "agroup", "ameet", "agenus", "aadhere", "afamily", "ainterosculant", "acling", "akiss", "acaterpillar"], [], ["mouth", "part", "kissing", "face", "mouth part", "red", "kiss", "two", "body", "body part", "on mouth", "vgolf", "gingivolabial", "vtouch", "embouchure", "acheilia", "toothplate", "vedge", "eclabium", "auger", "xerochilia", "rounding", "suck", "cheilognathopalatoschisis", "labrum", "labiodental", "involute", "labiolateral", "mentalis", "bilamellate", "labium", "macrocheilia", "labia", "linguolabial", "articulography", "two lipped", "plapper", "glossodynia", "labrose", "shouldering", "gnathochilarium", "outrounding", "philtrum", "bilabiallyr", "lipped", "air kiss", "exolabial", "vrim", "vrise", "invert", "univalve", "vsimulate", "vwash", "wound", "petal", "procumbent", "shell", "unlipped", "catch plate", "buccolabial", "corolla", "container", "bullnose", "family", "labiality", "impertinence", "liplet", "rim", "sweetlips", "lipliner", "cosmetics", "cheilo", "lips", "milk pan", "milk saucepan", "lipslide", "unpurse", "lipread", "carafe", "labionasal", "protrusions", "vmargi", "collabral", "eggplant", "bilabial", "flew", "pucker up", "flews", "aperture", "liplike", "labiomaxillary", "lipline", "cheilitis", "paragnathus", "epicingulum", "lip duo", "orchis", "lipstick", "orolabial", "milk moustache", "soul patch", "cheiloplasty", "layback", "nasolabial", "levator labii superioris", "vmouth", "fleshy", "vutter", "labial", "dentolabial", "spout", "lip balm", "vermilionectomy", "liplesslyr", "labiate", "angel bites", "labret", "unilabiate", "twist drill", "beaker", "sneer", "labioalveolar", "rounded vowel", "microcheilia", "lipless", "vlap", "rimoportula", "duckface", "cheilorrhaphy", "lip sync", "bumper", "scrumper", "anterolabial", "ackerman syndrome", "anilingus", "stiff upper lip", "goldenhar syndrome", "cheilognathouranoschisis", "maxillolabial", "barbastel", "snakebite", "maskwikten 1", "cushion", "trout pout", "cheilotomy", "peristome", "mystacal", "vgrasp", "vermilion border", "labrosone", "labiolingual", "flue", "vflow", "smiley", "vkiss", "glossolabiolaryngeal", "underlip", "labiallyr", "inrounding", "overlip", "labiomedial", "rhinoscleroma", "bilabiate", "levator labii superioris alaeque nasi", "interlabial", "lippedness", "infralabial", "liplessness", "harelip", "teeth", "on face", "face part", "nose", "for kissing", "around mouth", "around", "parts", "upper", "orga", "lower", "outer", "outer mouth", "mouth edge", "edge", "under", "mouth edges", "edges", "talking", "smile", "upper lower", "gloss", "facial feature", "feature", "facial", "speaking", "part mouth", "pout", "below nose", "below", "two parts", "kisses", "two red", "ski", "mouth related", "related", "outside mouth", "outside", "pink", "kiss o", "mouth surrounding", "surrounding", "covering", "mouth covering", "opening", "mouth opening", "kidding", "mouth parts", "for talking", "have two", "under teeth", "have", "outline", "mouth outline", "pucker mouth", "pucker", "luscious red", "luscious", "half mouth", "half", "chapping", "mouth labia", "mouth rim", "stiff", "stiff upper", "whistle", "kisser", "tissue", "kissing orga", "over teeth", "over", "mouth front", "front", "on faces", "faces", "one", "mouth border", "border", "color", "red color", "pairs", "speaking orga", "mouth teeth", "muscle", "kissable", "flap", "bite", "skin flap", "bite it", "kissing thing", "red thing", "hair", "mustache", "under mustache", "smiles", "single", "stick", "gloss stick", "kiss with", "entrance", "moustache", "mouth entrance", "under moustache", "mouth portio", "mouth orga", "portio", "by mouth", "on teeth", "round", "closing mouth", "soft", "round mouth", "closing", "soft mouth", "part body", "kissing parts"], ["touch", "sense", "pressure"], [], ["sentient", "emotio", "sensatio", "touch", "waveform", "music"], ["locate", "sensatio", "touch", "inability"], ["atouch", "atactile", "aperceptible"], ["paint", "comb", "broom", "hair", "carpet sweeper", "slip ring", "brushland", "stopping out", "impressionism", "balsam", "sweep out", "clean", "asperges", "paintbrush", "muscariform", "vremove", "fire iron", "back scrubber", "flick", "grainer", "clothes brush", "scopiferous", "polyhedro", "stippler", "dustpan", "aspergillum", "tool", "brusht", "brush do v", "brushlike", "brusher", "filament", "drum", "shrimp toast", "choke", "brushstroke", "brushed", "dustbrush", "permutator", "implement", "brusheth", "clea", "nihonga", "brushmaker", "scratchbrush", "microbrush", "run in", "brushmaking", "snowbrush", "mandible", "bough", "spoolie", "convex", "bristle", "leadwikten 2", "furry", "brushes", "detangler", "shoe brush", "phrygana", "tuft", "discharge", "four treasures of study", "scrub", "deckscrub", "toothbrush", "sable", "hair brush", "toothbrusher", "spark", "video game", "finger painting", "painterly", "putois", "currycomb", "vtouch", "scopate", "vclea", "mottler", "wisp", "upstroke", "inkbrush", "slash pile", "fine toothed", "wisconsi", "penicil", "brush wheel", "brushing", "vuntangle", "pope's head", "ecouvillon", "casino", "tampico fiber", "tarbrush", "dustpan and brush", "brushinglyr", "dandy brush", "brushful", "kabuki brush"], ["atouch", "aperceptible"]], "/r/UsedFor": [["detector artifact perceptio", "stopping standing i"], ["success", "emotio", "seeing art"], [], ["play guitar", "push buttons", "operate keyboards", "type", "play violi", "scratch back", "play piano"], ["typing", "point", "pulling binder rings ope", "create shadow", "push butto", "picking nose", "pick nose", "as standard for gauging length", "quieting alarm", "testing if plaster dry", "filling out glove", "test piece of chocolate", "block light", "tap key", "hook handle", "move into positio", "popping balloo", "flip open lid", "making jump", "carry water to dry spot", "counting", "picking banjo", "taste frosting", "removing tack", "gripping during climbing", "test water temperature from faucette", "press enter", "hold stick of flag", "picking irish harp", "point out danger", "scratch itch", "rubbing spot on clothing", "poke", "pull elastic", "work with thumb", "picking hawaiin guitar", "clear out ear", "imitate little creature", "picking harp", "create decorations", "scratching yourself", "straighten nail", "wipe with toilet paper", "check bruise", "picking ukele", "make mark", "finger saxaphone", "picking bouzouki", "war", "get into crack", "wipe milk from lips", "create special handshake", "picking bandurria", "clean teeth", "getting taste of cooking", "picking sarod", "picking lute", "transfer moisture", "feel location of liquid", "hold handle", "answer questio", "testing for interior contents", "dial phone number", "smearing on shaving cream", "touch nose", "knock on door", "picking autoharp", "point to heave", "finger clarinet", "wipe sawdust off board", "wipe tears", "clean between fingers", "push in tack", "ring doorbell", "indicate number one", "tip over cup", "test water temperature from faucet", "wipe eyelid", "picking tanbur", "test baked goods for freshness", "clean between toes", "hold stick", "hold bow while tieing", "tip basketball", "hold elses finger", "picking guitar", "press doorbell", "grooming another perso", "inch forward", "wipe whip cream from lip", "turn knob", "scrape off salt", "pull string", "remove chad", "add weight to scale", "pry open yoghurt top", "wipe humidity from window", "play harp", "picking banjoli", "testing if paint dry", "thousand everyday things", "pry ope", "arranging hair", "create hole in clay", "create hole in mud", "adjust volume", "soothing", "remove excess lipstick", "wipe perspiratio", "press computer keys", "dip in sauce", "control tv", "oppose thumb for many uses", "clean nostril", "stop tape recorder", "picking bissex", "pressing piano key", "twist bottle cap", "write in sand", "point at what want", "showing paying attentio", "tear open envelope", "signal have idea", "lifting out staples", "tap drum", "locate pencil under chair", "wipe spinach from tooth", "peeling off label", "start tape playing", "push in thumb tack", "measure length", "read braile", "move out of view", "pressing pins into cork board", "write on fogged mirror", "test sharpness of knife", "picking cello", "feeling condition of internal organs", "gather moisture from tongue", "tuck i", "fill hole in dike"], ["call"], ["arm to transmitting control"], [], [], ["hold things", "create pottery", "create sand castle", "form dance", "get up things", "pick things up", "play drum", "touching things", "do many things"], [], [], [], [], [], [], [], [], [], [], [], ["grab"], [], [], [], [], [], [], [], [], [], [], [], [], [], [], [], [], [], [], [], [], [], [], [], [], ["counting", "working o", "store", " artifacthold contact", " artifactspace locatio", "take orders", "exchanging goods", "place objects o", "working surface", "obtaining totals", "eating", "place to eat", "serve food", "counting disintegrations", "keeping track of things", "leaning on for support", "holding items", "tallying things", "count things", "holding things close to arm level", "help in stock taking", "counting things", "eating alone", "wiping", "exchanging money", "working whilst standing", "eating off of", "gathering of stools", "surface", "counting activity in sample", "board games", "sitting at", "marking spot", "drawing o", "storing things o", "individual seating", "put things o", "holding kitchen devices", "doing work in kitche", "bathroom", "customer convenience", "signing check", "restaurant service", "kitche", "registering numbers", "prepare meal"], [], [], [], [], [], [], [], [], [], [], [], [], [], [], [], [], [], [], [], [], [], [], [], ["speak", "expressing feeling", "whistling", "suck", "pouring", "protect", "getting in trouble", "pleasure", "expressing meaning", "place to put moustache"], [], [], [], [], [], ["painting", " artifactpaint contact", " artifact motio", "brush hair", "detangle person's hair"], []], "/r/LocatedAt": [[], [], [], [], [], [], [], [], [], [], [], [], [], [], [], [], [], [], [], [], [], [], [], [], [], [], [], [], [], [], [], [], [], [], [], [], [], [], [], [], [], [], [], [], [], [], [], [], [], [], [], [], [], [], [], [], [], [], [], [], [], [], [], [], [], [], [], [], [], [], [], [], [], [], [], [], [], []], "/r/FormOf": [["sensing", "senses", "sensed", "senseth"], ["feelin", "vfeel", "feel", "feelings"], ["feltest", "feeling", "feeled", "feels"], ["finger", "vfinger"], ["fingered", "fingering", "fingers"], ["contacts", "contacted", "contacting"], ["handed", "handest"], [], ["rubbing", "rubbed", "rubs", "rubbeth", "rubbest"], ["hand", "vhand"], ["sense", "vsense"], [], [], ["ski'd", "sky", "skis", "skiis", "skiedwikten 1", "skiing"], ["gentlest", "gentles", "gentled", "gentler", "gentling"], [], ["fived"], [], [], ["sensoric", "sensories"], [], ["uses", "us'd", "usest", "used", "using"], ["reaches", "reaching", "reached"], [], [], [], [], ["touchline"], [], [], [], [], [], ["vellicating", "vellicates", "vellicated"], ["harsher", "harshed", "harshest", "harshes", "harshing"], [], [], [], [], [], ["deflected", "deflects", "deflecting"], [], [], ["aphephobia"], [], [], ["counters", "countered", "countering"], ["thermoanaesthesia"], [], [], [], ["untouchables"], [], [], [], [], [], [], ["interosculated", "interosculating", "interosculates"], [], ["mistouched", "mistouching", "mistouches"], ["tactions"], [], [], [], [], [], [], [], [], ["lips", "lipping", "lipped", "lipo"], [], [], [], [], [], ["brushes", "brushed", "brushing"], []], "/r/IsA": [["sight", " cognitiofaculty cognitio", "seeing", "sensitivity physiology cognitio", "word meaning communication communicatio", "sense of direction cognition cognitio", "sense of responsibility cognition cognitio", " communicatiomeaning communicatio", " cognitioappreciation cognitio", "modality cognition cognitio", " cognitioawareness cognitio"], ["love", "hunger", "shame feeling ", "pleasure feeling ", " cognitiointuition cognitio", "sensitivity feeling ", "expectation feeling ", "emotio", "ingratitude feeling ", "sex feeling ", "calmness feeling ", "soul feeling ", "sympathy feeling ", "affect feeling ", "glow feeling ", "constriction cognition cognitio", "hope", "astonishment feeling ", "temper feeling ", " cognitiosomesthesia cognitio", "ambivalence feeling ", "sprachgefuhl cognition cognitio", "gratitude feeling ", "fearlessness feeling ", "levity feeling ", "liking feeling ", "sentiment feeling ", "unconcern feeling ", "pride feeling ", "hope feeling ", "pang feeling ", "emotion feeling ", "desire feeling ", "despair feeling ", "devastation feeling ", " state", "apathy feeling ", "humility feeling ", "gravity feeling ", "sadness feeling ", "thing feeling ", "dislike feeling ", "passion feeling ", "complex psychoanalysis ", "enthusiasm feeling ", "pain feeling ", "being full", "faintness feeling ", "agitation feeling ", "happiness feeling ", "affection feeling "], [" cognitioawareness cognitio", " actforeplay act"], ["limbs", "longer than toes"], [" bodydigit body", "ring finger", "middle finger", "pinkie body", "index finger", " bodyextremity body", "thumb body", "ring finger body", " artifactcovering artifact", "digit", "middle finger body", "thumb", "index body", " quantitylinear unit quantity", "forefinger", "body part"], ["laying on act", "electrical contact artifact electronics", " stateconnection state", "rub act", "tread artifact electronics", "engagement event", "collision physics event", " communicatiocommunication communicatio", "fair ball baseball act", "wiper artifact electronics", "snick act", " persorepresentative perso", "sound bow artifact electronics", " actinteraction act", "p n junction artifact electronics", "osculation mathematics state", "brush act", " eventhappening event", "touch event", "tangency state", " electronicsjunction artifact", "impact event", "placement act", " acttouch act", "distributor point artifact electronics", "short circuit artifact electronics", "terminal artifact electronics", "eye contact act", "flick event", " artifactlens artifact", "opencyccontact integrated circuitcircuit wire", "wpvideo gamevideo game", "wpnovelbook", "album"], ["minute hand artifact", " groupcollection group", "second hand artifact", "left body", " actaid act", " artifactpointer artifact", "hour hand artifact", " locatioside locatio", " cognitioside cognitio", " bodyextremity body", "poker hand group", "right body", "hooks body", " communicatioapplause communicatio", " quantityhandbreadth quantity", "fist body", " animalforepaw animal", " cognitioability cognitio", " persosailor perso", "bridge hand group", "holder", "middle pair", "human hand", "left hand", "bottom pair"], [], ["scuff act", " actcontact act"], ["body parts", " actguardianship act", "instrumental organs"], [], [], [], [" artifactrunner artifact", "water ski artifact", "opencycsnow skisports equipment", "brand of yoghourt", "opencycski board partsports equipment", "opencycsnow skiover snow transportation device"], [], ["fetter", "bronchial"], [" quantitydigit quantity", "smaller than seve", "larger than three", "cardinal number"], [], [], [], [], ["practice act", "fruition attribute law", "play act", "misuse act", "recycling act", "fair use attribute law", " lawlegal right attribute", " attributeutility attribute", "exploitation act", "application act", " actactivity act"], ["outreach act", " actmotion act"], [], [], [], [], [], [], [" stateagnosia state", "disease"], [], [], [], [], [], [], [], [], [], [], [], [], [], [], [], [], [" artifacttable artifact", " artifactcalculator artifact", "flat horizontal surface", "bar artifact", "chip artifact", " computer scienceregister science", "meat counter artifact", "reception desk artifact", " persoperson", "notions counter artifact", " artifactpiece of leather artifact", " artifactgame equipment artifact", "checkout artifact", "pulse counter artifact", "table in shop", "flat surface"], [], [], [], [], [" persooutcast perso"], [], [], [], [], [], [], [], [], [], [], [], [], [], [], [], [], [], [], ["overlip body", " botanyplant part plant", " animalmargin shape", "underlip body", " bodyexternal body part", " bodyarticulator body", "body part", "protrusio", "solid object", "upper lip", "external anatomical part", "lower lip", "smooth protuberance", "anatomical structure"], [], [], [], [" statenervous disorder state"], [], ["paintbrush artifact", "bristle brush artifact", " artifactimplement artifact", " actdental care act", "contretemps act", "toothbrush artifact", "canebrake group", "clothesbrush artifact", "sable artifact", " acthair care act", "spinney group", "nailbrush artifact", " eventtouch event", " groupvegetation plant", "brake group", " actfight act", "underbrush group", "shaving brush artifact", "hairbrush artifact", "bottlebrush artifact", " animaltail animal", " artifactelectrical device artifact", "scrub brush artifact", " actcontact act", "four treasures of study", "manual tool", "body brush", "hairbrush", "bath brush", "lint brush", "shoe brush", "bottle brush", "paint brush"], []], "/r/PartOf": [[], [], [], [], ["knuckle", "knuckle body", "pad animal body", "fingernail body", "fingertip body", " bodyhand body", " artifactglove artifact", "fingerprint", "hand", "fingertip", "nail"], [], ["body", "palm", "long suit group", "metacarpal vein body", "ball body", "palm body", "metacarpal artery body", "digital arteries body", " bodyhomo animal", " artifacttimepiece artifact", "metacarpus body", "intercapitular vein body", " bodyarm body", "arm", "finger body", "fingernail", "huma", "finger"], [], [], [], [], [], [], [], [], [], [], [], [], [], [], [], [], [], [], [], [], [], [], [], [], [], [], [], [], [], [], [], [], [], [], [], [], [], [], [], [" artifactboot artifact", "countertop artifact", " artifactshoe artifact"], [], [], [], [], [], [], [], [], [], [], [], [], [], [], [], [], [], [], [], [], [], [], [], ["labial vein body", "labial artery body", " bodymouth body"], [], [], [], [], [], [" artifactelectric motor artifact", "handle artifact", "bristle artifact", " artifactgenerator artifact"], []], "/r/HasA": [[], [], [], ["humans", "bones", "we", "fingernails", "hands", "fingernails and toes have toenails"], [], [], ["arm"], [], [], ["watches", "humans", "normal people", "postma", "relationship with computer keys", "fingers"], [], [], [], [], [], [], [], [], [], [], [], [], [], [], [], [], [], [], [], [], [], [], [], [], [], [], [], [], [], [], [], [], [], [], [], [], [], [], [], [], [], [], [], [], [], [], [], [], [], [], [], [], [], [], [], [], [], [], [], [], [], [], [], [], [], [], [], []], "/r/CapableOf": [[], [], ["only living things"], ["push buttons", "separate two slices of cheese", "touch other fingers", "press computer keys", "feel textures", "pick noses", "touch hair", "bend", "sense different textures", "do leave smudge", "do leave fingerprints", "wind clocks", "tie knots"], ["push butto", "point at", "point", "fit in nose", "pointing at object", "pointing at", "point at object", "touch mouse"], [], ["cup water", "cup breast", "cup face", "fix collar", "push door", "", "reach ass", "hold another hand", "hit person's face", "fix zipper", "do pat", "cup beautiful breast", "turn valve", "cover enough for little modesty"], [], [], ["tear paper", "turn knobs", "cup chi", "cup face", "tear piece of paper", "cup water", "articulate", "cup ball", "touch wall", "sign language", "press paper", "catch balls", "use hankerchiefs to blow nose", "soft"], [], [], [], [], [], [], [], [], [], [], [], [], [], [], [], [], [], [], [], [], [], [], [], [], [], [], [], [], [], [], [], [], [], [], [], [], ["count visitors"], [], [], [], [], [], [], [], [], [], [], [], [], [], [], [], [], [], [], [], [], [], [], [], ["above mouth"], [], [], [], [], [], [], []], "/r/AtLocation": [[], [], [], [], ["ring", "hand", "fingerprint", "fingernail", "scar", "glove", "wrinkles", "nail", "ski", "knuckle", "fingerprints", "baby poo", "wedding band", "hair", "diamond ring", "finger nail", "wart", "ring i", "wedding ring", "lady bug", "knuckels", "dirt", "nose"], [], ["finger", "pocket", "cigarette", "molecule", "briefcase", "toothbrush handle", "writing instrument", "harmonica", "opera ticket", "stylus"], [], ["table"], ["gloves", "sockpuppets", "molecule"], [], [], [], [], [], [], [], [], [], [], [], ["room", "basketball court", "studio crane", "bus"], [], [], [], [], [], [], [], [], [], [], [], [], [], [], [], [], [], [], [], [], [], [], [], [], ["kitche", "most stores", "cup", "post office", "store", "butcher shop", "factory assembly line", "auto parts store", "gym", "candy store", "diner", "mall"], [], [], [], [], [], [], [], [], [], [], [], [], [], [], [], [], [], [], [], [], [], [], [], ["mouth", "kentucky fried chicke", "ca", "jars and all faces", "huma"], [], [], [], [], [], ["hair", "garage"], []], "/r/HasProperty": [[], [], [], ["important when using sign language", "very useful", "sensitive"], [], ["touch"], [], [], [], ["very useful"], [], [], [], [], ["cats", "breezes"], ["not all objects"], ["half of te", "four plus one", "number of fingers have"], [], [], [], [], [], [], [], [], [], [], [], [], [], [], [], [], [], ["life in antarctic"], [], [], [], [], [], [], [], [], [], [], [], ["likely to hold cash register"], [], [], [], [], [], [], [], [], [], [], [], [], [], [], [], [], [], [], [], [], [], [], [], [], [], [], [], [], [], [], []], "/r/CreatedBy": [[], ["emotio"], [], [], [], [], [], [], [], [], [], [], [], [], [], [], [], [], [], [], [], [], [], [], [], [], [], [], [], [], [], [], [], [], [], [], [], [], [], [], [], [], [], [], [], [], [], [], [], [], [], [], [], [], [], [], [], [], [], [], [], [], [], [], [], [], [], [], [], [], [], [], [], [], [], [], [], []], "/r/Synonym": [["smell cognition cognitio", "smell out cognition cognitio", " cognitiocommon sense cognitio", "signified communication communicatio", "sensation cognition cognitio", "sentiency cognition cognitio", "sentience cognition cognitio", "v perceptiofeel perceptio", "sensory faculty cognition cognitio", "sight", "meaning"], [" cognitiotouch cognitio", " statespirit state", " cognitioimpression cognitio", "intuitive feeling cognition cognitio", "aura", "emotion"], ["experience emotion emotio", "sense perception perceptio", " attributetactile property attribute", "finger contact", "v cognitiofind cognitio", "v medicinepalpate medicine", " statespirit state", "take"], [], ["finger's breadth quantity", "digit quantity", "fingerbreadth quantity", "v contactfeel contact", "digit", "thumb contact", "jet bridge", "chicken finger", "vinform", "bird", "fingering", "bloke"], ["middleman person perso", "touch communication communicatio", "tangency electronics", "v contacttouch contact", "contact lens artifact", "physical contact act", " communicatioliaison communicatio", "v communicatioreach communicatio", "impinging event", "striking event", "contact lens", "wpnovelwpnovel", "", "wpvideo gamewpvideo game"], ["deal group", "helping hand act", "manus body", " persohired hand perso", " handwritinghandwriting handwriting", "v possessiopass possessio", "mitt body", "paw body", " persobridge player perso", "handle"], [], ["chafe contact", "scratch contact", "itch perception perceptio", "scratch perception perceptio", " cognitiohang up cognitio", "fret contact", "fray contact", "wipe act", "scrub", "hitch"], ["custody act", " groupwork force group"], [], [], ["tactual a ", "a haptic ", "haptic"], [], ["a aristocratical ", "v socialennoble social", "soft a ", "easy a ", "v emotiopacify emotio", "a docile ", "afriendly", "nonabrasive", "polite", "peaceable", "indulgent", "soft", "weak"], ["a forcible ", "brick and mortar", "physical examinatio"], ["a 5 ", "fivesome quantity", "little phoebe quantity", " artifactfive spot artifact", "cinque quantity", "quintet quantity", "v quantity", " groupbasketball team group", "fin quantity", "pentad quantity", "quint quantity", "quintuplet quantity", "phoebe quantity", "security service"], [], [], ["a sensational ", "a centripetal ", "sensorial a ", "asensely"], [], ["employment", "utilise consumption consumptio", "usage", "apply consumption consumptio", "employ consumption consumptio", "utilize consumption consumptio", "habituate consumption consumptio", "vutilize", " actmanipulation act", "usage act", "utilise", "enjoyment law", "utilisation act", "expend consumption consumptio", " psychologyhabit psychology", "exercise act", "vtake advantage of", "v socialpractice social", " economicsconsumption economics", "utilizatio", " attributefunction attribute", "employment act", "utilization act", "vmake use of", "vpractise", "vtreat", "vhabituate", "benefit", "tool", "vengage", "consumptio", "vexercise", "vinure", "appliance", "wear", "convenience", "practice", "treatment", "voccupy", "usefulness", "custom", "vswallow up", "vabsorb", "applicatio", "make use of", "vfamiliarize", "utilization", "vimprove", "vadminister", "vwaste"], [" locatiorange locatio", " attributescope attribute", "arrive at motion motio", "get hold of communication communicatio", "gain motion motio", " cognitiocompass cognitio", "get through communication communicatio", "v competitiostrive competitio", "reaching act", "touch stative", "v possessiopass possessio", "make motion motio", "get to motion motio", "stretch act", "hit motion motio", "contact communication communicatio", "reach out contact", "progress to motion motio", "v socialachieve social", "extend to stative", "attain motion motio"], [], [], [], [], [], [], ["tactile agnosia state", ""], [], [], [], ["v perceptiotickle perceptio", "v changepinch change"], ["abrasive a ", "a coarse ", "rough a ", "severe", "dour", "raspy", "strict", "vrough", "brittle", "abrusque", "astrict", "hard", "arigorous", "heavy handed"], [], [], [], [], [], ["v emotiodistract emotio", "v socialdebar social", "bend motion motio", "turn away motion motio", "v competitioparry competitio", "turn away"], [], [], [], [], [], ["v socialanticipate social", "tabulator artifact", " actcounterpunch act", " artifactbuffet artifact", "heel counter artifact", " communicatiorejoinder communicatio", "a antagonistic ", "ticket office", "ticket window", "measure word", "box office", "wpdigitalwpdigital"], [], [], [], [], ["a unassailable ", "a unobtainable ", "harijan person perso"], [], [], [], [], [], [], [], [], [], [], [], [], [], [], [], [], [], [], [" communicatiosass communicatio", " artifactbrim artifact", "labellum", "edge", "wpcompanywpcompany", ""], [], [], [], ["atopognosis state"], [], ["light touch event", "brushwood group", "encounter act", "coppice group", "brushing act", "sweep motion motio", "copse group", "skirmish act", "clash act", "thicket group", "paint brush", "action", "scrub", "brushwood"], []], "/r/LocatedNear": [[], [], [], [], [], [], [], [], [], [], [], [], [], [], [], [], [], [], [], [], [], [], [], [], [], [], [], [], [], [], [], [], [], [], [], [], [], [], [], [], [], [], [], [], [], [], [], [], [], [], [], [], [], [], [], [], [], [], [], [], [], [], [], [], [], [], [], [], [], [], [], [], [], [], [], [], [], []], "/r/SimilarTo": [[], ["presentiment"], [], [], ["toe"], [], [], [], [], [], [], [], ["tangible a ", "a tangible "], [], ["a mild ", "a light ", "soft a ", "kind a ", "mild a ", "light a ", "a soft ", "gradual a ", "a gradual ", "a kind "], ["a fleshly ", "a personal ", "somatic a ", "physiologic a ", "a somatic ", "a natural ", "energetic a ", "fleshly a ", "material a ", "a energetic ", "a material ", "natural a ", "personal a ", "somatogenetic a ", "a physiologic ", "a somatogenetic "], ["six"], [], [], [], [], [], [], [], [], [], [], [], [], [], [], [], [], [], ["unkind a ", "heavy a ", "disagreeable a ", "a unpleasant ", "a unkind ", "unpleasant a ", "a heavy ", "a disagreeable ", "severe"], [], [], [], [], [], [], [], [], [], [], [], [], [], [], [], [], ["invulnerable a ", "impermissible a ", "a unclean religio", "a impermissible ", "unclean religion ", "a invulnerable "], [], [], [], [], [], [], [], [], [], [], [], [], [], [], [], [], [], [], [], [], [], [], [], [], [], []], "/r/MadeOf": [[], [], [], [], [], [], ["fist"], [], [], [], [], [], [], [], [], [], [], [], [], [], [], [], [], [], [], [], [], [], [], [], [], [], [], [], [], [], [], [], [], [], [], [], [], [], [], [], [], [], [], [], [], [], [], [], [], [], [], [], [], [], [], [], [], [], [], [], [], [], [], [], [], [], [], [], [], [], [], []], "/r/ReceivesAction": [[], [], [], ["attached to hand", "attached to hands", "used when gesturing", "covered by ski"], ["inserted into holes"], [], ["found in watch"], [], [], [], [], [], [], [], [], [], [], [], [], [], [], [], [], [], [], [], [], [], [], [], [], [], [], [], [], [], [], [], [], [], [], [], [], [], [], [], [], [], [], [], [], [], [], [], [], [], [], [], [], [], [], [], [], [], [], [], [], [], [], [], ["found as part of mouth"], [], [], [], [], [], ["loaded with watercolor paint"], []]}, "/r/UsedFor": {}, "/r/LocatedAt": {}, "/r/FormOf": {"/r/RelatedTo": [[], ["brush by", "kissingwikten 1", "handsy", "taction", "contiguity", "kneesies", "touchinglyr", "contingence", "touchingness", "contiguous", "tangent", "attract", "handsies", "doraphobia", "regarding", "paw at", "concerning", "feel", "rub", "shock", "coast", "feeling", "hand", "kiss", "flexibility", "felt", "pat", "hold"], ["tetched", "moved", "haptotropic", "aphenphosmphobia", "unspoiled", "touch dry", "amoved", "humbled", "off minded", "touchable", "tenderness", "affected", "atouched in head", "felt"]], "/r/UsedFor": [[], [], []], "/r/LocatedAt": [[], [], []], "/r/FormOf": [["vtouch"], ["touch"], ["touch", "vtouch"]], "/r/IsA": [[], ["opencyctouching brieflyopencyctouching event", "butting againstopencyctouching event", "pinchopencycpinchingopencyctouching event", "exposure through eye contactopencyctouching event", "sucking onopencyctouching event", "opencyctouching handling managementtreatmentopencychandling management", "opencyctouching eventevent involving physical contact", "opencyctouching eventaction performed by animals", "exposure through skin contactopencyctouching event", "osculationopencyctouching event", "deliberately touchingopencyctouching event", "ticklingopencyctouching event", "kissingopencyckissing touching lightlyopencyctouching event"], []], "/r/PartOf": [[], [], []], "/r/HasA": [[], [], []], "/r/CapableOf": [[], [], []], "/r/AtLocation": [[], [], []], "/r/HasProperty": [[], [], []], "/r/CreatedBy": [[], [], []], "/r/Synonym": [[], [" acttouch act", " eventtouch event", "a affecting ", "about"], ["a moved p ", "fey a ", "aaffected", "aretarded"]], "/r/LocatedNear": [[], [], []], "/r/SimilarTo": [[], [], ["a insane ", "grazed a ", "insane a ", "brushed a ", "a grazed ", "a brushed "]], "/r/MadeOf": [[], [], []], "/r/ReceivesAction": [[], [], ["face", "books"]]}, "/r/IsA": {"/r/RelatedTo": [[], [], [], [], [], [], [], [], [], [], [], [], [], [], [], [], [], [], [], [], [], [], [], [], [], [], [], [], [], [], [], [], [], [], ["fu", "toy", "game", "activity", "games", "childre", "child", "actio", "act", "kids", "theater", "scene", "doll", "performance", "stage", "productio", "theatre", "character", "toys", "do", "show", "having", "having fu", "drama", "kick can", "playwright", "theatrical", "kid", "entertainment", "child activity", "fun activity", "have fu", "have", "work", "actors", "recreatio", "ball", "acts", "time", "kids do", "outdoor", "children activity", "acting", "roundabout", "laser harp", "offer light", "widdle", "premiere", "play by ear", "entr acte", "tiki taka", "workshop", "plink", "playroom", "plays", "tennis player", "flea flicker", "overdirect", "jungle gym", "interact"]], "/r/UsedFor": [[], [], [], [], [], [], [], [], [], [], [], [], [], [], [], [], [], [], [], [], [], [], [], [], [], [], [], [], [], [], [], [], [], [], ["toy car", "doll", "ball", "toy ball", "chess set", "toy marble", "jumping rope", "tickling", "album artifact creatio", "action figure", "musical instrument artifact music", "bow artifact music", "album communication creatio", "yoyo", "tennis ball"]], "/r/LocatedAt": [[], [], [], [], [], [], [], [], [], [], [], [], [], [], [], [], [], [], [], [], [], [], [], [], [], [], [], [], [], [], [], [], [], [], []], "/r/FormOf": [[], [], [], [], [], [], [], [], [], [], [], [], [], [], [], [], [], [], [], [], [], [], [], [], [], [], [], [], [], [], [], [], [], [], ["plays", "playest"]], "/r/IsA": [[], [], [], [], [], [], [], [], [], [], [], [], [], [], [], [], [], [], [], [], [], [], [], [], [], [], [], [], [], [], [], [], [], [], ["musical", " stateaction state", " actdiversion act", "teasing act", "house act", " actuse act", "folly act", "razzle dazzle act", "playlet communication drama", "word play act", " communicatioshow communicatio", "horseplay act", "musical communication communicatio", "football play american act", " dramadramatic composition communicatio", "doctor act", "flirt act", "theater of absurd communication drama", "child's way of learning", "mystery play communication drama", "miracle play communication drama", "fencing act", "morality play communication drama", "fireman act", " actplan of action cognitio", "curtain raiser communication communicatio", "knock on rugby act", "grand guignol communication drama", "passion play communication drama", "satyr play communication drama", " actaction act", "basketball play act", "power play ice hockey act", "game act"]], "/r/PartOf": [[], [], [], [], [], [], [], [], [], [], [], [], [], [], [], [], [], [], [], [], [], [], [], [], [], [], [], [], [], [], [], [], [], [], ["stage direction communication drama", "act communication drama"]], "/r/HasA": [[], [], [], [], [], [], [], [], [], [], [], [], [], [], [], [], [], [], [], [], [], [], [], [], [], [], [], [], [], [], [], [], [], [], []], "/r/CapableOf": [[], [], [], [], [], [], [], [], [], [], [], [], [], [], [], [], [], [], [], [], [], [], [], [], [], [], [], [], [], [], [], [], [], [], []], "/r/AtLocation": [[], [], [], [], [], [], [], [], [], [], [], [], [], [], [], [], [], [], [], [], [], [], [], [], [], [], [], [], [], [], [], [], [], [], ["theater", "scene", "theatre", "actors"]], "/r/HasProperty": [[], [], [], [], [], [], [], [], [], [], [], [], [], [], [], [], [], [], [], [], [], [], [], [], [], [], [], [], [], [], [], [], [], [], ["fu"]], "/r/CreatedBy": [[], [], [], [], [], [], [], [], [], [], [], [], [], [], [], [], [], [], [], [], [], [], [], [], [], [], [], [], [], [], [], [], [], [], []], "/r/Synonym": [[], [], [], [], [], [], [], [], [], [], [], [], [], [], [], [], [], [], [], [], [], [], [], [], [], [], [], [], [], [], [], [], [], [], [" gameturn game", "drama", " attributelooseness attribute", " actgambling act", "v cognitiodally cognitio", "v dramaturgyact dramaturgy", "toy body", "v bodyact body", "v performing artsact arts", "v contacttoy contact", " actbid act", "frolic act", "gambol act", "spiel creation creatio", " communicatiofun communicatio", "recreate social", " statefree rein state", " actmaneuver act", "v competitiomeet competitio", "child's play act", "dramatic play drama", "swordplay act", "v socialdally social", " eventshimmer event", "caper act", "romp act", "v competitiobet competitio", "run creation creatio", "v creatiobring creatio", " gameplaying period game", "ludic"]], "/r/LocatedNear": [[], [], [], [], [], [], [], [], [], [], [], [], [], [], [], [], [], [], [], [], [], [], [], [], [], [], [], [], [], [], [], [], [], [], []], "/r/SimilarTo": [[], [], [], [], [], [], [], [], [], [], [], [], [], [], [], [], [], [], [], [], [], [], [], [], [], [], [], [], [], [], [], [], [], [], []], "/r/MadeOf": [[], [], [], [], [], [], [], [], [], [], [], [], [], [], [], [], [], [], [], [], [], [], [], [], [], [], [], [], [], [], [], [], [], [], []], "/r/ReceivesAction": [[], [], [], [], [], [], [], [], [], [], [], [], [], [], [], [], [], [], [], [], [], [], [], [], [], [], [], [], [], [], [], [], [], [], []]}, "/r/PartOf": {"/r/RelatedTo": [[]], "/r/UsedFor": [[]], "/r/LocatedAt": [[]], "/r/FormOf": [[]], "/r/IsA": [[]], "/r/PartOf": [[]], "/r/HasA": [[]], "/r/CapableOf": [[]], "/r/AtLocation": [[]], "/r/HasProperty": [[]], "/r/CreatedBy": [[]], "/r/Synonym": [[]], "/r/LocatedNear": [[]], "/r/SimilarTo": [[]], "/r/MadeOf": [[]], "/r/ReceivesAction": [[]]}, "/r/HasA": {}, "/r/CapableOf": {}, "/r/AtLocation": {}, "/r/HasProperty": {}, "/r/CreatedBy": {}, "/r/Synonym": {"/r/RelatedTo": [[], [], [], [], [], [], [], [], [], [], [], [], [], ["touch", "call", "interface", "contactomorphism", "ghosting", "telepathize", "faying surface", "touch wood", "noncontacting", "lesbophilia", "plane", "up against", "hepatitis b", "noncontacted", "hydrogen fluoride", "lose touch", "brinelling", "wettability", "blue ball", "thigmatropism", "touchy feely", "najis", "contingent", "aquagenic", "social commerce network", "sim card", "contacts", "feral child", "manahoac", "janitoriat", "hepatitis c", "orbiform", "chemical horn", "osculation", "nanocontact", "check in", "nbc suit", "uncontacted", "fadeaway", "debounce", "it's not what you know but who", "top piece", "diquat", "meet and greet", "drop someone like bad habit", "acquaintance", "uncontactable", "juxtracrine", "friction", "taction", "buddy list", "manchineel", "get with", "autoradiographed", "transfer", "contact details", "electroglottograph", "skinship", "solitary confinement", "patient contact", "pump and dump", "primary care", "contacting", "telenergy", "tetched", "sexually transmitted disease", "acanthorrhexis", "lonely", "thigmotaxis", "intercontact", "osculatrix", "indecent assault", "bite", "anticontact", "planner", "renew acquaintances", "backswing", "scatophilia", "isolation", "blocker", "contaction", "blowout coil", "juxtacrine", "get back to", "snitch", "contactless", "contactual", "betouch", "untouched", "reach", "at home card", "poison ash", "counterface", "contacted", "soul kiss", "semiconductor heterostructure", "dutch oven", "tailstrike", "mycotoxin", "receptacle", "terminal", "qc", "jostle", "contingence", "on first name terms", "ice storm", "noncontactable", "capillarity", "noncontact", "contactee", "speed networking", "adjoining", "get at", "sodium picosulfate", "merkel cell", "sked", "photogram", "open adoption", "acculturation", "bioaccessible", "hypergolic", "precontact", "contact lens", "third rail", "social network", "in touch", "contact juggling", "mwah", "lubrication", "skin hunger", "town twinning", "multicontact", "adosculation", "munjon", "out of touch", "brushless", "recontact", "paragenesis", "myspace", "contagion", "hammer break", "vcommunicatio", "epilayer", "metal to", "contact binary", "osculate", "counter password", "hyperflex", "hear", "painstick", "wiper", "holla at", "cross bore", "contact number", "stiction", "technical foul", "non contact", "microcontact", "against", "chiasma", "rub", "lens", "dime", "eyes", "eye", "friend", "phone", "in phone", "eyesight", "kind", "kind lens", "for eyes", "address", "eyeball", "disc", "translucent disc", "translucent", "put i", "put", "purposes", "corrective", "corrective purposes", "for seeing", "seeing"], [], [], [], [], [], [], [], [], [], [], [], [], [], [], [], [], [], [], [], []], "/r/UsedFor": [[], [], [], [], [], [], [], [], [], [], [], [], [], ["call"], [], [], [], [], [], [], [], [], [], [], [], [], [], [], [], [], [], [], [], []], "/r/LocatedAt": [[], [], [], [], [], [], [], [], [], [], [], [], [], [], [], [], [], [], [], [], [], [], [], [], [], [], [], [], [], [], [], [], [], []], "/r/FormOf": [[], [], [], [], [], [], [], [], [], [], [], [], [], ["contacts", "contacted", "contacting"], [], [], [], [], [], [], [], [], [], [], [], [], [], [], [], [], [], [], [], []], "/r/IsA": [[], [], [], [], [], [], [], [], [], [], [], [], [], ["laying on act", "electrical contact artifact electronics", " stateconnection state", "rub act", "tread artifact electronics", "engagement event", "collision physics event", " communicatiocommunication communicatio", "fair ball baseball act", "wiper artifact electronics", "snick act", " persorepresentative perso", "sound bow artifact electronics", " actinteraction act", "p n junction artifact electronics", "osculation mathematics state", "brush act", " eventhappening event", "touch event", "tangency state", " electronicsjunction artifact", "impact event", "placement act", " acttouch act", "distributor point artifact electronics", "short circuit artifact electronics", "terminal artifact electronics", "eye contact act", "flick event", " artifactlens artifact", "opencyccontact integrated circuitcircuit wire", "wpvideo gamevideo game", "wpnovelbook", "album"], [], [], [], [], [], [], [], [], [], [], [], [], [], [], [], [], [], [], [], []], "/r/PartOf": [[], [], [], [], [], [], [], [], [], [], [], [], [], [], [], [], [], [], [], [], [], [], [], [], [], [], [], [], [], [], [], [], [], []], "/r/HasA": [[], [], [], [], [], [], [], [], [], [], [], [], [], [], [], [], [], [], [], [], [], [], [], [], [], [], [], [], [], [], [], [], [], []], "/r/CapableOf": [[], [], [], [], [], [], [], [], [], [], [], [], [], [], [], [], [], [], [], [], [], [], [], [], [], [], [], [], [], [], [], [], [], []], "/r/AtLocation": [[], [], [], [], [], [], [], [], [], [], [], [], [], [], [], [], [], [], [], [], [], [], [], [], [], [], [], [], [], [], [], [], [], []], "/r/HasProperty": [[], [], [], [], [], [], [], [], [], [], [], [], [], ["touch"], [], [], [], [], [], [], [], [], [], [], [], [], [], [], [], [], [], [], [], []], "/r/CreatedBy": [[], [], [], [], [], [], [], [], [], [], [], [], [], [], [], [], [], [], [], [], [], [], [], [], [], [], [], [], [], [], [], [], [], []], "/r/Synonym": [[], [], [], [], [], [], [], [], [], [], [], [], [], ["middleman person perso", "touch communication communicatio", "tangency electronics", "v contacttouch contact", "contact lens artifact", "physical contact act", " communicatioliaison communicatio", "v communicatioreach communicatio", "impinging event", "striking event", "contact lens", "wpnovelwpnovel", "", "wpvideo gamewpvideo game"], [], [], [], [], [], [], [], [], [], [], [], [], [], [], [], [], [], [], [], []], "/r/LocatedNear": [[], [], [], [], [], [], [], [], [], [], [], [], [], [], [], [], [], [], [], [], [], [], [], [], [], [], [], [], [], [], [], [], [], []], "/r/SimilarTo": [[], [], [], [], [], [], [], [], [], [], [], [], [], [], [], [], [], [], [], [], [], [], [], [], [], [], [], [], [], [], [], [], [], []], "/r/MadeOf": [[], [], [], [], [], [], [], [], [], [], [], [], [], [], [], [], [], [], [], [], [], [], [], [], [], [], [], [], [], [], [], [], [], []], "/r/ReceivesAction": [[], [], [], [], [], [], [], [], [], [], [], [], [], [], [], [], [], [], [], [], [], [], [], [], [], [], [], [], [], [], [], [], [], []]}, "/r/LocatedNear": {}, "/r/SimilarTo": {}, "/r/MadeOf": {}, "/r/ReceivesAction": {}}}, "": {"N1": {"/r/RelatedTo": ["windowdoor", "worklabor", "butchermeat", "gallomeasure", "woundgash", "punishmentcrime and", "chickelaying", "thricerthree", "informed educated ", "closed obstructed ", "transpondianrightpondia", "mystifymystery", "audiovisualsaudiovisual"], "/r/UsedFor": ["flash artifactlight physics", "string bassplaying music"], "/r/LocatedAt": [], "/r/FormOf": ["air burstsair burst", "pot belliespot belly", "cross sectionscross sectio"], "/r/IsA": ["suburb locatioresidential district locatio", "western skink animalskink animal", "inertial mass physicsmass attribute", "leading man persoactor perso", "occasion timetime time", "tree toad animalfrog animal", "petaurista animalmammal genus animal", "torch singer persosinger perso", "drop arch artifactpointed artifact", "rottenstone substancelimestone substance", "scorpionfish animalscorpaenid animal", "temporary hookup artifactconnection artifact", "acrylic fiber substanceman made substance", "dependence statestate ", "overhand pitch actpitch baseball", "american spikenard plantsubshrub plant", "hedonist persosensualist perso", "homecoming actreunion act", "aldrovanda plantdicot genus plant", "ambystomatidae animalamphibian family animal", "assist ice hockeymaneuver act", "tithe barn artifactbarn artifact", "hypsometer artifactaltimeter artifact", "papyrus communicatiodocument communicatio", "cacodyl substancegroup chemistry", "penance actsacrament act", "rule of evidence lawrule communicatio", "usherette persousher perso", "hooks bodyhand body", "bilabial communicatiolabial consonant communicatio", "kurdish communicatioiranian communicatio", "theism cognitioreligion cognitio", "aristocrat persoleader perso", "bundesbank groupcentral bank group", "skirtform of female attire", "yardarm artifactend locatio", "supreme court lawfederal group"], "/r/PartOf": ["satachristian myth", "old testament communicatiobible communicatio", "styloid process bodytemporal bone body", "voider artifactbody armor artifact", "tower of london artifactlondon locatio"], "/r/HasA": ["baywater"], "/r/CapableOf": ["blanketscover bed", "chefbone chicke", "authorswrite books"], "/r/AtLocation": ["windowhouse", "dustcarpet", "action figuretoy department", "barbershopmall", "mouselab maze"], "/r/HasProperty": [], "/r/CreatedBy": [], "/r/Synonym": ["hawaiian honeycreeper animalhoneycreeper animal", "thing cognitiomatter cognitio", "dprk locationorth korea locatio", "gas tight air ", "get into possessioget in possessio", "west persocicily isabel fairfield perso", "sapindus drumondii plantwild china tree plant", "abls communicatiobachelor of arts in library science communicatio", "homburg artifactfedora artifact", "choking coil artifactchoke artifact", "sewerage artifactsewer artifact", "fish bowl stategoldfish state", "caddy golfcaddie golf", "moray eel animalmoray animal", "family zygnemataceae animalzygnemataceae animal", "severity attributeaustereness attribute", "hors d oeuvre foodhors food", "chukka artifactchukka boot artifact", "immunise competitioimmunize competitio", "kindling pointautoignition temperature", "corruptlyr corruptedlyr ", "lazy faineant ", "copernicia prunifera plantcarnauba plant", "log z's bodysleep body", "sworn pledged ", "palestine authority grouppalestine national group", "polyodon spathula animalpaddlefish animal", "linnaea borealis americana plantamerican twinflower plant", "stylise artstylize art", "thank youthank you very much", "infirm decrepit ", "uriniferous tubule bodynephron body", "passing actpassage act", "rio nunez coffee plantrobusta plant", "experimentation cognitioexperiment cognitio", "powerful knock do a ", "lichgate artifactlychgate artifact", "take advantage socialtrespass social", "pyrethrum plantpainted daisy plant", "take turns changealternate change", "water level locatiowaterline locatio", "fuddle stateclutter state", "insisting communicatioinsistence communicatio", "vibrate perceptioresonate perceptio", "viridity attributegreen attribute", "yarn dye changeimpress change", "balaenoptera borealis animalsei whale animal", "electron orbit locatioorbit locatio", "lillie persobeatrice perso"], "/r/LocatedNear": [], "/r/SimilarTo": ["large leafed leafy ", "captious critical ", "exaggerated increased ", "effective militaryoperational military", "tasty winey ", "fast breaking news article", "second rate inferior ", "disputatious argumentative ", "private nonpublic ", "coated glazed ", "free clear "], "/r/MadeOf": [], "/r/ReceivesAction": []}, "N2": {}}}